<?xml version='1.0' encoding='UTF-8'?>
<gpx xmlns="http://www.topografix.com/GPX/1/1" version="1.1" creator="gpx-editor">
<trk><name>clasica2026_edited.gpx</name><trkseg>
<trkpt lat="-33.3992558" lon="-70.9034765"><ele>545.0</ele><time>2026-05-18T09:00:00Z</time></trkpt><trkpt lat="-33.3992679" lon="-70.9030581"><ele>543.9</ele><time>2026-05-18T09:00:02Z</time></trkpt><trkpt lat="-33.3992800" lon="-70.9026397"><ele>542.9</ele><time>2026-05-18T09:00:04Z</time></trkpt><trkpt lat="-33.3992922" lon="-70.9022212"><ele>541.8</ele><time>2026-05-18T09:00:06Z</time></trkpt><trkpt lat="-33.3993043" lon="-70.9018028"><ele>540.8</ele><time>2026-05-18T09:00:09Z</time></trkpt><trkpt lat="-33.3993164" lon="-70.9013844"><ele>539.7</ele><time>2026-05-18T09:00:11Z</time></trkpt><trkpt lat="-33.3993285" lon="-70.9009660"><ele>538.6</ele><time>2026-05-18T09:00:13Z</time></trkpt><trkpt lat="-33.3993406" lon="-70.9005475"><ele>537.6</ele><time>2026-05-18T09:00:15Z</time></trkpt><trkpt lat="-33.3993527" lon="-70.9001291"><ele>536.5</ele><time>2026-05-18T09:00:18Z</time></trkpt><trkpt lat="-33.3993649" lon="-70.8997107"><ele>535.5</ele><time>2026-05-18T09:00:20Z</time></trkpt><trkpt lat="-33.3993770" lon="-70.8992923"><ele>534.4</ele><time>2026-05-18T09:00:22Z</time></trkpt><trkpt lat="-33.3993891" lon="-70.8988738"><ele>533.4</ele><time>2026-05-18T09:00:24Z</time></trkpt><trkpt lat="-33.3994012" lon="-70.8984554"><ele>532.3</ele><time>2026-05-18T09:00:27Z</time></trkpt><trkpt lat="-33.3994133" lon="-70.8980370"><ele>531.2</ele><time>2026-05-18T09:00:29Z</time></trkpt><trkpt lat="-33.3994254" lon="-70.8976186"><ele>530.2</ele><time>2026-05-18T09:00:31Z</time></trkpt><trkpt lat="-33.3994376" lon="-70.8972001"><ele>529.1</ele><time>2026-05-18T09:00:33Z</time></trkpt><trkpt lat="-33.3994497" lon="-70.8967817"><ele>528.1</ele><time>2026-05-18T09:00:36Z</time></trkpt><trkpt lat="-33.3994618" lon="-70.8963633"><ele>527.0</ele><time>2026-05-18T09:00:38Z</time></trkpt><trkpt lat="-33.3994860" lon="-70.8956028"><ele>524.8</ele><time>2026-05-18T09:00:40Z</time></trkpt><trkpt lat="-33.3995103" lon="-70.8948423"><ele>522.6</ele><time>2026-05-18T09:00:42Z</time></trkpt><trkpt lat="-33.3995345" lon="-70.8940818"><ele>520.5</ele><time>2026-05-18T09:00:45Z</time></trkpt><trkpt lat="-33.3995587" lon="-70.8933213"><ele>518.3</ele><time>2026-05-18T09:00:47Z</time></trkpt><trkpt lat="-33.3995830" lon="-70.8925609"><ele>516.1</ele><time>2026-05-18T09:00:49Z</time></trkpt><trkpt lat="-33.3996072" lon="-70.8918004"><ele>513.9</ele><time>2026-05-18T09:00:51Z</time></trkpt><trkpt lat="-33.3996314" lon="-70.8910399"><ele>511.8</ele><time>2026-05-18T09:00:54Z</time></trkpt><trkpt lat="-33.3996557" lon="-70.8902794"><ele>509.6</ele><time>2026-05-18T09:00:56Z</time></trkpt><trkpt lat="-33.3996799" lon="-70.8895189"><ele>507.4</ele><time>2026-05-18T09:00:58Z</time></trkpt><trkpt lat="-33.3997042" lon="-70.8887584"><ele>505.2</ele><time>2026-05-18T09:01:00Z</time></trkpt><trkpt lat="-33.3997284" lon="-70.8879979"><ele>503.1</ele><time>2026-05-18T09:01:03Z</time></trkpt><trkpt lat="-33.3997526" lon="-70.8872374"><ele>500.9</ele><time>2026-05-18T09:01:05Z</time></trkpt><trkpt lat="-33.3997769" lon="-70.8864770"><ele>498.7</ele><time>2026-05-18T09:01:07Z</time></trkpt><trkpt lat="-33.3998011" lon="-70.8857165"><ele>496.5</ele><time>2026-05-18T09:01:09Z</time></trkpt><trkpt lat="-33.3998253" lon="-70.8849560"><ele>494.4</ele><time>2026-05-18T09:01:12Z</time></trkpt><trkpt lat="-33.3998496" lon="-70.8841955"><ele>492.2</ele><time>2026-05-18T09:01:14Z</time></trkpt><trkpt lat="-33.3998738" lon="-70.8834350"><ele>490.0</ele><time>2026-05-18T09:01:16Z</time></trkpt><trkpt lat="-33.3996636" lon="-70.8833927"><ele>489.8</ele><time>2026-05-18T09:01:18Z</time></trkpt><trkpt lat="-33.3994533" lon="-70.8833504"><ele>489.6</ele><time>2026-05-18T09:01:21Z</time></trkpt><trkpt lat="-33.3992431" lon="-70.8833082"><ele>489.5</ele><time>2026-05-18T09:01:23Z</time></trkpt><trkpt lat="-33.3990329" lon="-70.8832659"><ele>489.3</ele><time>2026-05-18T09:01:25Z</time></trkpt><trkpt lat="-33.3988227" lon="-70.8832236"><ele>489.1</ele><time>2026-05-18T09:01:27Z</time></trkpt><trkpt lat="-33.3986124" lon="-70.8831813"><ele>488.9</ele><time>2026-05-18T09:01:30Z</time></trkpt><trkpt lat="-33.3984022" lon="-70.8831390"><ele>488.8</ele><time>2026-05-18T09:01:32Z</time></trkpt><trkpt lat="-33.3981920" lon="-70.8830967"><ele>488.6</ele><time>2026-05-18T09:01:34Z</time></trkpt><trkpt lat="-33.3979817" lon="-70.8830545"><ele>488.4</ele><time>2026-05-18T09:01:36Z</time></trkpt><trkpt lat="-33.3977715" lon="-70.8830122"><ele>488.2</ele><time>2026-05-18T09:01:39Z</time></trkpt><trkpt lat="-33.3975613" lon="-70.8829699"><ele>488.1</ele><time>2026-05-18T09:01:41Z</time></trkpt><trkpt lat="-33.3973510" lon="-70.8829276"><ele>487.9</ele><time>2026-05-18T09:01:43Z</time></trkpt><trkpt lat="-33.3971408" lon="-70.8828853"><ele>487.7</ele><time>2026-05-18T09:01:45Z</time></trkpt><trkpt lat="-33.3969306" lon="-70.8828430"><ele>487.5</ele><time>2026-05-18T09:01:48Z</time></trkpt><trkpt lat="-33.3967204" lon="-70.8828008"><ele>487.4</ele><time>2026-05-18T09:01:50Z</time></trkpt><trkpt lat="-33.3965101" lon="-70.8827585"><ele>487.2</ele><time>2026-05-18T09:01:52Z</time></trkpt><trkpt lat="-33.3962999" lon="-70.8827162"><ele>487.0</ele><time>2026-05-18T09:01:54Z</time></trkpt><trkpt lat="-33.3962372" lon="-70.8826992"><ele>487.1</ele><time>2026-05-18T09:01:57Z</time></trkpt><trkpt lat="-33.3961745" lon="-70.8826821"><ele>487.2</ele><time>2026-05-18T09:01:59Z</time></trkpt><trkpt lat="-33.3961118" lon="-70.8826651"><ele>487.4</ele><time>2026-05-18T09:02:01Z</time></trkpt><trkpt lat="-33.3960491" lon="-70.8826480"><ele>487.5</ele><time>2026-05-18T09:02:03Z</time></trkpt><trkpt lat="-33.3959864" lon="-70.8826310"><ele>487.6</ele><time>2026-05-18T09:02:06Z</time></trkpt><trkpt lat="-33.3959237" lon="-70.8826140"><ele>487.7</ele><time>2026-05-18T09:02:08Z</time></trkpt><trkpt lat="-33.3958610" lon="-70.8825969"><ele>487.8</ele><time>2026-05-18T09:02:10Z</time></trkpt><trkpt lat="-33.3957983" lon="-70.8825799"><ele>487.9</ele><time>2026-05-18T09:02:12Z</time></trkpt><trkpt lat="-33.3957356" lon="-70.8825628"><ele>488.1</ele><time>2026-05-18T09:02:15Z</time></trkpt><trkpt lat="-33.3956729" lon="-70.8825458"><ele>488.2</ele><time>2026-05-18T09:02:17Z</time></trkpt><trkpt lat="-33.3956102" lon="-70.8825287"><ele>488.3</ele><time>2026-05-18T09:02:19Z</time></trkpt><trkpt lat="-33.3955475" lon="-70.8825117"><ele>488.4</ele><time>2026-05-18T09:02:21Z</time></trkpt><trkpt lat="-33.3954848" lon="-70.8824947"><ele>488.5</ele><time>2026-05-18T09:02:24Z</time></trkpt><trkpt lat="-33.3954221" lon="-70.8824776"><ele>488.6</ele><time>2026-05-18T09:02:26Z</time></trkpt><trkpt lat="-33.3953594" lon="-70.8824606"><ele>488.8</ele><time>2026-05-18T09:02:28Z</time></trkpt><trkpt lat="-33.3952967" lon="-70.8824435"><ele>488.9</ele><time>2026-05-18T09:02:30Z</time></trkpt><trkpt lat="-33.3952340" lon="-70.8824265"><ele>489.0</ele><time>2026-05-18T09:02:33Z</time></trkpt><trkpt lat="-33.3952034" lon="-70.8824246"><ele>489.0</ele><time>2026-05-18T09:02:35Z</time></trkpt><trkpt lat="-33.3951729" lon="-70.8824227"><ele>489.0</ele><time>2026-05-18T09:02:37Z</time></trkpt><trkpt lat="-33.3951423" lon="-70.8824208"><ele>489.0</ele><time>2026-05-18T09:02:39Z</time></trkpt><trkpt lat="-33.3951117" lon="-70.8824189"><ele>489.0</ele><time>2026-05-18T09:02:42Z</time></trkpt><trkpt lat="-33.3950812" lon="-70.8824170"><ele>489.0</ele><time>2026-05-18T09:02:44Z</time></trkpt><trkpt lat="-33.3950506" lon="-70.8824151"><ele>489.0</ele><time>2026-05-18T09:02:46Z</time></trkpt><trkpt lat="-33.3950200" lon="-70.8824132"><ele>489.0</ele><time>2026-05-18T09:02:48Z</time></trkpt><trkpt lat="-33.3949895" lon="-70.8824113"><ele>489.0</ele><time>2026-05-18T09:02:51Z</time></trkpt><trkpt lat="-33.3949589" lon="-70.8824095"><ele>489.0</ele><time>2026-05-18T09:02:53Z</time></trkpt><trkpt lat="-33.3949284" lon="-70.8824076"><ele>489.0</ele><time>2026-05-18T09:02:55Z</time></trkpt><trkpt lat="-33.3948978" lon="-70.8824057"><ele>489.0</ele><time>2026-05-18T09:02:57Z</time></trkpt><trkpt lat="-33.3948672" lon="-70.8824038"><ele>489.0</ele><time>2026-05-18T09:03:00Z</time></trkpt><trkpt lat="-33.3948367" lon="-70.8824019"><ele>489.0</ele><time>2026-05-18T09:03:02Z</time></trkpt><trkpt lat="-33.3948061" lon="-70.8824000"><ele>489.0</ele><time>2026-05-18T09:03:04Z</time></trkpt><trkpt lat="-33.3947755" lon="-70.8823981"><ele>489.0</ele><time>2026-05-18T09:03:06Z</time></trkpt><trkpt lat="-33.3947450" lon="-70.8823962"><ele>489.0</ele><time>2026-05-18T09:03:09Z</time></trkpt><trkpt lat="-33.3947144" lon="-70.8823943"><ele>489.0</ele><time>2026-05-18T09:03:11Z</time></trkpt><trkpt lat="-33.3945858" lon="-70.8824177"><ele>489.1</ele><time>2026-05-18T09:03:13Z</time></trkpt><trkpt lat="-33.3944573" lon="-70.8824410"><ele>489.1</ele><time>2026-05-18T09:03:15Z</time></trkpt><trkpt lat="-33.3943287" lon="-70.8824644"><ele>489.2</ele><time>2026-05-18T09:03:18Z</time></trkpt><trkpt lat="-33.3942001" lon="-70.8824877"><ele>489.2</ele><time>2026-05-18T09:03:20Z</time></trkpt><trkpt lat="-33.3940716" lon="-70.8825111"><ele>489.3</ele><time>2026-05-18T09:03:22Z</time></trkpt><trkpt lat="-33.3939430" lon="-70.8825344"><ele>489.4</ele><time>2026-05-18T09:03:24Z</time></trkpt><trkpt lat="-33.3938144" lon="-70.8825578"><ele>489.4</ele><time>2026-05-18T09:03:27Z</time></trkpt><trkpt lat="-33.3936859" lon="-70.8825811"><ele>489.5</ele><time>2026-05-18T09:03:29Z</time></trkpt><trkpt lat="-33.3935573" lon="-70.8826045"><ele>489.5</ele><time>2026-05-18T09:03:31Z</time></trkpt><trkpt lat="-33.3934288" lon="-70.8826278"><ele>489.6</ele><time>2026-05-18T09:03:33Z</time></trkpt><trkpt lat="-33.3933002" lon="-70.8826512"><ele>489.6</ele><time>2026-05-18T09:03:36Z</time></trkpt><trkpt lat="-33.3931716" lon="-70.8826745"><ele>489.7</ele><time>2026-05-18T09:03:38Z</time></trkpt><trkpt lat="-33.3930431" lon="-70.8826979"><ele>489.8</ele><time>2026-05-18T09:03:40Z</time></trkpt><trkpt lat="-33.3929145" lon="-70.8827212"><ele>489.8</ele><time>2026-05-18T09:03:42Z</time></trkpt><trkpt lat="-33.3927859" lon="-70.8827446"><ele>489.9</ele><time>2026-05-18T09:03:45Z</time></trkpt><trkpt lat="-33.3926574" lon="-70.8827679"><ele>489.9</ele><time>2026-05-18T09:03:47Z</time></trkpt><trkpt lat="-33.3925288" lon="-70.8827913"><ele>490.0</ele><time>2026-05-18T09:03:49Z</time></trkpt><trkpt lat="-33.3922985" lon="-70.8828405"><ele>489.9</ele><time>2026-05-18T09:03:51Z</time></trkpt><trkpt lat="-33.3920683" lon="-70.8828897"><ele>489.9</ele><time>2026-05-18T09:03:54Z</time></trkpt><trkpt lat="-33.3918380" lon="-70.8829390"><ele>489.8</ele><time>2026-05-18T09:03:56Z</time></trkpt><trkpt lat="-33.3916077" lon="-70.8829882"><ele>489.8</ele><time>2026-05-18T09:03:58Z</time></trkpt><trkpt lat="-33.3913774" lon="-70.8830374"><ele>489.7</ele><time>2026-05-18T09:04:00Z</time></trkpt><trkpt lat="-33.3911472" lon="-70.8830866"><ele>489.6</ele><time>2026-05-18T09:04:03Z</time></trkpt><trkpt lat="-33.3909169" lon="-70.8831359"><ele>489.6</ele><time>2026-05-18T09:04:05Z</time></trkpt><trkpt lat="-33.3906866" lon="-70.8831851"><ele>489.5</ele><time>2026-05-18T09:04:07Z</time></trkpt><trkpt lat="-33.3904564" lon="-70.8832343"><ele>489.5</ele><time>2026-05-18T09:04:09Z</time></trkpt><trkpt lat="-33.3902261" lon="-70.8832835"><ele>489.4</ele><time>2026-05-18T09:04:12Z</time></trkpt><trkpt lat="-33.3899958" lon="-70.8833328"><ele>489.4</ele><time>2026-05-18T09:04:14Z</time></trkpt><trkpt lat="-33.3897656" lon="-70.8833820"><ele>489.3</ele><time>2026-05-18T09:04:16Z</time></trkpt><trkpt lat="-33.3895353" lon="-70.8834312"><ele>489.2</ele><time>2026-05-18T09:04:18Z</time></trkpt><trkpt lat="-33.3893050" lon="-70.8834804"><ele>489.2</ele><time>2026-05-18T09:04:21Z</time></trkpt><trkpt lat="-33.3890747" lon="-70.8835297"><ele>489.1</ele><time>2026-05-18T09:04:23Z</time></trkpt><trkpt lat="-33.3888445" lon="-70.8835789"><ele>489.1</ele><time>2026-05-18T09:04:25Z</time></trkpt><trkpt lat="-33.3886142" lon="-70.8836281"><ele>489.0</ele><time>2026-05-18T09:04:27Z</time></trkpt><trkpt lat="-33.3883349" lon="-70.8828979"><ele>488.2</ele><time>2026-05-18T09:04:30Z</time></trkpt><trkpt lat="-33.3880556" lon="-70.8821677"><ele>487.4</ele><time>2026-05-18T09:04:32Z</time></trkpt><trkpt lat="-33.3877763" lon="-70.8814375"><ele>486.5</ele><time>2026-05-18T09:04:34Z</time></trkpt><trkpt lat="-33.3874970" lon="-70.8807073"><ele>485.7</ele><time>2026-05-18T09:04:36Z</time></trkpt><trkpt lat="-33.3872177" lon="-70.8799772"><ele>484.9</ele><time>2026-05-18T09:04:39Z</time></trkpt><trkpt lat="-33.3869384" lon="-70.8792470"><ele>484.1</ele><time>2026-05-18T09:04:41Z</time></trkpt><trkpt lat="-33.3866591" lon="-70.8785168"><ele>483.2</ele><time>2026-05-18T09:04:43Z</time></trkpt><trkpt lat="-33.3863798" lon="-70.8777866"><ele>482.4</ele><time>2026-05-18T09:04:45Z</time></trkpt><trkpt lat="-33.3861006" lon="-70.8770564"><ele>481.6</ele><time>2026-05-18T09:04:48Z</time></trkpt><trkpt lat="-33.3858213" lon="-70.8763262"><ele>480.8</ele><time>2026-05-18T09:04:50Z</time></trkpt><trkpt lat="-33.3855420" lon="-70.8755960"><ele>479.9</ele><time>2026-05-18T09:04:52Z</time></trkpt><trkpt lat="-33.3852627" lon="-70.8748658"><ele>479.1</ele><time>2026-05-18T09:04:54Z</time></trkpt><trkpt lat="-33.3849834" lon="-70.8741357"><ele>478.3</ele><time>2026-05-18T09:04:57Z</time></trkpt><trkpt lat="-33.3847041" lon="-70.8734055"><ele>477.5</ele><time>2026-05-18T09:04:59Z</time></trkpt><trkpt lat="-33.3844248" lon="-70.8726753"><ele>476.6</ele><time>2026-05-18T09:05:01Z</time></trkpt><trkpt lat="-33.3841455" lon="-70.8719451"><ele>475.8</ele><time>2026-05-18T09:05:03Z</time></trkpt><trkpt lat="-33.3838662" lon="-70.8712149"><ele>475.0</ele><time>2026-05-18T09:05:06Z</time></trkpt><trkpt lat="-33.3838625" lon="-70.8711941"><ele>475.0</ele><time>2026-05-18T09:05:08Z</time></trkpt><trkpt lat="-33.3838588" lon="-70.8711732"><ele>475.0</ele><time>2026-05-18T09:05:10Z</time></trkpt><trkpt lat="-33.3838551" lon="-70.8711524"><ele>475.0</ele><time>2026-05-18T09:05:12Z</time></trkpt><trkpt lat="-33.3838514" lon="-70.8711316"><ele>475.0</ele><time>2026-05-18T09:05:15Z</time></trkpt><trkpt lat="-33.3838478" lon="-70.8711108"><ele>475.0</ele><time>2026-05-18T09:05:17Z</time></trkpt><trkpt lat="-33.3838441" lon="-70.8710899"><ele>475.0</ele><time>2026-05-18T09:05:19Z</time></trkpt><trkpt lat="-33.3838404" lon="-70.8710691"><ele>475.0</ele><time>2026-05-18T09:05:21Z</time></trkpt><trkpt lat="-33.3838367" lon="-70.8710483"><ele>475.0</ele><time>2026-05-18T09:05:24Z</time></trkpt><trkpt lat="-33.3838330" lon="-70.8710274"><ele>475.0</ele><time>2026-05-18T09:05:26Z</time></trkpt><trkpt lat="-33.3838293" lon="-70.8710066"><ele>475.0</ele><time>2026-05-18T09:05:28Z</time></trkpt><trkpt lat="-33.3838256" lon="-70.8709858"><ele>475.0</ele><time>2026-05-18T09:05:30Z</time></trkpt><trkpt lat="-33.3838219" lon="-70.8709649"><ele>475.0</ele><time>2026-05-18T09:05:33Z</time></trkpt><trkpt lat="-33.3838183" lon="-70.8709441"><ele>475.0</ele><time>2026-05-18T09:05:35Z</time></trkpt><trkpt lat="-33.3838146" lon="-70.8709233"><ele>475.0</ele><time>2026-05-18T09:05:37Z</time></trkpt><trkpt lat="-33.3838109" lon="-70.8709025"><ele>475.0</ele><time>2026-05-18T09:05:39Z</time></trkpt><trkpt lat="-33.3838072" lon="-70.8708816"><ele>475.0</ele><time>2026-05-18T09:05:42Z</time></trkpt><trkpt lat="-33.3838035" lon="-70.8708608"><ele>475.0</ele><time>2026-05-18T09:05:44Z</time></trkpt><trkpt lat="-33.3838104" lon="-70.8708311"><ele>474.8</ele><time>2026-05-18T09:05:46Z</time></trkpt><trkpt lat="-33.3838172" lon="-70.8708015"><ele>474.5</ele><time>2026-05-18T09:05:48Z</time></trkpt><trkpt lat="-33.3838241" lon="-70.8707718"><ele>474.3</ele><time>2026-05-18T09:05:51Z</time></trkpt><trkpt lat="-33.3838309" lon="-70.8707422"><ele>474.1</ele><time>2026-05-18T09:05:53Z</time></trkpt><trkpt lat="-33.3838378" lon="-70.8707125"><ele>473.8</ele><time>2026-05-18T09:05:55Z</time></trkpt><trkpt lat="-33.3838446" lon="-70.8706828"><ele>473.6</ele><time>2026-05-18T09:05:57Z</time></trkpt><trkpt lat="-33.3838515" lon="-70.8706532"><ele>473.4</ele><time>2026-05-18T09:06:00Z</time></trkpt><trkpt lat="-33.3838583" lon="-70.8706235"><ele>473.1</ele><time>2026-05-18T09:06:02Z</time></trkpt><trkpt lat="-33.3838652" lon="-70.8705939"><ele>472.9</ele><time>2026-05-18T09:06:04Z</time></trkpt><trkpt lat="-33.3838720" lon="-70.8705642"><ele>472.6</ele><time>2026-05-18T09:06:06Z</time></trkpt><trkpt lat="-33.3838789" lon="-70.8705346"><ele>472.4</ele><time>2026-05-18T09:06:09Z</time></trkpt><trkpt lat="-33.3838857" lon="-70.8705049"><ele>472.2</ele><time>2026-05-18T09:06:11Z</time></trkpt><trkpt lat="-33.3838926" lon="-70.8704752"><ele>471.9</ele><time>2026-05-18T09:06:13Z</time></trkpt><trkpt lat="-33.3838994" lon="-70.8704456"><ele>471.7</ele><time>2026-05-18T09:06:15Z</time></trkpt><trkpt lat="-33.3839063" lon="-70.8704159"><ele>471.5</ele><time>2026-05-18T09:06:18Z</time></trkpt><trkpt lat="-33.3839131" lon="-70.8703863"><ele>471.2</ele><time>2026-05-18T09:06:20Z</time></trkpt><trkpt lat="-33.3839200" lon="-70.8703566"><ele>471.0</ele><time>2026-05-18T09:06:22Z</time></trkpt><trkpt lat="-33.3840243" lon="-70.8699476"><ele>471.1</ele><time>2026-05-18T09:06:24Z</time></trkpt><trkpt lat="-33.3841287" lon="-70.8695387"><ele>471.1</ele><time>2026-05-18T09:06:27Z</time></trkpt><trkpt lat="-33.3842330" lon="-70.8691297"><ele>471.2</ele><time>2026-05-18T09:06:29Z</time></trkpt><trkpt lat="-33.3843374" lon="-70.8687208"><ele>471.2</ele><time>2026-05-18T09:06:31Z</time></trkpt><trkpt lat="-33.3844417" lon="-70.8683118"><ele>471.3</ele><time>2026-05-18T09:06:33Z</time></trkpt><trkpt lat="-33.3845460" lon="-70.8679028"><ele>471.4</ele><time>2026-05-18T09:06:36Z</time></trkpt><trkpt lat="-33.3846504" lon="-70.8674939"><ele>471.4</ele><time>2026-05-18T09:06:38Z</time></trkpt><trkpt lat="-33.3847547" lon="-70.8670849"><ele>471.5</ele><time>2026-05-18T09:06:40Z</time></trkpt><trkpt lat="-33.3848591" lon="-70.8666760"><ele>471.5</ele><time>2026-05-18T09:06:43Z</time></trkpt><trkpt lat="-33.3849634" lon="-70.8662670"><ele>471.6</ele><time>2026-05-18T09:06:45Z</time></trkpt><trkpt lat="-33.3850678" lon="-70.8658581"><ele>471.6</ele><time>2026-05-18T09:06:47Z</time></trkpt><trkpt lat="-33.3851721" lon="-70.8654491"><ele>471.7</ele><time>2026-05-18T09:06:49Z</time></trkpt><trkpt lat="-33.3852764" lon="-70.8650401"><ele>471.8</ele><time>2026-05-18T09:06:52Z</time></trkpt><trkpt lat="-33.3853808" lon="-70.8646312"><ele>471.8</ele><time>2026-05-18T09:06:54Z</time></trkpt><trkpt lat="-33.3854851" lon="-70.8642222"><ele>471.9</ele><time>2026-05-18T09:06:56Z</time></trkpt><trkpt lat="-33.3855895" lon="-70.8638133"><ele>471.9</ele><time>2026-05-18T09:06:58Z</time></trkpt><trkpt lat="-33.3856938" lon="-70.8634043"><ele>472.0</ele><time>2026-05-18T09:07:01Z</time></trkpt><trkpt lat="-33.3860068" lon="-70.8625050"><ele>472.1</ele><time>2026-05-18T09:07:03Z</time></trkpt><trkpt lat="-33.3863198" lon="-70.8616056"><ele>472.1</ele><time>2026-05-18T09:07:05Z</time></trkpt><trkpt lat="-33.3866328" lon="-70.8607063"><ele>472.2</ele><time>2026-05-18T09:07:07Z</time></trkpt><trkpt lat="-33.3869458" lon="-70.8598070"><ele>472.2</ele><time>2026-05-18T09:07:10Z</time></trkpt><trkpt lat="-33.3872588" lon="-70.8589077"><ele>472.3</ele><time>2026-05-18T09:07:12Z</time></trkpt><trkpt lat="-33.3875718" lon="-70.8580083"><ele>472.4</ele><time>2026-05-18T09:07:14Z</time></trkpt><trkpt lat="-33.3878848" lon="-70.8571090"><ele>472.4</ele><time>2026-05-18T09:07:16Z</time></trkpt><trkpt lat="-33.3881978" lon="-70.8562097"><ele>472.5</ele><time>2026-05-18T09:07:19Z</time></trkpt><trkpt lat="-33.3885109" lon="-70.8553103"><ele>472.5</ele><time>2026-05-18T09:07:21Z</time></trkpt><trkpt lat="-33.3888239" lon="-70.8544110"><ele>472.6</ele><time>2026-05-18T09:07:23Z</time></trkpt><trkpt lat="-33.3891369" lon="-70.8535117"><ele>472.6</ele><time>2026-05-18T09:07:25Z</time></trkpt><trkpt lat="-33.3894499" lon="-70.8526123"><ele>472.7</ele><time>2026-05-18T09:07:28Z</time></trkpt><trkpt lat="-33.3897629" lon="-70.8517130"><ele>472.8</ele><time>2026-05-18T09:07:30Z</time></trkpt><trkpt lat="-33.3900759" lon="-70.8508137"><ele>472.8</ele><time>2026-05-18T09:07:32Z</time></trkpt><trkpt lat="-33.3903889" lon="-70.8499144"><ele>472.9</ele><time>2026-05-18T09:07:34Z</time></trkpt><trkpt lat="-33.3907019" lon="-70.8490150"><ele>472.9</ele><time>2026-05-18T09:07:37Z</time></trkpt><trkpt lat="-33.3910149" lon="-70.8481157"><ele>473.0</ele><time>2026-05-18T09:07:39Z</time></trkpt><trkpt lat="-33.3913869" lon="-70.8483593"><ele>472.9</ele><time>2026-05-18T09:07:41Z</time></trkpt><trkpt lat="-33.3917589" lon="-70.8486029"><ele>472.9</ele><time>2026-05-18T09:07:43Z</time></trkpt><trkpt lat="-33.3921309" lon="-70.8488465"><ele>472.8</ele><time>2026-05-18T09:07:46Z</time></trkpt><trkpt lat="-33.3925029" lon="-70.8490901"><ele>472.8</ele><time>2026-05-18T09:07:48Z</time></trkpt><trkpt lat="-33.3928749" lon="-70.8493337"><ele>472.7</ele><time>2026-05-18T09:07:50Z</time></trkpt><trkpt lat="-33.3932469" lon="-70.8495773"><ele>472.6</ele><time>2026-05-18T09:07:52Z</time></trkpt><trkpt lat="-33.3936189" lon="-70.8498209"><ele>472.6</ele><time>2026-05-18T09:07:55Z</time></trkpt><trkpt lat="-33.3939909" lon="-70.8500645"><ele>472.5</ele><time>2026-05-18T09:07:57Z</time></trkpt><trkpt lat="-33.3943629" lon="-70.8503082"><ele>472.5</ele><time>2026-05-18T09:07:59Z</time></trkpt><trkpt lat="-33.3947349" lon="-70.8505518"><ele>472.4</ele><time>2026-05-18T09:08:01Z</time></trkpt><trkpt lat="-33.3951069" lon="-70.8507954"><ele>472.4</ele><time>2026-05-18T09:08:04Z</time></trkpt><trkpt lat="-33.3954789" lon="-70.8510390"><ele>472.3</ele><time>2026-05-18T09:08:06Z</time></trkpt><trkpt lat="-33.3958509" lon="-70.8512826"><ele>472.2</ele><time>2026-05-18T09:08:08Z</time></trkpt><trkpt lat="-33.3962229" lon="-70.8515262"><ele>472.2</ele><time>2026-05-18T09:08:10Z</time></trkpt><trkpt lat="-33.3965949" lon="-70.8517698"><ele>472.1</ele><time>2026-05-18T09:08:13Z</time></trkpt><trkpt lat="-33.3969669" lon="-70.8520134"><ele>472.1</ele><time>2026-05-18T09:08:15Z</time></trkpt><trkpt lat="-33.3973389" lon="-70.8522570"><ele>472.0</ele><time>2026-05-18T09:08:17Z</time></trkpt><trkpt lat="-33.3973800" lon="-70.8522734"><ele>472.0</ele><time>2026-05-18T09:08:19Z</time></trkpt><trkpt lat="-33.3974211" lon="-70.8522898"><ele>472.0</ele><time>2026-05-18T09:08:22Z</time></trkpt><trkpt lat="-33.3974622" lon="-70.8523062"><ele>472.0</ele><time>2026-05-18T09:08:24Z</time></trkpt><trkpt lat="-33.3975033" lon="-70.8523226"><ele>472.0</ele><time>2026-05-18T09:08:26Z</time></trkpt><trkpt lat="-33.3975444" lon="-70.8523391"><ele>472.0</ele><time>2026-05-18T09:08:28Z</time></trkpt><trkpt lat="-33.3975855" lon="-70.8523555"><ele>472.0</ele><time>2026-05-18T09:08:31Z</time></trkpt><trkpt lat="-33.3976266" lon="-70.8523719"><ele>472.0</ele><time>2026-05-18T09:08:33Z</time></trkpt><trkpt lat="-33.3976677" lon="-70.8523883"><ele>472.0</ele><time>2026-05-18T09:08:35Z</time></trkpt><trkpt lat="-33.3977088" lon="-70.8524047"><ele>472.0</ele><time>2026-05-18T09:08:37Z</time></trkpt><trkpt lat="-33.3977499" lon="-70.8524211"><ele>472.0</ele><time>2026-05-18T09:08:40Z</time></trkpt><trkpt lat="-33.3977910" lon="-70.8524375"><ele>472.0</ele><time>2026-05-18T09:08:42Z</time></trkpt><trkpt lat="-33.3978321" lon="-70.8524539"><ele>472.0</ele><time>2026-05-18T09:08:44Z</time></trkpt><trkpt lat="-33.3978732" lon="-70.8524704"><ele>472.0</ele><time>2026-05-18T09:08:46Z</time></trkpt><trkpt lat="-33.3979143" lon="-70.8524868"><ele>472.0</ele><time>2026-05-18T09:08:49Z</time></trkpt><trkpt lat="-33.3979554" lon="-70.8525032"><ele>472.0</ele><time>2026-05-18T09:08:51Z</time></trkpt><trkpt lat="-33.3979965" lon="-70.8525196"><ele>472.0</ele><time>2026-05-18T09:08:53Z</time></trkpt><trkpt lat="-33.3980376" lon="-70.8525360"><ele>472.0</ele><time>2026-05-18T09:08:55Z</time></trkpt><trkpt lat="-33.3980608" lon="-70.8525417"><ele>472.0</ele><time>2026-05-18T09:08:58Z</time></trkpt><trkpt lat="-33.3980840" lon="-70.8525474"><ele>472.0</ele><time>2026-05-18T09:09:00Z</time></trkpt><trkpt lat="-33.3981071" lon="-70.8525530"><ele>472.0</ele><time>2026-05-18T09:09:02Z</time></trkpt><trkpt lat="-33.3981303" lon="-70.8525587"><ele>472.0</ele><time>2026-05-18T09:09:04Z</time></trkpt><trkpt lat="-33.3981535" lon="-70.8525644"><ele>472.0</ele><time>2026-05-18T09:09:07Z</time></trkpt><trkpt lat="-33.3981767" lon="-70.8525701"><ele>472.0</ele><time>2026-05-18T09:09:09Z</time></trkpt><trkpt lat="-33.3981999" lon="-70.8525757"><ele>472.0</ele><time>2026-05-18T09:09:11Z</time></trkpt><trkpt lat="-33.3982231" lon="-70.8525814"><ele>472.0</ele><time>2026-05-18T09:09:13Z</time></trkpt><trkpt lat="-33.3982462" lon="-70.8525871"><ele>472.0</ele><time>2026-05-18T09:09:16Z</time></trkpt><trkpt lat="-33.3982694" lon="-70.8525928"><ele>472.0</ele><time>2026-05-18T09:09:18Z</time></trkpt><trkpt lat="-33.3982926" lon="-70.8525984"><ele>472.0</ele><time>2026-05-18T09:09:20Z</time></trkpt><trkpt lat="-33.3983158" lon="-70.8526041"><ele>472.0</ele><time>2026-05-18T09:09:22Z</time></trkpt><trkpt lat="-33.3983390" lon="-70.8526098"><ele>472.0</ele><time>2026-05-18T09:09:25Z</time></trkpt><trkpt lat="-33.3983622" lon="-70.8526155"><ele>472.0</ele><time>2026-05-18T09:09:27Z</time></trkpt><trkpt lat="-33.3983853" lon="-70.8526211"><ele>472.0</ele><time>2026-05-18T09:09:29Z</time></trkpt><trkpt lat="-33.3984085" lon="-70.8526268"><ele>472.0</ele><time>2026-05-18T09:09:31Z</time></trkpt><trkpt lat="-33.3984317" lon="-70.8526325"><ele>472.0</ele><time>2026-05-18T09:09:34Z</time></trkpt><trkpt lat="-33.3984712" lon="-70.8526350"><ele>472.0</ele><time>2026-05-18T09:09:36Z</time></trkpt><trkpt lat="-33.3985107" lon="-70.8526375"><ele>472.0</ele><time>2026-05-18T09:09:38Z</time></trkpt><trkpt lat="-33.3985503" lon="-70.8526401"><ele>472.0</ele><time>2026-05-18T09:09:40Z</time></trkpt><trkpt lat="-33.3985898" lon="-70.8526426"><ele>472.0</ele><time>2026-05-18T09:09:43Z</time></trkpt><trkpt lat="-33.3986293" lon="-70.8526451"><ele>472.0</ele><time>2026-05-18T09:09:45Z</time></trkpt><trkpt lat="-33.3986688" lon="-70.8526476"><ele>472.0</ele><time>2026-05-18T09:09:47Z</time></trkpt><trkpt lat="-33.3987083" lon="-70.8526502"><ele>472.0</ele><time>2026-05-18T09:09:49Z</time></trkpt><trkpt lat="-33.3987478" lon="-70.8526527"><ele>472.0</ele><time>2026-05-18T09:09:52Z</time></trkpt><trkpt lat="-33.3987874" lon="-70.8526552"><ele>472.0</ele><time>2026-05-18T09:09:54Z</time></trkpt><trkpt lat="-33.3988269" lon="-70.8526577"><ele>472.0</ele><time>2026-05-18T09:09:56Z</time></trkpt><trkpt lat="-33.3988664" lon="-70.8526603"><ele>472.0</ele><time>2026-05-18T09:09:58Z</time></trkpt><trkpt lat="-33.3989059" lon="-70.8526628"><ele>472.0</ele><time>2026-05-18T09:10:01Z</time></trkpt><trkpt lat="-33.3989454" lon="-70.8526653"><ele>472.0</ele><time>2026-05-18T09:10:03Z</time></trkpt><trkpt lat="-33.3989849" lon="-70.8526678"><ele>472.0</ele><time>2026-05-18T09:10:05Z</time></trkpt><trkpt lat="-33.3990245" lon="-70.8526704"><ele>472.0</ele><time>2026-05-18T09:10:07Z</time></trkpt><trkpt lat="-33.3990640" lon="-70.8526729"><ele>472.0</ele><time>2026-05-18T09:10:10Z</time></trkpt><trkpt lat="-33.3991035" lon="-70.8526754"><ele>472.0</ele><time>2026-05-18T09:10:12Z</time></trkpt><trkpt lat="-33.3991509" lon="-70.8526666"><ele>472.0</ele><time>2026-05-18T09:10:14Z</time></trkpt><trkpt lat="-33.3991983" lon="-70.8526577"><ele>472.0</ele><time>2026-05-18T09:10:16Z</time></trkpt><trkpt lat="-33.3992458" lon="-70.8526489"><ele>472.0</ele><time>2026-05-18T09:10:19Z</time></trkpt><trkpt lat="-33.3992932" lon="-70.8526401"><ele>472.0</ele><time>2026-05-18T09:10:21Z</time></trkpt><trkpt lat="-33.3993406" lon="-70.8526312"><ele>472.0</ele><time>2026-05-18T09:10:23Z</time></trkpt><trkpt lat="-33.3993880" lon="-70.8526224"><ele>472.0</ele><time>2026-05-18T09:10:25Z</time></trkpt><trkpt lat="-33.3994354" lon="-70.8526136"><ele>472.0</ele><time>2026-05-18T09:10:28Z</time></trkpt><trkpt lat="-33.3994828" lon="-70.8526047"><ele>472.0</ele><time>2026-05-18T09:10:30Z</time></trkpt><trkpt lat="-33.3995303" lon="-70.8525959"><ele>472.0</ele><time>2026-05-18T09:10:32Z</time></trkpt><trkpt lat="-33.3995777" lon="-70.8525870"><ele>472.0</ele><time>2026-05-18T09:10:34Z</time></trkpt><trkpt lat="-33.3996251" lon="-70.8525782"><ele>472.0</ele><time>2026-05-18T09:10:37Z</time></trkpt><trkpt lat="-33.3996725" lon="-70.8525694"><ele>472.0</ele><time>2026-05-18T09:10:39Z</time></trkpt><trkpt lat="-33.3997199" lon="-70.8525605"><ele>472.0</ele><time>2026-05-18T09:10:41Z</time></trkpt><trkpt lat="-33.3997673" lon="-70.8525517"><ele>472.0</ele><time>2026-05-18T09:10:43Z</time></trkpt><trkpt lat="-33.3998148" lon="-70.8525429"><ele>472.0</ele><time>2026-05-18T09:10:46Z</time></trkpt><trkpt lat="-33.3998622" lon="-70.8525340"><ele>472.0</ele><time>2026-05-18T09:10:48Z</time></trkpt><trkpt lat="-33.3999096" lon="-70.8525252"><ele>472.0</ele><time>2026-05-18T09:10:50Z</time></trkpt><trkpt lat="-33.3999939" lon="-70.8525075"><ele>472.0</ele><time>2026-05-18T09:10:52Z</time></trkpt><trkpt lat="-33.4000782" lon="-70.8524899"><ele>472.0</ele><time>2026-05-18T09:10:55Z</time></trkpt><trkpt lat="-33.4001625" lon="-70.8524722"><ele>472.0</ele><time>2026-05-18T09:10:57Z</time></trkpt><trkpt lat="-33.4002468" lon="-70.8524545"><ele>472.0</ele><time>2026-05-18T09:10:59Z</time></trkpt><trkpt lat="-33.4003311" lon="-70.8524368"><ele>472.0</ele><time>2026-05-18T09:11:01Z</time></trkpt><trkpt lat="-33.4004154" lon="-70.8524192"><ele>472.0</ele><time>2026-05-18T09:11:04Z</time></trkpt><trkpt lat="-33.4004997" lon="-70.8524015"><ele>472.0</ele><time>2026-05-18T09:11:06Z</time></trkpt><trkpt lat="-33.4005840" lon="-70.8523838"><ele>472.0</ele><time>2026-05-18T09:11:08Z</time></trkpt><trkpt lat="-33.4006683" lon="-70.8523662"><ele>472.0</ele><time>2026-05-18T09:11:10Z</time></trkpt><trkpt lat="-33.4007526" lon="-70.8523485"><ele>472.0</ele><time>2026-05-18T09:11:13Z</time></trkpt><trkpt lat="-33.4008369" lon="-70.8523308"><ele>472.0</ele><time>2026-05-18T09:11:15Z</time></trkpt><trkpt lat="-33.4009212" lon="-70.8523132"><ele>472.0</ele><time>2026-05-18T09:11:17Z</time></trkpt><trkpt lat="-33.4010055" lon="-70.8522955"><ele>472.0</ele><time>2026-05-18T09:11:19Z</time></trkpt><trkpt lat="-33.4010898" lon="-70.8522778"><ele>472.0</ele><time>2026-05-18T09:11:22Z</time></trkpt><trkpt lat="-33.4011741" lon="-70.8522601"><ele>472.0</ele><time>2026-05-18T09:11:24Z</time></trkpt><trkpt lat="-33.4012584" lon="-70.8522425"><ele>472.0</ele><time>2026-05-18T09:11:26Z</time></trkpt><trkpt lat="-33.4013427" lon="-70.8522248"><ele>472.0</ele><time>2026-05-18T09:11:28Z</time></trkpt><trkpt lat="-33.4013975" lon="-70.8522216"><ele>472.1</ele><time>2026-05-18T09:11:31Z</time></trkpt><trkpt lat="-33.4014523" lon="-70.8522185"><ele>472.2</ele><time>2026-05-18T09:11:33Z</time></trkpt><trkpt lat="-33.4015071" lon="-70.8522153"><ele>472.4</ele><time>2026-05-18T09:11:35Z</time></trkpt><trkpt lat="-33.4015619" lon="-70.8522122"><ele>472.5</ele><time>2026-05-18T09:11:37Z</time></trkpt><trkpt lat="-33.4016167" lon="-70.8522090"><ele>472.6</ele><time>2026-05-18T09:11:40Z</time></trkpt><trkpt lat="-33.4016715" lon="-70.8522059"><ele>472.7</ele><time>2026-05-18T09:11:42Z</time></trkpt><trkpt lat="-33.4017263" lon="-70.8522027"><ele>472.8</ele><time>2026-05-18T09:11:44Z</time></trkpt><trkpt lat="-33.4017811" lon="-70.8521996"><ele>472.9</ele><time>2026-05-18T09:11:46Z</time></trkpt><trkpt lat="-33.4018358" lon="-70.8521964"><ele>473.1</ele><time>2026-05-18T09:11:49Z</time></trkpt><trkpt lat="-33.4018906" lon="-70.8521933"><ele>473.2</ele><time>2026-05-18T09:11:51Z</time></trkpt><trkpt lat="-33.4019454" lon="-70.8521901"><ele>473.3</ele><time>2026-05-18T09:11:53Z</time></trkpt><trkpt lat="-33.4020002" lon="-70.8521870"><ele>473.4</ele><time>2026-05-18T09:11:55Z</time></trkpt><trkpt lat="-33.4020550" lon="-70.8521838"><ele>473.5</ele><time>2026-05-18T09:11:58Z</time></trkpt><trkpt lat="-33.4021098" lon="-70.8521807"><ele>473.6</ele><time>2026-05-18T09:12:00Z</time></trkpt><trkpt lat="-33.4021646" lon="-70.8521775"><ele>473.8</ele><time>2026-05-18T09:12:02Z</time></trkpt><trkpt lat="-33.4022194" lon="-70.8521744"><ele>473.9</ele><time>2026-05-18T09:12:04Z</time></trkpt><trkpt lat="-33.4022742" lon="-70.8521712"><ele>474.0</ele><time>2026-05-18T09:12:07Z</time></trkpt><trkpt lat="-33.4023453" lon="-70.8521762"><ele>474.0</ele><time>2026-05-18T09:12:09Z</time></trkpt><trkpt lat="-33.4024165" lon="-70.8521813"><ele>474.0</ele><time>2026-05-18T09:12:11Z</time></trkpt><trkpt lat="-33.4024876" lon="-70.8521863"><ele>474.0</ele><time>2026-05-18T09:12:13Z</time></trkpt><trkpt lat="-33.4025587" lon="-70.8521914"><ele>474.0</ele><time>2026-05-18T09:12:16Z</time></trkpt><trkpt lat="-33.4026298" lon="-70.8521964"><ele>474.0</ele><time>2026-05-18T09:12:18Z</time></trkpt><trkpt lat="-33.4027010" lon="-70.8522015"><ele>474.0</ele><time>2026-05-18T09:12:20Z</time></trkpt><trkpt lat="-33.4027721" lon="-70.8522065"><ele>474.0</ele><time>2026-05-18T09:12:22Z</time></trkpt><trkpt lat="-33.4028432" lon="-70.8522116"><ele>474.0</ele><time>2026-05-18T09:12:25Z</time></trkpt><trkpt lat="-33.4029144" lon="-70.8522166"><ele>474.0</ele><time>2026-05-18T09:12:27Z</time></trkpt><trkpt lat="-33.4029855" lon="-70.8522217"><ele>474.0</ele><time>2026-05-18T09:12:29Z</time></trkpt><trkpt lat="-33.4030566" lon="-70.8522267"><ele>474.0</ele><time>2026-05-18T09:12:31Z</time></trkpt><trkpt lat="-33.4031278" lon="-70.8522318"><ele>474.0</ele><time>2026-05-18T09:12:34Z</time></trkpt><trkpt lat="-33.4031989" lon="-70.8522368"><ele>474.0</ele><time>2026-05-18T09:12:36Z</time></trkpt><trkpt lat="-33.4032700" lon="-70.8522419"><ele>474.0</ele><time>2026-05-18T09:12:38Z</time></trkpt><trkpt lat="-33.4033411" lon="-70.8522469"><ele>474.0</ele><time>2026-05-18T09:12:40Z</time></trkpt><trkpt lat="-33.4034123" lon="-70.8522520"><ele>474.0</ele><time>2026-05-18T09:12:43Z</time></trkpt><trkpt lat="-33.4034834" lon="-70.8522570"><ele>474.0</ele><time>2026-05-18T09:12:45Z</time></trkpt><trkpt lat="-33.4035593" lon="-70.8522671"><ele>473.9</ele><time>2026-05-18T09:12:47Z</time></trkpt><trkpt lat="-33.4036351" lon="-70.8522772"><ele>473.9</ele><time>2026-05-18T09:12:49Z</time></trkpt><trkpt lat="-33.4037110" lon="-70.8522873"><ele>473.8</ele><time>2026-05-18T09:12:52Z</time></trkpt><trkpt lat="-33.4037869" lon="-70.8522974"><ele>473.8</ele><time>2026-05-18T09:12:54Z</time></trkpt><trkpt lat="-33.4038627" lon="-70.8523075"><ele>473.7</ele><time>2026-05-18T09:12:56Z</time></trkpt><trkpt lat="-33.4039386" lon="-70.8523176"><ele>473.6</ele><time>2026-05-18T09:12:58Z</time></trkpt><trkpt lat="-33.4040145" lon="-70.8523277"><ele>473.6</ele><time>2026-05-18T09:13:01Z</time></trkpt><trkpt lat="-33.4040903" lon="-70.8523378"><ele>473.5</ele><time>2026-05-18T09:13:03Z</time></trkpt><trkpt lat="-33.4041662" lon="-70.8523479"><ele>473.5</ele><time>2026-05-18T09:13:05Z</time></trkpt><trkpt lat="-33.4042420" lon="-70.8523580"><ele>473.4</ele><time>2026-05-18T09:13:07Z</time></trkpt><trkpt lat="-33.4043179" lon="-70.8523681"><ele>473.4</ele><time>2026-05-18T09:13:10Z</time></trkpt><trkpt lat="-33.4043938" lon="-70.8523782"><ele>473.3</ele><time>2026-05-18T09:13:12Z</time></trkpt><trkpt lat="-33.4044696" lon="-70.8523883"><ele>473.2</ele><time>2026-05-18T09:13:14Z</time></trkpt><trkpt lat="-33.4045455" lon="-70.8523984"><ele>473.2</ele><time>2026-05-18T09:13:16Z</time></trkpt><trkpt lat="-33.4046214" lon="-70.8524085"><ele>473.1</ele><time>2026-05-18T09:13:19Z</time></trkpt><trkpt lat="-33.4046972" lon="-70.8524186"><ele>473.1</ele><time>2026-05-18T09:13:21Z</time></trkpt><trkpt lat="-33.4047731" lon="-70.8524287"><ele>473.0</ele><time>2026-05-18T09:13:23Z</time></trkpt><trkpt lat="-33.4048274" lon="-70.8524243"><ele>473.0</ele><time>2026-05-18T09:13:26Z</time></trkpt><trkpt lat="-33.4048816" lon="-70.8524199"><ele>473.0</ele><time>2026-05-18T09:13:28Z</time></trkpt><trkpt lat="-33.4049359" lon="-70.8524154"><ele>473.0</ele><time>2026-05-18T09:13:30Z</time></trkpt><trkpt lat="-33.4049902" lon="-70.8524110"><ele>473.0</ele><time>2026-05-18T09:13:32Z</time></trkpt><trkpt lat="-33.4050444" lon="-70.8524066"><ele>473.0</ele><time>2026-05-18T09:13:35Z</time></trkpt><trkpt lat="-33.4050987" lon="-70.8524022"><ele>473.0</ele><time>2026-05-18T09:13:37Z</time></trkpt><trkpt lat="-33.4051530" lon="-70.8523978"><ele>473.0</ele><time>2026-05-18T09:13:39Z</time></trkpt><trkpt lat="-33.4052072" lon="-70.8523934"><ele>473.0</ele><time>2026-05-18T09:13:41Z</time></trkpt><trkpt lat="-33.4052615" lon="-70.8523889"><ele>473.0</ele><time>2026-05-18T09:13:44Z</time></trkpt><trkpt lat="-33.4053157" lon="-70.8523845"><ele>473.0</ele><time>2026-05-18T09:13:46Z</time></trkpt><trkpt lat="-33.4053700" lon="-70.8523801"><ele>473.0</ele><time>2026-05-18T09:13:48Z</time></trkpt><trkpt lat="-33.4054243" lon="-70.8523757"><ele>473.0</ele><time>2026-05-18T09:13:50Z</time></trkpt><trkpt lat="-33.4054785" lon="-70.8523713"><ele>473.0</ele><time>2026-05-18T09:13:53Z</time></trkpt><trkpt lat="-33.4055328" lon="-70.8523669"><ele>473.0</ele><time>2026-05-18T09:13:55Z</time></trkpt><trkpt lat="-33.4055871" lon="-70.8523624"><ele>473.0</ele><time>2026-05-18T09:13:57Z</time></trkpt><trkpt lat="-33.4056413" lon="-70.8523580"><ele>473.0</ele><time>2026-05-18T09:13:59Z</time></trkpt><trkpt lat="-33.4056956" lon="-70.8523536"><ele>473.0</ele><time>2026-05-18T09:14:02Z</time></trkpt><trkpt lat="-33.4057272" lon="-70.8523448"><ele>473.0</ele><time>2026-05-18T09:14:04Z</time></trkpt><trkpt lat="-33.4057588" lon="-70.8523359"><ele>473.0</ele><time>2026-05-18T09:14:06Z</time></trkpt><trkpt lat="-33.4057904" lon="-70.8523271"><ele>473.0</ele><time>2026-05-18T09:14:08Z</time></trkpt><trkpt lat="-33.4058220" lon="-70.8523183"><ele>473.0</ele><time>2026-05-18T09:14:11Z</time></trkpt><trkpt lat="-33.4058537" lon="-70.8523094"><ele>473.0</ele><time>2026-05-18T09:14:13Z</time></trkpt><trkpt lat="-33.4058853" lon="-70.8523006"><ele>473.0</ele><time>2026-05-18T09:14:15Z</time></trkpt><trkpt lat="-33.4059169" lon="-70.8522918"><ele>473.0</ele><time>2026-05-18T09:14:17Z</time></trkpt><trkpt lat="-33.4059485" lon="-70.8522829"><ele>473.0</ele><time>2026-05-18T09:14:20Z</time></trkpt><trkpt lat="-33.4059801" lon="-70.8522741"><ele>473.0</ele><time>2026-05-18T09:14:22Z</time></trkpt><trkpt lat="-33.4060117" lon="-70.8522652"><ele>473.0</ele><time>2026-05-18T09:14:24Z</time></trkpt><trkpt lat="-33.4060433" lon="-70.8522564"><ele>473.0</ele><time>2026-05-18T09:14:26Z</time></trkpt><trkpt lat="-33.4060749" lon="-70.8522476"><ele>473.0</ele><time>2026-05-18T09:14:29Z</time></trkpt><trkpt lat="-33.4061066" lon="-70.8522387"><ele>473.0</ele><time>2026-05-18T09:14:31Z</time></trkpt><trkpt lat="-33.4061382" lon="-70.8522299"><ele>473.0</ele><time>2026-05-18T09:14:33Z</time></trkpt><trkpt lat="-33.4061698" lon="-70.8522211"><ele>473.0</ele><time>2026-05-18T09:14:35Z</time></trkpt><trkpt lat="-33.4062014" lon="-70.8522122"><ele>473.0</ele><time>2026-05-18T09:14:38Z</time></trkpt><trkpt lat="-33.4062330" lon="-70.8522034"><ele>473.0</ele><time>2026-05-18T09:14:40Z</time></trkpt><trkpt lat="-33.4062641" lon="-70.8521864"><ele>472.9</ele><time>2026-05-18T09:14:42Z</time></trkpt><trkpt lat="-33.4062952" lon="-70.8521693"><ele>472.8</ele><time>2026-05-18T09:14:44Z</time></trkpt><trkpt lat="-33.4063262" lon="-70.8521523"><ele>472.6</ele><time>2026-05-18T09:14:47Z</time></trkpt><trkpt lat="-33.4063573" lon="-70.8521352"><ele>472.5</ele><time>2026-05-18T09:14:49Z</time></trkpt><trkpt lat="-33.4063884" lon="-70.8521182"><ele>472.4</ele><time>2026-05-18T09:14:51Z</time></trkpt><trkpt lat="-33.4064195" lon="-70.8521012"><ele>472.3</ele><time>2026-05-18T09:14:53Z</time></trkpt><trkpt lat="-33.4064506" lon="-70.8520841"><ele>472.2</ele><time>2026-05-18T09:14:56Z</time></trkpt><trkpt lat="-33.4064817" lon="-70.8520671"><ele>472.1</ele><time>2026-05-18T09:14:58Z</time></trkpt><trkpt lat="-33.4065127" lon="-70.8520500"><ele>471.9</ele><time>2026-05-18T09:15:00Z</time></trkpt><trkpt lat="-33.4065438" lon="-70.8520330"><ele>471.8</ele><time>2026-05-18T09:15:02Z</time></trkpt><trkpt lat="-33.4065749" lon="-70.8520159"><ele>471.7</ele><time>2026-05-18T09:15:05Z</time></trkpt><trkpt lat="-33.4066060" lon="-70.8519989"><ele>471.6</ele><time>2026-05-18T09:15:07Z</time></trkpt><trkpt lat="-33.4066371" lon="-70.8519819"><ele>471.5</ele><time>2026-05-18T09:15:09Z</time></trkpt><trkpt lat="-33.4066682" lon="-70.8519648"><ele>471.4</ele><time>2026-05-18T09:15:11Z</time></trkpt><trkpt lat="-33.4066992" lon="-70.8519478"><ele>471.2</ele><time>2026-05-18T09:15:14Z</time></trkpt><trkpt lat="-33.4067303" lon="-70.8519307"><ele>471.1</ele><time>2026-05-18T09:15:16Z</time></trkpt><trkpt lat="-33.4067614" lon="-70.8519137"><ele>471.0</ele><time>2026-05-18T09:15:18Z</time></trkpt><trkpt lat="-33.4073894" lon="-70.8513476"><ele>471.0</ele><time>2026-05-18T09:15:20Z</time></trkpt><trkpt lat="-33.4080173" lon="-70.8507815"><ele>471.0</ele><time>2026-05-18T09:15:23Z</time></trkpt><trkpt lat="-33.4086453" lon="-70.8502154"><ele>471.0</ele><time>2026-05-18T09:15:25Z</time></trkpt><trkpt lat="-33.4092732" lon="-70.8496493"><ele>471.0</ele><time>2026-05-18T09:15:27Z</time></trkpt><trkpt lat="-33.4099012" lon="-70.8490832"><ele>471.0</ele><time>2026-05-18T09:15:29Z</time></trkpt><trkpt lat="-33.4105291" lon="-70.8485171"><ele>471.0</ele><time>2026-05-18T09:15:32Z</time></trkpt><trkpt lat="-33.4111571" lon="-70.8479510"><ele>471.0</ele><time>2026-05-18T09:15:34Z</time></trkpt><trkpt lat="-33.4117850" lon="-70.8473849"><ele>471.0</ele><time>2026-05-18T09:15:36Z</time></trkpt><trkpt lat="-33.4124130" lon="-70.8468187"><ele>471.0</ele><time>2026-05-18T09:15:38Z</time></trkpt><trkpt lat="-33.4130409" lon="-70.8462526"><ele>471.0</ele><time>2026-05-18T09:15:41Z</time></trkpt><trkpt lat="-33.4136689" lon="-70.8456865"><ele>471.0</ele><time>2026-05-18T09:15:43Z</time></trkpt><trkpt lat="-33.4142968" lon="-70.8451204"><ele>471.0</ele><time>2026-05-18T09:15:45Z</time></trkpt><trkpt lat="-33.4149248" lon="-70.8445543"><ele>471.0</ele><time>2026-05-18T09:15:47Z</time></trkpt><trkpt lat="-33.4155527" lon="-70.8439882"><ele>471.0</ele><time>2026-05-18T09:15:50Z</time></trkpt><trkpt lat="-33.4161807" lon="-70.8434221"><ele>471.0</ele><time>2026-05-18T09:15:52Z</time></trkpt><trkpt lat="-33.4168086" lon="-70.8428560"><ele>471.0</ele><time>2026-05-18T09:15:54Z</time></trkpt><trkpt lat="-33.4174366" lon="-70.8422899"><ele>471.0</ele><time>2026-05-18T09:15:56Z</time></trkpt><trkpt lat="-33.4182673" lon="-70.8415357"><ele>470.6</ele><time>2026-05-18T09:15:59Z</time></trkpt><trkpt lat="-33.4190979" lon="-70.8407816"><ele>470.3</ele><time>2026-05-18T09:16:01Z</time></trkpt><trkpt lat="-33.4199286" lon="-70.8400274"><ele>469.9</ele><time>2026-05-18T09:16:03Z</time></trkpt><trkpt lat="-33.4207592" lon="-70.8392732"><ele>469.6</ele><time>2026-05-18T09:16:05Z</time></trkpt><trkpt lat="-33.4215899" lon="-70.8385190"><ele>469.2</ele><time>2026-05-18T09:16:08Z</time></trkpt><trkpt lat="-33.4224205" lon="-70.8377649"><ele>468.9</ele><time>2026-05-18T09:16:10Z</time></trkpt><trkpt lat="-33.4232512" lon="-70.8370107"><ele>468.5</ele><time>2026-05-18T09:16:12Z</time></trkpt><trkpt lat="-33.4240818" lon="-70.8362565"><ele>468.2</ele><time>2026-05-18T09:16:14Z</time></trkpt><trkpt lat="-33.4249125" lon="-70.8355024"><ele>467.8</ele><time>2026-05-18T09:16:17Z</time></trkpt><trkpt lat="-33.4257431" lon="-70.8347482"><ele>467.5</ele><time>2026-05-18T09:16:19Z</time></trkpt><trkpt lat="-33.4265738" lon="-70.8339940"><ele>467.1</ele><time>2026-05-18T09:16:21Z</time></trkpt><trkpt lat="-33.4274044" lon="-70.8332399"><ele>466.8</ele><time>2026-05-18T09:16:23Z</time></trkpt><trkpt lat="-33.4282351" lon="-70.8324857"><ele>466.4</ele><time>2026-05-18T09:16:26Z</time></trkpt><trkpt lat="-33.4290657" lon="-70.8317315"><ele>466.1</ele><time>2026-05-18T09:16:28Z</time></trkpt><trkpt lat="-33.4298964" lon="-70.8309773"><ele>465.7</ele><time>2026-05-18T09:16:30Z</time></trkpt><trkpt lat="-33.4307270" lon="-70.8302232"><ele>465.4</ele><time>2026-05-18T09:16:32Z</time></trkpt><trkpt lat="-33.4315577" lon="-70.8294690"><ele>465.0</ele><time>2026-05-18T09:16:35Z</time></trkpt><trkpt lat="-33.4315598" lon="-70.8294655"><ele>465.0</ele><time>2026-05-18T09:16:37Z</time></trkpt><trkpt lat="-33.4315619" lon="-70.8294621"><ele>465.0</ele><time>2026-05-18T09:16:39Z</time></trkpt><trkpt lat="-33.4315640" lon="-70.8294586"><ele>465.0</ele><time>2026-05-18T09:16:41Z</time></trkpt><trkpt lat="-33.4315661" lon="-70.8294551"><ele>465.0</ele><time>2026-05-18T09:16:44Z</time></trkpt><trkpt lat="-33.4315682" lon="-70.8294516"><ele>465.0</ele><time>2026-05-18T09:16:46Z</time></trkpt><trkpt lat="-33.4315703" lon="-70.8294482"><ele>465.0</ele><time>2026-05-18T09:16:48Z</time></trkpt><trkpt lat="-33.4315724" lon="-70.8294447"><ele>465.0</ele><time>2026-05-18T09:16:50Z</time></trkpt><trkpt lat="-33.4315745" lon="-70.8294412"><ele>465.0</ele><time>2026-05-18T09:16:53Z</time></trkpt><trkpt lat="-33.4315767" lon="-70.8294378"><ele>465.0</ele><time>2026-05-18T09:16:55Z</time></trkpt><trkpt lat="-33.4315788" lon="-70.8294343"><ele>465.0</ele><time>2026-05-18T09:16:57Z</time></trkpt><trkpt lat="-33.4315809" lon="-70.8294308"><ele>465.0</ele><time>2026-05-18T09:16:59Z</time></trkpt><trkpt lat="-33.4315830" lon="-70.8294274"><ele>465.0</ele><time>2026-05-18T09:17:02Z</time></trkpt><trkpt lat="-33.4315851" lon="-70.8294239"><ele>465.0</ele><time>2026-05-18T09:17:04Z</time></trkpt><trkpt lat="-33.4315872" lon="-70.8294204"><ele>465.0</ele><time>2026-05-18T09:17:06Z</time></trkpt><trkpt lat="-33.4315893" lon="-70.8294169"><ele>465.0</ele><time>2026-05-18T09:17:08Z</time></trkpt><trkpt lat="-33.4315914" lon="-70.8294135"><ele>465.0</ele><time>2026-05-18T09:17:11Z</time></trkpt><trkpt lat="-33.4315935" lon="-70.8294100"><ele>465.0</ele><time>2026-05-18T09:17:13Z</time></trkpt><trkpt lat="-33.4301507" lon="-70.8307192"><ele>464.9</ele><time>2026-05-18T09:17:15Z</time></trkpt><trkpt lat="-33.4287079" lon="-70.8320285"><ele>464.9</ele><time>2026-05-18T09:17:17Z</time></trkpt><trkpt lat="-33.4272651" lon="-70.8333377"><ele>464.8</ele><time>2026-05-18T09:17:20Z</time></trkpt><trkpt lat="-33.4258223" lon="-70.8346469"><ele>464.8</ele><time>2026-05-18T09:17:22Z</time></trkpt><trkpt lat="-33.4243795" lon="-70.8359561"><ele>464.7</ele><time>2026-05-18T09:17:24Z</time></trkpt><trkpt lat="-33.4229367" lon="-70.8372654"><ele>464.6</ele><time>2026-05-18T09:17:26Z</time></trkpt><trkpt lat="-33.4214939" lon="-70.8385746"><ele>464.6</ele><time>2026-05-18T09:17:29Z</time></trkpt><trkpt lat="-33.4200511" lon="-70.8398838"><ele>464.5</ele><time>2026-05-18T09:17:31Z</time></trkpt><trkpt lat="-33.4186083" lon="-70.8411931"><ele>464.5</ele><time>2026-05-18T09:17:33Z</time></trkpt><trkpt lat="-33.4171655" lon="-70.8425023"><ele>464.4</ele><time>2026-05-18T09:17:35Z</time></trkpt><trkpt lat="-33.4157227" lon="-70.8438115"><ele>464.4</ele><time>2026-05-18T09:17:38Z</time></trkpt><trkpt lat="-33.4142799" lon="-70.8451208"><ele>464.3</ele><time>2026-05-18T09:17:40Z</time></trkpt><trkpt lat="-33.4128371" lon="-70.8464300"><ele>464.2</ele><time>2026-05-18T09:17:42Z</time></trkpt><trkpt lat="-33.4113943" lon="-70.8477392"><ele>464.2</ele><time>2026-05-18T09:17:44Z</time></trkpt><trkpt lat="-33.4099515" lon="-70.8490484"><ele>464.1</ele><time>2026-05-18T09:17:47Z</time></trkpt><trkpt lat="-33.4085087" lon="-70.8503577"><ele>464.1</ele><time>2026-05-18T09:17:49Z</time></trkpt><trkpt lat="-33.4070659" lon="-70.8516669"><ele>464.0</ele><time>2026-05-18T09:17:51Z</time></trkpt><trkpt lat="-33.4070256" lon="-70.8516950"><ele>464.6</ele><time>2026-05-18T09:17:53Z</time></trkpt><trkpt lat="-33.4069853" lon="-70.8517231"><ele>465.3</ele><time>2026-05-18T09:17:56Z</time></trkpt><trkpt lat="-33.4069450" lon="-70.8517512"><ele>465.9</ele><time>2026-05-18T09:17:58Z</time></trkpt><trkpt lat="-33.4069047" lon="-70.8517793"><ele>466.6</ele><time>2026-05-18T09:18:00Z</time></trkpt><trkpt lat="-33.4068644" lon="-70.8518073"><ele>467.2</ele><time>2026-05-18T09:18:02Z</time></trkpt><trkpt lat="-33.4068241" lon="-70.8518354"><ele>467.9</ele><time>2026-05-18T09:18:05Z</time></trkpt><trkpt lat="-33.4067838" lon="-70.8518635"><ele>468.5</ele><time>2026-05-18T09:18:07Z</time></trkpt><trkpt lat="-33.4067435" lon="-70.8518916"><ele>469.2</ele><time>2026-05-18T09:18:09Z</time></trkpt><trkpt lat="-33.4067032" lon="-70.8519197"><ele>469.8</ele><time>2026-05-18T09:18:11Z</time></trkpt><trkpt lat="-33.4066629" lon="-70.8519478"><ele>470.5</ele><time>2026-05-18T09:18:14Z</time></trkpt><trkpt lat="-33.4066226" lon="-70.8519759"><ele>471.1</ele><time>2026-05-18T09:18:16Z</time></trkpt><trkpt lat="-33.4065823" lon="-70.8520040"><ele>471.8</ele><time>2026-05-18T09:18:18Z</time></trkpt><trkpt lat="-33.4065420" lon="-70.8520320"><ele>472.4</ele><time>2026-05-18T09:18:20Z</time></trkpt><trkpt lat="-33.4065017" lon="-70.8520601"><ele>473.1</ele><time>2026-05-18T09:18:23Z</time></trkpt><trkpt lat="-33.4064614" lon="-70.8520882"><ele>473.7</ele><time>2026-05-18T09:18:25Z</time></trkpt><trkpt lat="-33.4064211" lon="-70.8521163"><ele>474.4</ele><time>2026-05-18T09:18:27Z</time></trkpt><trkpt lat="-33.4063808" lon="-70.8521444"><ele>475.0</ele><time>2026-05-18T09:18:29Z</time></trkpt><trkpt lat="-33.4063521" lon="-70.8521554"><ele>474.9</ele><time>2026-05-18T09:18:32Z</time></trkpt><trkpt lat="-33.4063234" lon="-70.8521665"><ele>474.8</ele><time>2026-05-18T09:18:34Z</time></trkpt><trkpt lat="-33.4062947" lon="-70.8521775"><ele>474.6</ele><time>2026-05-18T09:18:36Z</time></trkpt><trkpt lat="-33.4062660" lon="-70.8521886"><ele>474.5</ele><time>2026-05-18T09:18:38Z</time></trkpt><trkpt lat="-33.4062372" lon="-70.8521996"><ele>474.4</ele><time>2026-05-18T09:18:41Z</time></trkpt><trkpt lat="-33.4062085" lon="-70.8522106"><ele>474.3</ele><time>2026-05-18T09:18:43Z</time></trkpt><trkpt lat="-33.4061798" lon="-70.8522217"><ele>474.2</ele><time>2026-05-18T09:18:45Z</time></trkpt><trkpt lat="-33.4061511" lon="-70.8522327"><ele>474.1</ele><time>2026-05-18T09:18:47Z</time></trkpt><trkpt lat="-33.4061224" lon="-70.8522438"><ele>473.9</ele><time>2026-05-18T09:18:50Z</time></trkpt><trkpt lat="-33.4060937" lon="-70.8522548"><ele>473.8</ele><time>2026-05-18T09:18:52Z</time></trkpt><trkpt lat="-33.4060650" lon="-70.8522659"><ele>473.7</ele><time>2026-05-18T09:18:54Z</time></trkpt><trkpt lat="-33.4060363" lon="-70.8522769"><ele>473.6</ele><time>2026-05-18T09:18:56Z</time></trkpt><trkpt lat="-33.4060075" lon="-70.8522879"><ele>473.5</ele><time>2026-05-18T09:18:59Z</time></trkpt><trkpt lat="-33.4059788" lon="-70.8522990"><ele>473.4</ele><time>2026-05-18T09:19:01Z</time></trkpt><trkpt lat="-33.4059501" lon="-70.8523100"><ele>473.2</ele><time>2026-05-18T09:19:03Z</time></trkpt><trkpt lat="-33.4059214" lon="-70.8523211"><ele>473.1</ele><time>2026-05-18T09:19:05Z</time></trkpt><trkpt lat="-33.4058927" lon="-70.8523321"><ele>473.0</ele><time>2026-05-18T09:19:08Z</time></trkpt><trkpt lat="-33.4058561" lon="-70.8523384"><ele>473.0</ele><time>2026-05-18T09:19:10Z</time></trkpt><trkpt lat="-33.4058195" lon="-70.8523447"><ele>473.0</ele><time>2026-05-18T09:19:12Z</time></trkpt><trkpt lat="-33.4057828" lon="-70.8523510"><ele>473.0</ele><time>2026-05-18T09:19:14Z</time></trkpt><trkpt lat="-33.4057462" lon="-70.8523573"><ele>473.0</ele><time>2026-05-18T09:19:17Z</time></trkpt><trkpt lat="-33.4057096" lon="-70.8523637"><ele>473.0</ele><time>2026-05-18T09:19:19Z</time></trkpt><trkpt lat="-33.4056730" lon="-70.8523700"><ele>473.0</ele><time>2026-05-18T09:19:21Z</time></trkpt><trkpt lat="-33.4056364" lon="-70.8523763"><ele>473.0</ele><time>2026-05-18T09:19:23Z</time></trkpt><trkpt lat="-33.4055998" lon="-70.8523826"><ele>473.0</ele><time>2026-05-18T09:19:26Z</time></trkpt><trkpt lat="-33.4055631" lon="-70.8523889"><ele>473.0</ele><time>2026-05-18T09:19:28Z</time></trkpt><trkpt lat="-33.4055265" lon="-70.8523952"><ele>473.0</ele><time>2026-05-18T09:19:30Z</time></trkpt><trkpt lat="-33.4054899" lon="-70.8524015"><ele>473.0</ele><time>2026-05-18T09:19:32Z</time></trkpt><trkpt lat="-33.4054533" lon="-70.8524078"><ele>473.0</ele><time>2026-05-18T09:19:35Z</time></trkpt><trkpt lat="-33.4054167" lon="-70.8524142"><ele>473.0</ele><time>2026-05-18T09:19:37Z</time></trkpt><trkpt lat="-33.4053801" lon="-70.8524205"><ele>473.0</ele><time>2026-05-18T09:19:39Z</time></trkpt><trkpt lat="-33.4053434" lon="-70.8524268"><ele>473.0</ele><time>2026-05-18T09:19:41Z</time></trkpt><trkpt lat="-33.4053068" lon="-70.8524331"><ele>473.0</ele><time>2026-05-18T09:19:44Z</time></trkpt><trkpt lat="-33.4052702" lon="-70.8524394"><ele>473.0</ele><time>2026-05-18T09:19:46Z</time></trkpt><trkpt lat="-33.4052096" lon="-70.8524337"><ele>473.0</ele><time>2026-05-18T09:19:48Z</time></trkpt><trkpt lat="-33.4051490" lon="-70.8524280"><ele>473.0</ele><time>2026-05-18T09:19:50Z</time></trkpt><trkpt lat="-33.4050884" lon="-70.8524224"><ele>473.0</ele><time>2026-05-18T09:19:53Z</time></trkpt><trkpt lat="-33.4050278" lon="-70.8524167"><ele>473.0</ele><time>2026-05-18T09:19:55Z</time></trkpt><trkpt lat="-33.4049673" lon="-70.8524110"><ele>473.0</ele><time>2026-05-18T09:19:57Z</time></trkpt><trkpt lat="-33.4049067" lon="-70.8524053"><ele>473.0</ele><time>2026-05-18T09:19:59Z</time></trkpt><trkpt lat="-33.4048461" lon="-70.8523996"><ele>473.0</ele><time>2026-05-18T09:20:02Z</time></trkpt><trkpt lat="-33.4047855" lon="-70.8523939"><ele>473.0</ele><time>2026-05-18T09:20:04Z</time></trkpt><trkpt lat="-33.4047249" lon="-70.8523883"><ele>473.0</ele><time>2026-05-18T09:20:06Z</time></trkpt><trkpt lat="-33.4046643" lon="-70.8523826"><ele>473.0</ele><time>2026-05-18T09:20:09Z</time></trkpt><trkpt lat="-33.4046037" lon="-70.8523769"><ele>473.0</ele><time>2026-05-18T09:20:11Z</time></trkpt><trkpt lat="-33.4045431" lon="-70.8523712"><ele>473.0</ele><time>2026-05-18T09:20:13Z</time></trkpt><trkpt lat="-33.4044826" lon="-70.8523655"><ele>473.0</ele><time>2026-05-18T09:20:15Z</time></trkpt><trkpt lat="-33.4044220" lon="-70.8523598"><ele>473.0</ele><time>2026-05-18T09:20:18Z</time></trkpt><trkpt lat="-33.4043614" lon="-70.8523542"><ele>473.0</ele><time>2026-05-18T09:20:20Z</time></trkpt><trkpt lat="-33.4043008" lon="-70.8523485"><ele>473.0</ele><time>2026-05-18T09:20:22Z</time></trkpt><trkpt lat="-33.4042402" lon="-70.8523428"><ele>473.0</ele><time>2026-05-18T09:20:24Z</time></trkpt><trkpt lat="-33.4041388" lon="-70.8523295"><ele>473.1</ele><time>2026-05-18T09:20:27Z</time></trkpt><trkpt lat="-33.4040374" lon="-70.8523163"><ele>473.1</ele><time>2026-05-18T09:20:29Z</time></trkpt><trkpt lat="-33.4039359" lon="-70.8523030"><ele>473.2</ele><time>2026-05-18T09:20:31Z</time></trkpt><trkpt lat="-33.4038345" lon="-70.8522898"><ele>473.2</ele><time>2026-05-18T09:20:33Z</time></trkpt><trkpt lat="-33.4037331" lon="-70.8522765"><ele>473.3</ele><time>2026-05-18T09:20:36Z</time></trkpt><trkpt lat="-33.4036317" lon="-70.8522633"><ele>473.4</ele><time>2026-05-18T09:20:38Z</time></trkpt><trkpt lat="-33.4035303" lon="-70.8522500"><ele>473.4</ele><time>2026-05-18T09:20:40Z</time></trkpt><trkpt lat="-33.4034289" lon="-70.8522368"><ele>473.5</ele><time>2026-05-18T09:20:42Z</time></trkpt><trkpt lat="-33.4033274" lon="-70.8522235"><ele>473.5</ele><time>2026-05-18T09:20:45Z</time></trkpt><trkpt lat="-33.4032260" lon="-70.8522103"><ele>473.6</ele><time>2026-05-18T09:20:47Z</time></trkpt><trkpt lat="-33.4031246" lon="-70.8521970"><ele>473.6</ele><time>2026-05-18T09:20:49Z</time></trkpt><trkpt lat="-33.4030232" lon="-70.8521838"><ele>473.7</ele><time>2026-05-18T09:20:51Z</time></trkpt><trkpt lat="-33.4029218" lon="-70.8521705"><ele>473.8</ele><time>2026-05-18T09:20:54Z</time></trkpt><trkpt lat="-33.4028204" lon="-70.8521573"><ele>473.8</ele><time>2026-05-18T09:20:56Z</time></trkpt><trkpt lat="-33.4027189" lon="-70.8521440"><ele>473.9</ele><time>2026-05-18T09:20:58Z</time></trkpt><trkpt lat="-33.4026175" lon="-70.8521308"><ele>473.9</ele><time>2026-05-18T09:21:00Z</time></trkpt><trkpt lat="-33.4025161" lon="-70.8521175"><ele>474.0</ele><time>2026-05-18T09:21:03Z</time></trkpt><trkpt lat="-33.4024192" lon="-70.8521263"><ele>473.9</ele><time>2026-05-18T09:21:05Z</time></trkpt><trkpt lat="-33.4023222" lon="-70.8521352"><ele>473.8</ele><time>2026-05-18T09:21:07Z</time></trkpt><trkpt lat="-33.4022253" lon="-70.8521440"><ele>473.6</ele><time>2026-05-18T09:21:09Z</time></trkpt><trkpt lat="-33.4021283" lon="-70.8521528"><ele>473.5</ele><time>2026-05-18T09:21:12Z</time></trkpt><trkpt lat="-33.4020314" lon="-70.8521617"><ele>473.4</ele><time>2026-05-18T09:21:14Z</time></trkpt><trkpt lat="-33.4019344" lon="-70.8521705"><ele>473.3</ele><time>2026-05-18T09:21:16Z</time></trkpt><trkpt lat="-33.4018375" lon="-70.8521793"><ele>473.2</ele><time>2026-05-18T09:21:18Z</time></trkpt><trkpt lat="-33.4017405" lon="-70.8521882"><ele>473.1</ele><time>2026-05-18T09:21:21Z</time></trkpt><trkpt lat="-33.4016436" lon="-70.8521970"><ele>472.9</ele><time>2026-05-18T09:21:23Z</time></trkpt><trkpt lat="-33.4015466" lon="-70.8522059"><ele>472.8</ele><time>2026-05-18T09:21:25Z</time></trkpt><trkpt lat="-33.4014497" lon="-70.8522147"><ele>472.7</ele><time>2026-05-18T09:21:27Z</time></trkpt><trkpt lat="-33.4013527" lon="-70.8522235"><ele>472.6</ele><time>2026-05-18T09:21:30Z</time></trkpt><trkpt lat="-33.4012558" lon="-70.8522324"><ele>472.5</ele><time>2026-05-18T09:21:32Z</time></trkpt><trkpt lat="-33.4011588" lon="-70.8522412"><ele>472.4</ele><time>2026-05-18T09:21:34Z</time></trkpt><trkpt lat="-33.4010619" lon="-70.8522500"><ele>472.2</ele><time>2026-05-18T09:21:36Z</time></trkpt><trkpt lat="-33.4009649" lon="-70.8522589"><ele>472.1</ele><time>2026-05-18T09:21:39Z</time></trkpt><trkpt lat="-33.4008680" lon="-70.8522677"><ele>472.0</ele><time>2026-05-18T09:21:41Z</time></trkpt><trkpt lat="-33.4007771" lon="-70.8522877"><ele>472.0</ele><time>2026-05-18T09:21:43Z</time></trkpt><trkpt lat="-33.4006862" lon="-70.8523078"><ele>472.0</ele><time>2026-05-18T09:21:45Z</time></trkpt><trkpt lat="-33.4005953" lon="-70.8523278"><ele>472.0</ele><time>2026-05-18T09:21:48Z</time></trkpt><trkpt lat="-33.4005044" lon="-70.8523479"><ele>472.0</ele><time>2026-05-18T09:21:50Z</time></trkpt><trkpt lat="-33.4004136" lon="-70.8523679"><ele>472.0</ele><time>2026-05-18T09:21:52Z</time></trkpt><trkpt lat="-33.4003227" lon="-70.8523879"><ele>472.0</ele><time>2026-05-18T09:21:54Z</time></trkpt><trkpt lat="-33.4002318" lon="-70.8524080"><ele>472.0</ele><time>2026-05-18T09:21:57Z</time></trkpt><trkpt lat="-33.4001409" lon="-70.8524280"><ele>472.0</ele><time>2026-05-18T09:21:59Z</time></trkpt><trkpt lat="-33.4000500" lon="-70.8524481"><ele>472.0</ele><time>2026-05-18T09:22:01Z</time></trkpt><trkpt lat="-33.3999591" lon="-70.8524681"><ele>472.0</ele><time>2026-05-18T09:22:03Z</time></trkpt><trkpt lat="-33.3998682" lon="-70.8524882"><ele>472.0</ele><time>2026-05-18T09:22:06Z</time></trkpt><trkpt lat="-33.3997773" lon="-70.8525082"><ele>472.0</ele><time>2026-05-18T09:22:08Z</time></trkpt><trkpt lat="-33.3996865" lon="-70.8525282"><ele>472.0</ele><time>2026-05-18T09:22:10Z</time></trkpt><trkpt lat="-33.3995956" lon="-70.8525483"><ele>472.0</ele><time>2026-05-18T09:22:12Z</time></trkpt><trkpt lat="-33.3995047" lon="-70.8525683"><ele>472.0</ele><time>2026-05-18T09:22:15Z</time></trkpt><trkpt lat="-33.3994138" lon="-70.8525884"><ele>472.0</ele><time>2026-05-18T09:22:17Z</time></trkpt><trkpt lat="-33.3993229" lon="-70.8526084"><ele>472.0</ele><time>2026-05-18T09:22:19Z</time></trkpt><trkpt lat="-33.3992879" lon="-70.8526123"><ele>472.0</ele><time>2026-05-18T09:22:21Z</time></trkpt><trkpt lat="-33.3992528" lon="-70.8526163"><ele>472.0</ele><time>2026-05-18T09:22:24Z</time></trkpt><trkpt lat="-33.3992178" lon="-70.8526202"><ele>472.0</ele><time>2026-05-18T09:22:26Z</time></trkpt><trkpt lat="-33.3991828" lon="-70.8526242"><ele>472.0</ele><time>2026-05-18T09:22:28Z</time></trkpt><trkpt lat="-33.3991477" lon="-70.8526281"><ele>472.0</ele><time>2026-05-18T09:22:30Z</time></trkpt><trkpt lat="-33.3991127" lon="-70.8526320"><ele>472.0</ele><time>2026-05-18T09:22:33Z</time></trkpt><trkpt lat="-33.3990777" lon="-70.8526360"><ele>472.0</ele><time>2026-05-18T09:22:35Z</time></trkpt><trkpt lat="-33.3990426" lon="-70.8526399"><ele>472.0</ele><time>2026-05-18T09:22:37Z</time></trkpt><trkpt lat="-33.3990076" lon="-70.8526439"><ele>472.0</ele><time>2026-05-18T09:22:39Z</time></trkpt><trkpt lat="-33.3989725" lon="-70.8526478"><ele>472.0</ele><time>2026-05-18T09:22:42Z</time></trkpt><trkpt lat="-33.3989375" lon="-70.8526518"><ele>472.0</ele><time>2026-05-18T09:22:44Z</time></trkpt><trkpt lat="-33.3989025" lon="-70.8526557"><ele>472.0</ele><time>2026-05-18T09:22:46Z</time></trkpt><trkpt lat="-33.3988674" lon="-70.8526596"><ele>472.0</ele><time>2026-05-18T09:22:48Z</time></trkpt><trkpt lat="-33.3988324" lon="-70.8526636"><ele>472.0</ele><time>2026-05-18T09:22:51Z</time></trkpt><trkpt lat="-33.3987974" lon="-70.8526675"><ele>472.0</ele><time>2026-05-18T09:22:53Z</time></trkpt><trkpt lat="-33.3987623" lon="-70.8526715"><ele>472.0</ele><time>2026-05-18T09:22:55Z</time></trkpt><trkpt lat="-33.3987273" lon="-70.8526754"><ele>472.0</ele><time>2026-05-18T09:22:57Z</time></trkpt><trkpt lat="-33.3986931" lon="-70.8526705"><ele>472.0</ele><time>2026-05-18T09:23:00Z</time></trkpt><trkpt lat="-33.3986588" lon="-70.8526656"><ele>472.0</ele><time>2026-05-18T09:23:02Z</time></trkpt><trkpt lat="-33.3986246" lon="-70.8526607"><ele>472.0</ele><time>2026-05-18T09:23:04Z</time></trkpt><trkpt lat="-33.3985903" lon="-70.8526558"><ele>472.0</ele><time>2026-05-18T09:23:06Z</time></trkpt><trkpt lat="-33.3985561" lon="-70.8526510"><ele>472.0</ele><time>2026-05-18T09:23:09Z</time></trkpt><trkpt lat="-33.3985218" lon="-70.8526461"><ele>472.0</ele><time>2026-05-18T09:23:11Z</time></trkpt><trkpt lat="-33.3984876" lon="-70.8526412"><ele>472.0</ele><time>2026-05-18T09:23:13Z</time></trkpt><trkpt lat="-33.3984533" lon="-70.8526363"><ele>472.0</ele><time>2026-05-18T09:23:15Z</time></trkpt><trkpt lat="-33.3984191" lon="-70.8526314"><ele>472.0</ele><time>2026-05-18T09:23:18Z</time></trkpt><trkpt lat="-33.3983848" lon="-70.8526265"><ele>472.0</ele><time>2026-05-18T09:23:20Z</time></trkpt><trkpt lat="-33.3983506" lon="-70.8526216"><ele>472.0</ele><time>2026-05-18T09:23:22Z</time></trkpt><trkpt lat="-33.3983163" lon="-70.8526167"><ele>472.0</ele><time>2026-05-18T09:23:24Z</time></trkpt><trkpt lat="-33.3982821" lon="-70.8526119"><ele>472.0</ele><time>2026-05-18T09:23:27Z</time></trkpt><trkpt lat="-33.3982478" lon="-70.8526070"><ele>472.0</ele><time>2026-05-18T09:23:29Z</time></trkpt><trkpt lat="-33.3982136" lon="-70.8526021"><ele>472.0</ele><time>2026-05-18T09:23:31Z</time></trkpt><trkpt lat="-33.3981793" lon="-70.8525972"><ele>472.0</ele><time>2026-05-18T09:23:33Z</time></trkpt><trkpt lat="-33.3981451" lon="-70.8525923"><ele>472.0</ele><time>2026-05-18T09:23:36Z</time></trkpt><trkpt lat="-33.3981166" lon="-70.8525831"><ele>472.0</ele><time>2026-05-18T09:23:38Z</time></trkpt><trkpt lat="-33.3980882" lon="-70.8525740"><ele>472.0</ele><time>2026-05-18T09:23:40Z</time></trkpt><trkpt lat="-33.3980597" lon="-70.8525648"><ele>472.0</ele><time>2026-05-18T09:23:42Z</time></trkpt><trkpt lat="-33.3980313" lon="-70.8525557"><ele>472.0</ele><time>2026-05-18T09:23:45Z</time></trkpt><trkpt lat="-33.3980028" lon="-70.8525465"><ele>472.0</ele><time>2026-05-18T09:23:47Z</time></trkpt><trkpt lat="-33.3979744" lon="-70.8525374"><ele>472.0</ele><time>2026-05-18T09:23:49Z</time></trkpt><trkpt lat="-33.3979459" lon="-70.8525282"><ele>472.0</ele><time>2026-05-18T09:23:51Z</time></trkpt><trkpt lat="-33.3979175" lon="-70.8525191"><ele>472.0</ele><time>2026-05-18T09:23:54Z</time></trkpt><trkpt lat="-33.3978890" lon="-70.8525099"><ele>472.0</ele><time>2026-05-18T09:23:56Z</time></trkpt><trkpt lat="-33.3978606" lon="-70.8525008"><ele>472.0</ele><time>2026-05-18T09:23:58Z</time></trkpt><trkpt lat="-33.3978321" lon="-70.8524916"><ele>472.0</ele><time>2026-05-18T09:24:00Z</time></trkpt><trkpt lat="-33.3978037" lon="-70.8524825"><ele>472.0</ele><time>2026-05-18T09:24:03Z</time></trkpt><trkpt lat="-33.3977752" lon="-70.8524733"><ele>472.0</ele><time>2026-05-18T09:24:05Z</time></trkpt><trkpt lat="-33.3977468" lon="-70.8524642"><ele>472.0</ele><time>2026-05-18T09:24:07Z</time></trkpt><trkpt lat="-33.3977183" lon="-70.8524550"><ele>472.0</ele><time>2026-05-18T09:24:09Z</time></trkpt><trkpt lat="-33.3976899" lon="-70.8524459"><ele>472.0</ele><time>2026-05-18T09:24:12Z</time></trkpt><trkpt lat="-33.3976614" lon="-70.8524367"><ele>472.0</ele><time>2026-05-18T09:24:14Z</time></trkpt><trkpt lat="-33.3976327" lon="-70.8524223"><ele>472.0</ele><time>2026-05-18T09:24:16Z</time></trkpt><trkpt lat="-33.3976040" lon="-70.8524080"><ele>472.0</ele><time>2026-05-18T09:24:18Z</time></trkpt><trkpt lat="-33.3975752" lon="-70.8523936"><ele>472.0</ele><time>2026-05-18T09:24:21Z</time></trkpt><trkpt lat="-33.3975465" lon="-70.8523793"><ele>472.0</ele><time>2026-05-18T09:24:23Z</time></trkpt><trkpt lat="-33.3975178" lon="-70.8523649"><ele>472.0</ele><time>2026-05-18T09:24:25Z</time></trkpt><trkpt lat="-33.3974891" lon="-70.8523505"><ele>472.0</ele><time>2026-05-18T09:24:27Z</time></trkpt><trkpt lat="-33.3974604" lon="-70.8523362"><ele>472.0</ele><time>2026-05-18T09:24:30Z</time></trkpt><trkpt lat="-33.3974317" lon="-70.8523218"><ele>472.0</ele><time>2026-05-18T09:24:32Z</time></trkpt><trkpt lat="-33.3974029" lon="-70.8523075"><ele>472.0</ele><time>2026-05-18T09:24:34Z</time></trkpt><trkpt lat="-33.3973742" lon="-70.8522931"><ele>472.0</ele><time>2026-05-18T09:24:36Z</time></trkpt><trkpt lat="-33.3973455" lon="-70.8522788"><ele>472.0</ele><time>2026-05-18T09:24:39Z</time></trkpt><trkpt lat="-33.3973168" lon="-70.8522644"><ele>472.0</ele><time>2026-05-18T09:24:41Z</time></trkpt><trkpt lat="-33.3972881" lon="-70.8522500"><ele>472.0</ele><time>2026-05-18T09:24:43Z</time></trkpt><trkpt lat="-33.3972594" lon="-70.8522357"><ele>472.0</ele><time>2026-05-18T09:24:45Z</time></trkpt><trkpt lat="-33.3972306" lon="-70.8522213"><ele>472.0</ele><time>2026-05-18T09:24:48Z</time></trkpt><trkpt lat="-33.3972019" lon="-70.8522070"><ele>472.0</ele><time>2026-05-18T09:24:50Z</time></trkpt><trkpt lat="-33.3971732" lon="-70.8521926"><ele>472.0</ele><time>2026-05-18T09:24:52Z</time></trkpt><trkpt lat="-33.3971475" lon="-70.8521757"><ele>472.0</ele><time>2026-05-18T09:24:54Z</time></trkpt><trkpt lat="-33.3971218" lon="-70.8521588"><ele>472.0</ele><time>2026-05-18T09:24:57Z</time></trkpt><trkpt lat="-33.3970962" lon="-70.8521420"><ele>472.0</ele><time>2026-05-18T09:24:59Z</time></trkpt><trkpt lat="-33.3970705" lon="-70.8521251"><ele>472.0</ele><time>2026-05-18T09:25:01Z</time></trkpt><trkpt lat="-33.3970448" lon="-70.8521082"><ele>472.0</ele><time>2026-05-18T09:25:03Z</time></trkpt><trkpt lat="-33.3970191" lon="-70.8520913"><ele>472.0</ele><time>2026-05-18T09:25:06Z</time></trkpt><trkpt lat="-33.3969934" lon="-70.8520744"><ele>472.0</ele><time>2026-05-18T09:25:08Z</time></trkpt><trkpt lat="-33.3969677" lon="-70.8520575"><ele>472.0</ele><time>2026-05-18T09:25:10Z</time></trkpt><trkpt lat="-33.3969421" lon="-70.8520407"><ele>472.0</ele><time>2026-05-18T09:25:12Z</time></trkpt><trkpt lat="-33.3969164" lon="-70.8520238"><ele>472.0</ele><time>2026-05-18T09:25:15Z</time></trkpt><trkpt lat="-33.3968907" lon="-70.8520069"><ele>472.0</ele><time>2026-05-18T09:25:17Z</time></trkpt><trkpt lat="-33.3968650" lon="-70.8519900"><ele>472.0</ele><time>2026-05-18T09:25:19Z</time></trkpt><trkpt lat="-33.3968393" lon="-70.8519731"><ele>472.0</ele><time>2026-05-18T09:25:21Z</time></trkpt><trkpt lat="-33.3968136" lon="-70.8519562"><ele>472.0</ele><time>2026-05-18T09:25:24Z</time></trkpt><trkpt lat="-33.3967880" lon="-70.8519394"><ele>472.0</ele><time>2026-05-18T09:25:26Z</time></trkpt><trkpt lat="-33.3967623" lon="-70.8519225"><ele>472.0</ele><time>2026-05-18T09:25:28Z</time></trkpt><trkpt lat="-33.3967366" lon="-70.8519056"><ele>472.0</ele><time>2026-05-18T09:25:30Z</time></trkpt><trkpt lat="-33.3963884" lon="-70.8516707"><ele>472.0</ele><time>2026-05-18T09:25:33Z</time></trkpt><trkpt lat="-33.3960403" lon="-70.8514357"><ele>472.0</ele><time>2026-05-18T09:25:35Z</time></trkpt><trkpt lat="-33.3956921" lon="-70.8512008"><ele>472.0</ele><time>2026-05-18T09:25:37Z</time></trkpt><trkpt lat="-33.3953439" lon="-70.8509659"><ele>472.0</ele><time>2026-05-18T09:25:39Z</time></trkpt><trkpt lat="-33.3949958" lon="-70.8507310"><ele>472.0</ele><time>2026-05-18T09:25:42Z</time></trkpt><trkpt lat="-33.3946476" lon="-70.8504960"><ele>472.0</ele><time>2026-05-18T09:25:44Z</time></trkpt><trkpt lat="-33.3942994" lon="-70.8502611"><ele>472.0</ele><time>2026-05-18T09:25:46Z</time></trkpt><trkpt lat="-33.3939513" lon="-70.8500262"><ele>472.0</ele><time>2026-05-18T09:25:48Z</time></trkpt><trkpt lat="-33.3936031" lon="-70.8497912"><ele>472.0</ele><time>2026-05-18T09:25:51Z</time></trkpt><trkpt lat="-33.3932550" lon="-70.8495563"><ele>472.0</ele><time>2026-05-18T09:25:53Z</time></trkpt><trkpt lat="-33.3929068" lon="-70.8493214"><ele>472.0</ele><time>2026-05-18T09:25:55Z</time></trkpt><trkpt lat="-33.3925586" lon="-70.8490864"><ele>472.0</ele><time>2026-05-18T09:25:57Z</time></trkpt><trkpt lat="-33.3922105" lon="-70.8488515"><ele>472.0</ele><time>2026-05-18T09:26:00Z</time></trkpt><trkpt lat="-33.3918623" lon="-70.8486166"><ele>472.0</ele><time>2026-05-18T09:26:02Z</time></trkpt><trkpt lat="-33.3915141" lon="-70.8483817"><ele>472.0</ele><time>2026-05-18T09:26:04Z</time></trkpt><trkpt lat="-33.3911660" lon="-70.8481467"><ele>472.0</ele><time>2026-05-18T09:26:06Z</time></trkpt><trkpt lat="-33.3908178" lon="-70.8479118"><ele>472.0</ele><time>2026-05-18T09:26:09Z</time></trkpt><trkpt lat="-33.3905870" lon="-70.8477124"><ele>472.1</ele><time>2026-05-18T09:26:11Z</time></trkpt><trkpt lat="-33.3903562" lon="-70.8475129"><ele>472.2</ele><time>2026-05-18T09:26:13Z</time></trkpt><trkpt lat="-33.3901254" lon="-70.8473135"><ele>472.4</ele><time>2026-05-18T09:26:15Z</time></trkpt><trkpt lat="-33.3898946" lon="-70.8471141"><ele>472.5</ele><time>2026-05-18T09:26:18Z</time></trkpt><trkpt lat="-33.3896638" lon="-70.8469147"><ele>472.6</ele><time>2026-05-18T09:26:20Z</time></trkpt><trkpt lat="-33.3894330" lon="-70.8467152"><ele>472.7</ele><time>2026-05-18T09:26:22Z</time></trkpt><trkpt lat="-33.3892022" lon="-70.8465158"><ele>472.8</ele><time>2026-05-18T09:26:24Z</time></trkpt><trkpt lat="-33.3889714" lon="-70.8463164"><ele>472.9</ele><time>2026-05-18T09:26:27Z</time></trkpt><trkpt lat="-33.3887406" lon="-70.8461169"><ele>473.1</ele><time>2026-05-18T09:26:29Z</time></trkpt><trkpt lat="-33.3885098" lon="-70.8459175"><ele>473.2</ele><time>2026-05-18T09:26:31Z</time></trkpt><trkpt lat="-33.3882790" lon="-70.8457181"><ele>473.3</ele><time>2026-05-18T09:26:33Z</time></trkpt><trkpt lat="-33.3880482" lon="-70.8455186"><ele>473.4</ele><time>2026-05-18T09:26:36Z</time></trkpt><trkpt lat="-33.3878174" lon="-70.8453192"><ele>473.5</ele><time>2026-05-18T09:26:38Z</time></trkpt><trkpt lat="-33.3875866" lon="-70.8451198"><ele>473.6</ele><time>2026-05-18T09:26:40Z</time></trkpt><trkpt lat="-33.3873558" lon="-70.8449204"><ele>473.8</ele><time>2026-05-18T09:26:43Z</time></trkpt><trkpt lat="-33.3871250" lon="-70.8447209"><ele>473.9</ele><time>2026-05-18T09:26:45Z</time></trkpt><trkpt lat="-33.3868942" lon="-70.8445215"><ele>474.0</ele><time>2026-05-18T09:26:47Z</time></trkpt><trkpt lat="-33.3868162" lon="-70.8444294"><ele>473.8</ele><time>2026-05-18T09:26:49Z</time></trkpt><trkpt lat="-33.3867382" lon="-70.8443372"><ele>473.6</ele><time>2026-05-18T09:26:52Z</time></trkpt><trkpt lat="-33.3866602" lon="-70.8442451"><ele>473.5</ele><time>2026-05-18T09:26:54Z</time></trkpt><trkpt lat="-33.3865822" lon="-70.8441529"><ele>473.3</ele><time>2026-05-18T09:26:56Z</time></trkpt><trkpt lat="-33.3865043" lon="-70.8440608"><ele>473.1</ele><time>2026-05-18T09:26:58Z</time></trkpt><trkpt lat="-33.3864263" lon="-70.8439687"><ele>472.9</ele><time>2026-05-18T09:27:01Z</time></trkpt><trkpt lat="-33.3863483" lon="-70.8438765"><ele>472.8</ele><time>2026-05-18T09:27:03Z</time></trkpt><trkpt lat="-33.3862703" lon="-70.8437844"><ele>472.6</ele><time>2026-05-18T09:27:05Z</time></trkpt><trkpt lat="-33.3861923" lon="-70.8436922"><ele>472.4</ele><time>2026-05-18T09:27:07Z</time></trkpt><trkpt lat="-33.3861143" lon="-70.8436001"><ele>472.2</ele><time>2026-05-18T09:27:10Z</time></trkpt><trkpt lat="-33.3860363" lon="-70.8435079"><ele>472.1</ele><time>2026-05-18T09:27:12Z</time></trkpt><trkpt lat="-33.3859583" lon="-70.8434158"><ele>471.9</ele><time>2026-05-18T09:27:14Z</time></trkpt><trkpt lat="-33.3858804" lon="-70.8433237"><ele>471.7</ele><time>2026-05-18T09:27:16Z</time></trkpt><trkpt lat="-33.3858024" lon="-70.8432315"><ele>471.5</ele><time>2026-05-18T09:27:19Z</time></trkpt><trkpt lat="-33.3857244" lon="-70.8431394"><ele>471.4</ele><time>2026-05-18T09:27:21Z</time></trkpt><trkpt lat="-33.3856464" lon="-70.8430472"><ele>471.2</ele><time>2026-05-18T09:27:23Z</time></trkpt><trkpt lat="-33.3855684" lon="-70.8429551"><ele>471.0</ele><time>2026-05-18T09:27:25Z</time></trkpt><trkpt lat="-33.3855452" lon="-70.8429273"><ele>471.2</ele><time>2026-05-18T09:27:28Z</time></trkpt><trkpt lat="-33.3855220" lon="-70.8428996"><ele>471.5</ele><time>2026-05-18T09:27:30Z</time></trkpt><trkpt lat="-33.3854988" lon="-70.8428718"><ele>471.7</ele><time>2026-05-18T09:27:32Z</time></trkpt><trkpt lat="-33.3854756" lon="-70.8428440"><ele>471.9</ele><time>2026-05-18T09:27:34Z</time></trkpt><trkpt lat="-33.3854525" lon="-70.8428162"><ele>472.2</ele><time>2026-05-18T09:27:37Z</time></trkpt><trkpt lat="-33.3854293" lon="-70.8427885"><ele>472.4</ele><time>2026-05-18T09:27:39Z</time></trkpt><trkpt lat="-33.3854061" lon="-70.8427607"><ele>472.6</ele><time>2026-05-18T09:27:41Z</time></trkpt><trkpt lat="-33.3853829" lon="-70.8427329"><ele>472.9</ele><time>2026-05-18T09:27:43Z</time></trkpt><trkpt lat="-33.3853597" lon="-70.8427052"><ele>473.1</ele><time>2026-05-18T09:27:46Z</time></trkpt><trkpt lat="-33.3853365" lon="-70.8426774"><ele>473.4</ele><time>2026-05-18T09:27:48Z</time></trkpt><trkpt lat="-33.3853133" lon="-70.8426496"><ele>473.6</ele><time>2026-05-18T09:27:50Z</time></trkpt><trkpt lat="-33.3852901" lon="-70.8426219"><ele>473.8</ele><time>2026-05-18T09:27:52Z</time></trkpt><trkpt lat="-33.3852670" lon="-70.8425941"><ele>474.1</ele><time>2026-05-18T09:27:55Z</time></trkpt><trkpt lat="-33.3852438" lon="-70.8425663"><ele>474.3</ele><time>2026-05-18T09:27:57Z</time></trkpt><trkpt lat="-33.3852206" lon="-70.8425385"><ele>474.5</ele><time>2026-05-18T09:27:59Z</time></trkpt><trkpt lat="-33.3851974" lon="-70.8425108"><ele>474.8</ele><time>2026-05-18T09:28:01Z</time></trkpt><trkpt lat="-33.3851742" lon="-70.8424830"><ele>475.0</ele><time>2026-05-18T09:28:04Z</time></trkpt><trkpt lat="-33.3851552" lon="-70.8424713"><ele>475.0</ele><time>2026-05-18T09:28:06Z</time></trkpt><trkpt lat="-33.3851363" lon="-70.8424597"><ele>475.0</ele><time>2026-05-18T09:28:08Z</time></trkpt><trkpt lat="-33.3851173" lon="-70.8424480"><ele>475.0</ele><time>2026-05-18T09:28:10Z</time></trkpt><trkpt lat="-33.3850983" lon="-70.8424363"><ele>475.0</ele><time>2026-05-18T09:28:13Z</time></trkpt><trkpt lat="-33.3850793" lon="-70.8424246"><ele>475.0</ele><time>2026-05-18T09:28:15Z</time></trkpt><trkpt lat="-33.3850604" lon="-70.8424130"><ele>475.0</ele><time>2026-05-18T09:28:17Z</time></trkpt><trkpt lat="-33.3850414" lon="-70.8424013"><ele>475.0</ele><time>2026-05-18T09:28:19Z</time></trkpt><trkpt lat="-33.3850224" lon="-70.8423896"><ele>475.0</ele><time>2026-05-18T09:28:22Z</time></trkpt><trkpt lat="-33.3850035" lon="-70.8423780"><ele>475.0</ele><time>2026-05-18T09:28:24Z</time></trkpt><trkpt lat="-33.3849845" lon="-70.8423663"><ele>475.0</ele><time>2026-05-18T09:28:26Z</time></trkpt><trkpt lat="-33.3849655" lon="-70.8423546"><ele>475.0</ele><time>2026-05-18T09:28:28Z</time></trkpt><trkpt lat="-33.3849466" lon="-70.8423430"><ele>475.0</ele><time>2026-05-18T09:28:31Z</time></trkpt><trkpt lat="-33.3849276" lon="-70.8423313"><ele>475.0</ele><time>2026-05-18T09:28:33Z</time></trkpt><trkpt lat="-33.3849086" lon="-70.8423196"><ele>475.0</ele><time>2026-05-18T09:28:35Z</time></trkpt><trkpt lat="-33.3848896" lon="-70.8423079"><ele>475.0</ele><time>2026-05-18T09:28:37Z</time></trkpt><trkpt lat="-33.3848707" lon="-70.8422963"><ele>475.0</ele><time>2026-05-18T09:28:40Z</time></trkpt><trkpt lat="-33.3848517" lon="-70.8422846"><ele>475.0</ele><time>2026-05-18T09:28:42Z</time></trkpt><trkpt lat="-33.3848238" lon="-70.8422889"><ele>475.0</ele><time>2026-05-18T09:28:44Z</time></trkpt><trkpt lat="-33.3847958" lon="-70.8422931"><ele>475.0</ele><time>2026-05-18T09:28:46Z</time></trkpt><trkpt lat="-33.3847679" lon="-70.8422974"><ele>475.0</ele><time>2026-05-18T09:28:49Z</time></trkpt><trkpt lat="-33.3847400" lon="-70.8423016"><ele>475.0</ele><time>2026-05-18T09:28:51Z</time></trkpt><trkpt lat="-33.3847121" lon="-70.8423059"><ele>475.0</ele><time>2026-05-18T09:28:53Z</time></trkpt><trkpt lat="-33.3846841" lon="-70.8423102"><ele>475.0</ele><time>2026-05-18T09:28:55Z</time></trkpt><trkpt lat="-33.3846562" lon="-70.8423144"><ele>475.0</ele><time>2026-05-18T09:28:58Z</time></trkpt><trkpt lat="-33.3846283" lon="-70.8423187"><ele>475.0</ele><time>2026-05-18T09:29:00Z</time></trkpt><trkpt lat="-33.3846003" lon="-70.8423229"><ele>475.0</ele><time>2026-05-18T09:29:02Z</time></trkpt><trkpt lat="-33.3845724" lon="-70.8423272"><ele>475.0</ele><time>2026-05-18T09:29:04Z</time></trkpt><trkpt lat="-33.3845445" lon="-70.8423314"><ele>475.0</ele><time>2026-05-18T09:29:07Z</time></trkpt><trkpt lat="-33.3845165" lon="-70.8423357"><ele>475.0</ele><time>2026-05-18T09:29:09Z</time></trkpt><trkpt lat="-33.3844886" lon="-70.8423400"><ele>475.0</ele><time>2026-05-18T09:29:11Z</time></trkpt><trkpt lat="-33.3844607" lon="-70.8423442"><ele>475.0</ele><time>2026-05-18T09:29:13Z</time></trkpt><trkpt lat="-33.3844328" lon="-70.8423485"><ele>475.0</ele><time>2026-05-18T09:29:16Z</time></trkpt><trkpt lat="-33.3844048" lon="-70.8423527"><ele>475.0</ele><time>2026-05-18T09:29:18Z</time></trkpt><trkpt lat="-33.3843769" lon="-70.8423570"><ele>475.0</ele><time>2026-05-18T09:29:20Z</time></trkpt><trkpt lat="-33.3843653" lon="-70.8423669"><ele>475.0</ele><time>2026-05-18T09:29:22Z</time></trkpt><trkpt lat="-33.3843537" lon="-70.8423769"><ele>475.0</ele><time>2026-05-18T09:29:25Z</time></trkpt><trkpt lat="-33.3843421" lon="-70.8423868"><ele>475.0</ele><time>2026-05-18T09:29:27Z</time></trkpt><trkpt lat="-33.3843305" lon="-70.8423968"><ele>475.0</ele><time>2026-05-18T09:29:29Z</time></trkpt><trkpt lat="-33.3843189" lon="-70.8424067"><ele>475.0</ele><time>2026-05-18T09:29:31Z</time></trkpt><trkpt lat="-33.3843073" lon="-70.8424166"><ele>475.0</ele><time>2026-05-18T09:29:34Z</time></trkpt><trkpt lat="-33.3842957" lon="-70.8424266"><ele>475.0</ele><time>2026-05-18T09:29:36Z</time></trkpt><trkpt lat="-33.3842841" lon="-70.8424365"><ele>475.0</ele><time>2026-05-18T09:29:38Z</time></trkpt><trkpt lat="-33.3842726" lon="-70.8424465"><ele>475.0</ele><time>2026-05-18T09:29:40Z</time></trkpt><trkpt lat="-33.3842610" lon="-70.8424564"><ele>475.0</ele><time>2026-05-18T09:29:43Z</time></trkpt><trkpt lat="-33.3842494" lon="-70.8424664"><ele>475.0</ele><time>2026-05-18T09:29:45Z</time></trkpt><trkpt lat="-33.3842378" lon="-70.8424763"><ele>475.0</ele><time>2026-05-18T09:29:47Z</time></trkpt><trkpt lat="-33.3842262" lon="-70.8424862"><ele>475.0</ele><time>2026-05-18T09:29:49Z</time></trkpt><trkpt lat="-33.3842146" lon="-70.8424962"><ele>475.0</ele><time>2026-05-18T09:29:52Z</time></trkpt><trkpt lat="-33.3842030" lon="-70.8425061"><ele>475.0</ele><time>2026-05-18T09:29:54Z</time></trkpt><trkpt lat="-33.3841914" lon="-70.8425161"><ele>475.0</ele><time>2026-05-18T09:29:56Z</time></trkpt><trkpt lat="-33.3841798" lon="-70.8425260"><ele>475.0</ele><time>2026-05-18T09:29:58Z</time></trkpt><trkpt lat="-33.3841366" lon="-70.8426033"><ele>474.9</ele><time>2026-05-18T09:30:01Z</time></trkpt><trkpt lat="-33.3840934" lon="-70.8426806"><ele>474.8</ele><time>2026-05-18T09:30:03Z</time></trkpt><trkpt lat="-33.3840502" lon="-70.8427579"><ele>474.6</ele><time>2026-05-18T09:30:05Z</time></trkpt><trkpt lat="-33.3840070" lon="-70.8428352"><ele>474.5</ele><time>2026-05-18T09:30:07Z</time></trkpt><trkpt lat="-33.3839637" lon="-70.8429125"><ele>474.4</ele><time>2026-05-18T09:30:10Z</time></trkpt><trkpt lat="-33.3839205" lon="-70.8429898"><ele>474.3</ele><time>2026-05-18T09:30:12Z</time></trkpt><trkpt lat="-33.3838773" lon="-70.8430671"><ele>474.2</ele><time>2026-05-18T09:30:14Z</time></trkpt><trkpt lat="-33.3838341" lon="-70.8431444"><ele>474.1</ele><time>2026-05-18T09:30:16Z</time></trkpt><trkpt lat="-33.3837909" lon="-70.8432218"><ele>473.9</ele><time>2026-05-18T09:30:19Z</time></trkpt><trkpt lat="-33.3837477" lon="-70.8432991"><ele>473.8</ele><time>2026-05-18T09:30:21Z</time></trkpt><trkpt lat="-33.3837045" lon="-70.8433764"><ele>473.7</ele><time>2026-05-18T09:30:23Z</time></trkpt><trkpt lat="-33.3836613" lon="-70.8434537"><ele>473.6</ele><time>2026-05-18T09:30:25Z</time></trkpt><trkpt lat="-33.3836180" lon="-70.8435310"><ele>473.5</ele><time>2026-05-18T09:30:28Z</time></trkpt><trkpt lat="-33.3835748" lon="-70.8436083"><ele>473.4</ele><time>2026-05-18T09:30:30Z</time></trkpt><trkpt lat="-33.3835316" lon="-70.8436856"><ele>473.2</ele><time>2026-05-18T09:30:32Z</time></trkpt><trkpt lat="-33.3834884" lon="-70.8437629"><ele>473.1</ele><time>2026-05-18T09:30:34Z</time></trkpt><trkpt lat="-33.3834452" lon="-70.8438402"><ele>473.0</ele><time>2026-05-18T09:30:37Z</time></trkpt><trkpt lat="-33.3834057" lon="-70.8439005"><ele>473.0</ele><time>2026-05-18T09:30:39Z</time></trkpt><trkpt lat="-33.3833662" lon="-70.8439607"><ele>473.0</ele><time>2026-05-18T09:30:41Z</time></trkpt><trkpt lat="-33.3833266" lon="-70.8440210"><ele>473.0</ele><time>2026-05-18T09:30:43Z</time></trkpt><trkpt lat="-33.3832871" lon="-70.8440813"><ele>473.0</ele><time>2026-05-18T09:30:46Z</time></trkpt><trkpt lat="-33.3832476" lon="-70.8441416"><ele>473.0</ele><time>2026-05-18T09:30:48Z</time></trkpt><trkpt lat="-33.3832081" lon="-70.8442018"><ele>473.0</ele><time>2026-05-18T09:30:50Z</time></trkpt><trkpt lat="-33.3831685" lon="-70.8442621"><ele>473.0</ele><time>2026-05-18T09:30:52Z</time></trkpt><trkpt lat="-33.3831290" lon="-70.8443224"><ele>473.0</ele><time>2026-05-18T09:30:55Z</time></trkpt><trkpt lat="-33.3830895" lon="-70.8443826"><ele>473.0</ele><time>2026-05-18T09:30:57Z</time></trkpt><trkpt lat="-33.3830500" lon="-70.8444429"><ele>473.0</ele><time>2026-05-18T09:30:59Z</time></trkpt><trkpt lat="-33.3830104" lon="-70.8445032"><ele>473.0</ele><time>2026-05-18T09:31:01Z</time></trkpt><trkpt lat="-33.3829709" lon="-70.8445634"><ele>473.0</ele><time>2026-05-18T09:31:04Z</time></trkpt><trkpt lat="-33.3829314" lon="-70.8446237"><ele>473.0</ele><time>2026-05-18T09:31:06Z</time></trkpt><trkpt lat="-33.3828919" lon="-70.8446840"><ele>473.0</ele><time>2026-05-18T09:31:08Z</time></trkpt><trkpt lat="-33.3828523" lon="-70.8447443"><ele>473.0</ele><time>2026-05-18T09:31:10Z</time></trkpt><trkpt lat="-33.3828128" lon="-70.8448045"><ele>473.0</ele><time>2026-05-18T09:31:13Z</time></trkpt><trkpt lat="-33.3827733" lon="-70.8448648"><ele>473.0</ele><time>2026-05-18T09:31:15Z</time></trkpt><trkpt lat="-33.3827364" lon="-70.8449519"><ele>472.8</ele><time>2026-05-18T09:31:17Z</time></trkpt><trkpt lat="-33.3826995" lon="-70.8450390"><ele>472.6</ele><time>2026-05-18T09:31:19Z</time></trkpt><trkpt lat="-33.3826626" lon="-70.8451261"><ele>472.5</ele><time>2026-05-18T09:31:22Z</time></trkpt><trkpt lat="-33.3826257" lon="-70.8452132"><ele>472.3</ele><time>2026-05-18T09:31:24Z</time></trkpt><trkpt lat="-33.3825889" lon="-70.8453003"><ele>472.1</ele><time>2026-05-18T09:31:26Z</time></trkpt><trkpt lat="-33.3825520" lon="-70.8453874"><ele>471.9</ele><time>2026-05-18T09:31:28Z</time></trkpt><trkpt lat="-33.3825151" lon="-70.8454745"><ele>471.8</ele><time>2026-05-18T09:31:31Z</time></trkpt><trkpt lat="-33.3824782" lon="-70.8455616"><ele>471.6</ele><time>2026-05-18T09:31:33Z</time></trkpt><trkpt lat="-33.3824413" lon="-70.8456486"><ele>471.4</ele><time>2026-05-18T09:31:35Z</time></trkpt><trkpt lat="-33.3824044" lon="-70.8457357"><ele>471.2</ele><time>2026-05-18T09:31:37Z</time></trkpt><trkpt lat="-33.3823675" lon="-70.8458228"><ele>471.1</ele><time>2026-05-18T09:31:40Z</time></trkpt><trkpt lat="-33.3823306" lon="-70.8459099"><ele>470.9</ele><time>2026-05-18T09:31:42Z</time></trkpt><trkpt lat="-33.3822938" lon="-70.8459970"><ele>470.7</ele><time>2026-05-18T09:31:44Z</time></trkpt><trkpt lat="-33.3822569" lon="-70.8460841"><ele>470.5</ele><time>2026-05-18T09:31:46Z</time></trkpt><trkpt lat="-33.3822200" lon="-70.8461712"><ele>470.4</ele><time>2026-05-18T09:31:49Z</time></trkpt><trkpt lat="-33.3821831" lon="-70.8462583"><ele>470.2</ele><time>2026-05-18T09:31:51Z</time></trkpt><trkpt lat="-33.3821462" lon="-70.8463454"><ele>470.0</ele><time>2026-05-18T09:31:53Z</time></trkpt><trkpt lat="-33.3821224" lon="-70.8463990"><ele>470.0</ele><time>2026-05-18T09:31:55Z</time></trkpt><trkpt lat="-33.3820985" lon="-70.8464527"><ele>470.0</ele><time>2026-05-18T09:31:58Z</time></trkpt><trkpt lat="-33.3820747" lon="-70.8465063"><ele>470.0</ele><time>2026-05-18T09:32:00Z</time></trkpt><trkpt lat="-33.3820508" lon="-70.8465600"><ele>470.0</ele><time>2026-05-18T09:32:02Z</time></trkpt><trkpt lat="-33.3820270" lon="-70.8466136"><ele>470.0</ele><time>2026-05-18T09:32:04Z</time></trkpt><trkpt lat="-33.3820031" lon="-70.8466673"><ele>470.0</ele><time>2026-05-18T09:32:07Z</time></trkpt><trkpt lat="-33.3819793" lon="-70.8467209"><ele>470.0</ele><time>2026-05-18T09:32:09Z</time></trkpt><trkpt lat="-33.3819554" lon="-70.8467746"><ele>470.0</ele><time>2026-05-18T09:32:11Z</time></trkpt><trkpt lat="-33.3819316" lon="-70.8468282"><ele>470.0</ele><time>2026-05-18T09:32:13Z</time></trkpt><trkpt lat="-33.3819077" lon="-70.8468819"><ele>470.0</ele><time>2026-05-18T09:32:16Z</time></trkpt><trkpt lat="-33.3818839" lon="-70.8469355"><ele>470.0</ele><time>2026-05-18T09:32:18Z</time></trkpt><trkpt lat="-33.3818600" lon="-70.8469892"><ele>470.0</ele><time>2026-05-18T09:32:20Z</time></trkpt><trkpt lat="-33.3818362" lon="-70.8470428"><ele>470.0</ele><time>2026-05-18T09:32:22Z</time></trkpt><trkpt lat="-33.3818123" lon="-70.8470965"><ele>470.0</ele><time>2026-05-18T09:32:25Z</time></trkpt><trkpt lat="-33.3817885" lon="-70.8471501"><ele>470.0</ele><time>2026-05-18T09:32:27Z</time></trkpt><trkpt lat="-33.3817646" lon="-70.8472038"><ele>470.0</ele><time>2026-05-18T09:32:29Z</time></trkpt><trkpt lat="-33.3817408" lon="-70.8472574"><ele>470.0</ele><time>2026-05-18T09:32:31Z</time></trkpt><trkpt lat="-33.3817052" lon="-70.8472869"><ele>470.0</ele><time>2026-05-18T09:32:34Z</time></trkpt><trkpt lat="-33.3816697" lon="-70.8473164"><ele>470.0</ele><time>2026-05-18T09:32:36Z</time></trkpt><trkpt lat="-33.3816341" lon="-70.8473459"><ele>470.0</ele><time>2026-05-18T09:32:38Z</time></trkpt><trkpt lat="-33.3815985" lon="-70.8473754"><ele>470.0</ele><time>2026-05-18T09:32:40Z</time></trkpt><trkpt lat="-33.3815629" lon="-70.8474049"><ele>470.0</ele><time>2026-05-18T09:32:43Z</time></trkpt><trkpt lat="-33.3815274" lon="-70.8474344"><ele>470.0</ele><time>2026-05-18T09:32:45Z</time></trkpt><trkpt lat="-33.3814918" lon="-70.8474639"><ele>470.0</ele><time>2026-05-18T09:32:47Z</time></trkpt><trkpt lat="-33.3814562" lon="-70.8474934"><ele>470.0</ele><time>2026-05-18T09:32:49Z</time></trkpt><trkpt lat="-33.3814207" lon="-70.8475229"><ele>470.0</ele><time>2026-05-18T09:32:52Z</time></trkpt><trkpt lat="-33.3813851" lon="-70.8475524"><ele>470.0</ele><time>2026-05-18T09:32:54Z</time></trkpt><trkpt lat="-33.3813495" lon="-70.8475819"><ele>470.0</ele><time>2026-05-18T09:32:56Z</time></trkpt><trkpt lat="-33.3813140" lon="-70.8476114"><ele>470.0</ele><time>2026-05-18T09:32:58Z</time></trkpt><trkpt lat="-33.3812784" lon="-70.8476409"><ele>470.0</ele><time>2026-05-18T09:33:01Z</time></trkpt><trkpt lat="-33.3812428" lon="-70.8476704"><ele>470.0</ele><time>2026-05-18T09:33:03Z</time></trkpt><trkpt lat="-33.3812072" lon="-70.8476999"><ele>470.0</ele><time>2026-05-18T09:33:05Z</time></trkpt><trkpt lat="-33.3811717" lon="-70.8477294"><ele>470.0</ele><time>2026-05-18T09:33:07Z</time></trkpt><trkpt lat="-33.3811361" lon="-70.8477589"><ele>470.0</ele><time>2026-05-18T09:33:10Z</time></trkpt><trkpt lat="-33.3811001" lon="-70.8477660"><ele>470.1</ele><time>2026-05-18T09:33:12Z</time></trkpt><trkpt lat="-33.3810642" lon="-70.8477731"><ele>470.2</ele><time>2026-05-18T09:33:14Z</time></trkpt><trkpt lat="-33.3810282" lon="-70.8477802"><ele>470.4</ele><time>2026-05-18T09:33:16Z</time></trkpt><trkpt lat="-33.3809922" lon="-70.8477873"><ele>470.5</ele><time>2026-05-18T09:33:19Z</time></trkpt><trkpt lat="-33.3809562" lon="-70.8477944"><ele>470.6</ele><time>2026-05-18T09:33:21Z</time></trkpt><trkpt lat="-33.3809203" lon="-70.8478015"><ele>470.7</ele><time>2026-05-18T09:33:23Z</time></trkpt><trkpt lat="-33.3808843" lon="-70.8478086"><ele>470.8</ele><time>2026-05-18T09:33:26Z</time></trkpt><trkpt lat="-33.3808483" lon="-70.8478157"><ele>470.9</ele><time>2026-05-18T09:33:28Z</time></trkpt><trkpt lat="-33.3808124" lon="-70.8478228"><ele>471.1</ele><time>2026-05-18T09:33:30Z</time></trkpt><trkpt lat="-33.3807764" lon="-70.8478299"><ele>471.2</ele><time>2026-05-18T09:33:32Z</time></trkpt><trkpt lat="-33.3807404" lon="-70.8478370"><ele>471.3</ele><time>2026-05-18T09:33:35Z</time></trkpt><trkpt lat="-33.3807045" lon="-70.8478441"><ele>471.4</ele><time>2026-05-18T09:33:37Z</time></trkpt><trkpt lat="-33.3806685" lon="-70.8478512"><ele>471.5</ele><time>2026-05-18T09:33:39Z</time></trkpt><trkpt lat="-33.3806325" lon="-70.8478583"><ele>471.6</ele><time>2026-05-18T09:33:41Z</time></trkpt><trkpt lat="-33.3805965" lon="-70.8478654"><ele>471.8</ele><time>2026-05-18T09:33:44Z</time></trkpt><trkpt lat="-33.3805606" lon="-70.8478725"><ele>471.9</ele><time>2026-05-18T09:33:46Z</time></trkpt><trkpt lat="-33.3805246" lon="-70.8478796"><ele>472.0</ele><time>2026-05-18T09:33:48Z</time></trkpt><trkpt lat="-33.3802922" lon="-70.8478329"><ele>472.0</ele><time>2026-05-18T09:33:50Z</time></trkpt><trkpt lat="-33.3800598" lon="-70.8477862"><ele>472.0</ele><time>2026-05-18T09:33:53Z</time></trkpt><trkpt lat="-33.3798274" lon="-70.8477395"><ele>472.0</ele><time>2026-05-18T09:33:55Z</time></trkpt><trkpt lat="-33.3795950" lon="-70.8476928"><ele>472.0</ele><time>2026-05-18T09:33:57Z</time></trkpt><trkpt lat="-33.3793625" lon="-70.8476461"><ele>472.0</ele><time>2026-05-18T09:33:59Z</time></trkpt><trkpt lat="-33.3791301" lon="-70.8475994"><ele>472.0</ele><time>2026-05-18T09:34:02Z</time></trkpt><trkpt lat="-33.3788977" lon="-70.8475527"><ele>472.0</ele><time>2026-05-18T09:34:04Z</time></trkpt><trkpt lat="-33.3786653" lon="-70.8475060"><ele>472.0</ele><time>2026-05-18T09:34:06Z</time></trkpt><trkpt lat="-33.3784329" lon="-70.8474593"><ele>472.0</ele><time>2026-05-18T09:34:08Z</time></trkpt><trkpt lat="-33.3782005" lon="-70.8474126"><ele>472.0</ele><time>2026-05-18T09:34:11Z</time></trkpt><trkpt lat="-33.3779681" lon="-70.8473659"><ele>472.0</ele><time>2026-05-18T09:34:13Z</time></trkpt><trkpt lat="-33.3777357" lon="-70.8473192"><ele>472.0</ele><time>2026-05-18T09:34:15Z</time></trkpt><trkpt lat="-33.3775032" lon="-70.8472725"><ele>472.0</ele><time>2026-05-18T09:34:17Z</time></trkpt><trkpt lat="-33.3772708" lon="-70.8472258"><ele>472.0</ele><time>2026-05-18T09:34:20Z</time></trkpt><trkpt lat="-33.3770384" lon="-70.8471791"><ele>472.0</ele><time>2026-05-18T09:34:22Z</time></trkpt><trkpt lat="-33.3768060" lon="-70.8471324"><ele>472.0</ele><time>2026-05-18T09:34:24Z</time></trkpt><trkpt lat="-33.3765736" lon="-70.8470857"><ele>472.0</ele><time>2026-05-18T09:34:26Z</time></trkpt><trkpt lat="-33.3761446" lon="-70.8469929"><ele>472.1</ele><time>2026-05-18T09:34:29Z</time></trkpt><trkpt lat="-33.3757156" lon="-70.8469002"><ele>472.2</ele><time>2026-05-18T09:34:31Z</time></trkpt><trkpt lat="-33.3752866" lon="-70.8468074"><ele>472.4</ele><time>2026-05-18T09:34:33Z</time></trkpt><trkpt lat="-33.3748576" lon="-70.8467146"><ele>472.5</ele><time>2026-05-18T09:34:35Z</time></trkpt><trkpt lat="-33.3744285" lon="-70.8466218"><ele>472.6</ele><time>2026-05-18T09:34:38Z</time></trkpt><trkpt lat="-33.3739995" lon="-70.8465291"><ele>472.7</ele><time>2026-05-18T09:34:40Z</time></trkpt><trkpt lat="-33.3735705" lon="-70.8464363"><ele>472.8</ele><time>2026-05-18T09:34:42Z</time></trkpt><trkpt lat="-33.3731415" lon="-70.8463435"><ele>472.9</ele><time>2026-05-18T09:34:44Z</time></trkpt><trkpt lat="-33.3727125" lon="-70.8462508"><ele>473.1</ele><time>2026-05-18T09:34:47Z</time></trkpt><trkpt lat="-33.3722835" lon="-70.8461580"><ele>473.2</ele><time>2026-05-18T09:34:49Z</time></trkpt><trkpt lat="-33.3718545" lon="-70.8460652"><ele>473.3</ele><time>2026-05-18T09:34:51Z</time></trkpt><trkpt lat="-33.3714255" lon="-70.8459725"><ele>473.4</ele><time>2026-05-18T09:34:53Z</time></trkpt><trkpt lat="-33.3709964" lon="-70.8458797"><ele>473.5</ele><time>2026-05-18T09:34:56Z</time></trkpt><trkpt lat="-33.3705674" lon="-70.8457869"><ele>473.6</ele><time>2026-05-18T09:34:58Z</time></trkpt><trkpt lat="-33.3701384" lon="-70.8456941"><ele>473.8</ele><time>2026-05-18T09:35:00Z</time></trkpt><trkpt lat="-33.3697094" lon="-70.8456014"><ele>473.9</ele><time>2026-05-18T09:35:02Z</time></trkpt><trkpt lat="-33.3692804" lon="-70.8455086"><ele>474.0</ele><time>2026-05-18T09:35:05Z</time></trkpt><trkpt lat="-33.3690569" lon="-70.8454707"><ele>474.1</ele><time>2026-05-18T09:35:07Z</time></trkpt><trkpt lat="-33.3688334" lon="-70.8454329"><ele>474.2</ele><time>2026-05-18T09:35:09Z</time></trkpt><trkpt lat="-33.3686100" lon="-70.8453950"><ele>474.4</ele><time>2026-05-18T09:35:11Z</time></trkpt><trkpt lat="-33.3683865" lon="-70.8453571"><ele>474.5</ele><time>2026-05-18T09:35:14Z</time></trkpt><trkpt lat="-33.3681630" lon="-70.8453192"><ele>474.6</ele><time>2026-05-18T09:35:16Z</time></trkpt><trkpt lat="-33.3679395" lon="-70.8452814"><ele>474.7</ele><time>2026-05-18T09:35:18Z</time></trkpt><trkpt lat="-33.3677160" lon="-70.8452435"><ele>474.8</ele><time>2026-05-18T09:35:20Z</time></trkpt><trkpt lat="-33.3674925" lon="-70.8452056"><ele>474.9</ele><time>2026-05-18T09:35:23Z</time></trkpt><trkpt lat="-33.3672691" lon="-70.8451678"><ele>475.1</ele><time>2026-05-18T09:35:25Z</time></trkpt><trkpt lat="-33.3670456" lon="-70.8451299"><ele>475.2</ele><time>2026-05-18T09:35:27Z</time></trkpt><trkpt lat="-33.3668221" lon="-70.8450920"><ele>475.3</ele><time>2026-05-18T09:35:29Z</time></trkpt><trkpt lat="-33.3665986" lon="-70.8450542"><ele>475.4</ele><time>2026-05-18T09:35:32Z</time></trkpt><trkpt lat="-33.3663751" lon="-70.8450163"><ele>475.5</ele><time>2026-05-18T09:35:34Z</time></trkpt><trkpt lat="-33.3661516" lon="-70.8449784"><ele>475.6</ele><time>2026-05-18T09:35:36Z</time></trkpt><trkpt lat="-33.3659282" lon="-70.8449405"><ele>475.8</ele><time>2026-05-18T09:35:38Z</time></trkpt><trkpt lat="-33.3657047" lon="-70.8449027"><ele>475.9</ele><time>2026-05-18T09:35:41Z</time></trkpt><trkpt lat="-33.3654812" lon="-70.8448648"><ele>476.0</ele><time>2026-05-18T09:35:43Z</time></trkpt><trkpt lat="-33.3650637" lon="-70.8447840"><ele>475.9</ele><time>2026-05-18T09:35:45Z</time></trkpt><trkpt lat="-33.3646463" lon="-70.8447032"><ele>475.9</ele><time>2026-05-18T09:35:47Z</time></trkpt><trkpt lat="-33.3642288" lon="-70.8446225"><ele>475.8</ele><time>2026-05-18T09:35:50Z</time></trkpt><trkpt lat="-33.3638113" lon="-70.8445417"><ele>475.8</ele><time>2026-05-18T09:35:52Z</time></trkpt><trkpt lat="-33.3633938" lon="-70.8444609"><ele>475.7</ele><time>2026-05-18T09:35:54Z</time></trkpt><trkpt lat="-33.3629764" lon="-70.8443801"><ele>475.6</ele><time>2026-05-18T09:35:56Z</time></trkpt><trkpt lat="-33.3625589" lon="-70.8442994"><ele>475.6</ele><time>2026-05-18T09:35:59Z</time></trkpt><trkpt lat="-33.3621414" lon="-70.8442186"><ele>475.5</ele><time>2026-05-18T09:36:01Z</time></trkpt><trkpt lat="-33.3617240" lon="-70.8441378"><ele>475.5</ele><time>2026-05-18T09:36:03Z</time></trkpt><trkpt lat="-33.3613065" lon="-70.8440570"><ele>475.4</ele><time>2026-05-18T09:36:05Z</time></trkpt><trkpt lat="-33.3608890" lon="-70.8439763"><ele>475.4</ele><time>2026-05-18T09:36:08Z</time></trkpt><trkpt lat="-33.3604716" lon="-70.8438955"><ele>475.3</ele><time>2026-05-18T09:36:10Z</time></trkpt><trkpt lat="-33.3600541" lon="-70.8438147"><ele>475.2</ele><time>2026-05-18T09:36:12Z</time></trkpt><trkpt lat="-33.3596366" lon="-70.8437339"><ele>475.2</ele><time>2026-05-18T09:36:14Z</time></trkpt><trkpt lat="-33.3592191" lon="-70.8436532"><ele>475.1</ele><time>2026-05-18T09:36:17Z</time></trkpt><trkpt lat="-33.3588017" lon="-70.8435724"><ele>475.1</ele><time>2026-05-18T09:36:19Z</time></trkpt><trkpt lat="-33.3583842" lon="-70.8434916"><ele>475.0</ele><time>2026-05-18T09:36:21Z</time></trkpt><trkpt lat="-33.3579572" lon="-70.8434020"><ele>475.2</ele><time>2026-05-18T09:36:23Z</time></trkpt><trkpt lat="-33.3575302" lon="-70.8433124"><ele>475.4</ele><time>2026-05-18T09:36:26Z</time></trkpt><trkpt lat="-33.3571032" lon="-70.8432227"><ele>475.5</ele><time>2026-05-18T09:36:28Z</time></trkpt><trkpt lat="-33.3566762" lon="-70.8431331"><ele>475.7</ele><time>2026-05-18T09:36:30Z</time></trkpt><trkpt lat="-33.3562492" lon="-70.8430435"><ele>475.9</ele><time>2026-05-18T09:36:32Z</time></trkpt><trkpt lat="-33.3558222" lon="-70.8429539"><ele>476.1</ele><time>2026-05-18T09:36:35Z</time></trkpt><trkpt lat="-33.3553952" lon="-70.8428643"><ele>476.2</ele><time>2026-05-18T09:36:37Z</time></trkpt><trkpt lat="-33.3549682" lon="-70.8427747"><ele>476.4</ele><time>2026-05-18T09:36:39Z</time></trkpt><trkpt lat="-33.3545413" lon="-70.8426850"><ele>476.6</ele><time>2026-05-18T09:36:41Z</time></trkpt><trkpt lat="-33.3541143" lon="-70.8425954"><ele>476.8</ele><time>2026-05-18T09:36:44Z</time></trkpt><trkpt lat="-33.3536873" lon="-70.8425058"><ele>476.9</ele><time>2026-05-18T09:36:46Z</time></trkpt><trkpt lat="-33.3532603" lon="-70.8424162"><ele>477.1</ele><time>2026-05-18T09:36:48Z</time></trkpt><trkpt lat="-33.3528333" lon="-70.8423266"><ele>477.3</ele><time>2026-05-18T09:36:50Z</time></trkpt><trkpt lat="-33.3524063" lon="-70.8422370"><ele>477.5</ele><time>2026-05-18T09:36:53Z</time></trkpt><trkpt lat="-33.3519793" lon="-70.8421473"><ele>477.6</ele><time>2026-05-18T09:36:55Z</time></trkpt><trkpt lat="-33.3515523" lon="-70.8420577"><ele>477.8</ele><time>2026-05-18T09:36:57Z</time></trkpt><trkpt lat="-33.3511253" lon="-70.8419681"><ele>478.0</ele><time>2026-05-18T09:36:59Z</time></trkpt><trkpt lat="-33.3508100" lon="-70.8419025"><ele>478.1</ele><time>2026-05-18T09:37:02Z</time></trkpt><trkpt lat="-33.3504948" lon="-70.8418368"><ele>478.1</ele><time>2026-05-18T09:37:04Z</time></trkpt><trkpt lat="-33.3501795" lon="-70.8417712"><ele>478.2</ele><time>2026-05-18T09:37:06Z</time></trkpt><trkpt lat="-33.3498643" lon="-70.8417056"><ele>478.2</ele><time>2026-05-18T09:37:08Z</time></trkpt><trkpt lat="-33.3495490" lon="-70.8416399"><ele>478.3</ele><time>2026-05-18T09:37:11Z</time></trkpt><trkpt lat="-33.3492337" lon="-70.8415743"><ele>478.4</ele><time>2026-05-18T09:37:13Z</time></trkpt><trkpt lat="-33.3489185" lon="-70.8415087"><ele>478.4</ele><time>2026-05-18T09:37:15Z</time></trkpt><trkpt lat="-33.3486032" lon="-70.8414430"><ele>478.5</ele><time>2026-05-18T09:37:17Z</time></trkpt><trkpt lat="-33.3482880" lon="-70.8413774"><ele>478.5</ele><time>2026-05-18T09:37:20Z</time></trkpt><trkpt lat="-33.3479727" lon="-70.8413117"><ele>478.6</ele><time>2026-05-18T09:37:22Z</time></trkpt><trkpt lat="-33.3476575" lon="-70.8412461"><ele>478.6</ele><time>2026-05-18T09:37:24Z</time></trkpt><trkpt lat="-33.3473422" lon="-70.8411805"><ele>478.7</ele><time>2026-05-18T09:37:26Z</time></trkpt><trkpt lat="-33.3470269" lon="-70.8411148"><ele>478.8</ele><time>2026-05-18T09:37:29Z</time></trkpt><trkpt lat="-33.3467117" lon="-70.8410492"><ele>478.8</ele><time>2026-05-18T09:37:31Z</time></trkpt><trkpt lat="-33.3463964" lon="-70.8409836"><ele>478.9</ele><time>2026-05-18T09:37:33Z</time></trkpt><trkpt lat="-33.3460812" lon="-70.8409179"><ele>478.9</ele><time>2026-05-18T09:37:35Z</time></trkpt><trkpt lat="-33.3457659" lon="-70.8408523"><ele>479.0</ele><time>2026-05-18T09:37:38Z</time></trkpt><trkpt lat="-33.3453040" lon="-70.8407602"><ele>479.1</ele><time>2026-05-18T09:37:40Z</time></trkpt><trkpt lat="-33.3448422" lon="-70.8406680"><ele>479.2</ele><time>2026-05-18T09:37:42Z</time></trkpt><trkpt lat="-33.3443803" lon="-70.8405759"><ele>479.4</ele><time>2026-05-18T09:37:44Z</time></trkpt><trkpt lat="-33.3439185" lon="-70.8404837"><ele>479.5</ele><time>2026-05-18T09:37:47Z</time></trkpt><trkpt lat="-33.3434566" lon="-70.8403916"><ele>479.6</ele><time>2026-05-18T09:37:49Z</time></trkpt><trkpt lat="-33.3429948" lon="-70.8402995"><ele>479.7</ele><time>2026-05-18T09:37:51Z</time></trkpt><trkpt lat="-33.3425329" lon="-70.8402073"><ele>479.8</ele><time>2026-05-18T09:37:53Z</time></trkpt><trkpt lat="-33.3420711" lon="-70.8401152"><ele>479.9</ele><time>2026-05-18T09:37:56Z</time></trkpt><trkpt lat="-33.3416092" lon="-70.8400230"><ele>480.1</ele><time>2026-05-18T09:37:58Z</time></trkpt><trkpt lat="-33.3411474" lon="-70.8399309"><ele>480.2</ele><time>2026-05-18T09:38:00Z</time></trkpt><trkpt lat="-33.3406855" lon="-70.8398387"><ele>480.3</ele><time>2026-05-18T09:38:02Z</time></trkpt><trkpt lat="-33.3402237" lon="-70.8397466"><ele>480.4</ele><time>2026-05-18T09:38:05Z</time></trkpt><trkpt lat="-33.3397618" lon="-70.8396545"><ele>480.5</ele><time>2026-05-18T09:38:07Z</time></trkpt><trkpt lat="-33.3393000" lon="-70.8395623"><ele>480.6</ele><time>2026-05-18T09:38:09Z</time></trkpt><trkpt lat="-33.3388381" lon="-70.8394702"><ele>480.8</ele><time>2026-05-18T09:38:11Z</time></trkpt><trkpt lat="-33.3383763" lon="-70.8393780"><ele>480.9</ele><time>2026-05-18T09:38:14Z</time></trkpt><trkpt lat="-33.3379144" lon="-70.8392859"><ele>481.0</ele><time>2026-05-18T09:38:16Z</time></trkpt><trkpt lat="-33.3375827" lon="-70.8392165"><ele>481.1</ele><time>2026-05-18T09:38:18Z</time></trkpt><trkpt lat="-33.3372511" lon="-70.8391471"><ele>481.1</ele><time>2026-05-18T09:38:20Z</time></trkpt><trkpt lat="-33.3369194" lon="-70.8390776"><ele>481.2</ele><time>2026-05-18T09:38:23Z</time></trkpt><trkpt lat="-33.3365878" lon="-70.8390082"><ele>481.2</ele><time>2026-05-18T09:38:25Z</time></trkpt><trkpt lat="-33.3362561" lon="-70.8389388"><ele>481.3</ele><time>2026-05-18T09:38:27Z</time></trkpt><trkpt lat="-33.3359244" lon="-70.8388694"><ele>481.4</ele><time>2026-05-18T09:38:29Z</time></trkpt><trkpt lat="-33.3355928" lon="-70.8387999"><ele>481.4</ele><time>2026-05-18T09:38:32Z</time></trkpt><trkpt lat="-33.3352611" lon="-70.8387305"><ele>481.5</ele><time>2026-05-18T09:38:34Z</time></trkpt><trkpt lat="-33.3349295" lon="-70.8386611"><ele>481.5</ele><time>2026-05-18T09:38:36Z</time></trkpt><trkpt lat="-33.3345978" lon="-70.8385917"><ele>481.6</ele><time>2026-05-18T09:38:38Z</time></trkpt><trkpt lat="-33.3342662" lon="-70.8385222"><ele>481.6</ele><time>2026-05-18T09:38:41Z</time></trkpt><trkpt lat="-33.3339345" lon="-70.8384528"><ele>481.7</ele><time>2026-05-18T09:38:43Z</time></trkpt><trkpt lat="-33.3336028" lon="-70.8383834"><ele>481.8</ele><time>2026-05-18T09:38:45Z</time></trkpt><trkpt lat="-33.3332712" lon="-70.8383140"><ele>481.8</ele><time>2026-05-18T09:38:47Z</time></trkpt><trkpt lat="-33.3329395" lon="-70.8382445"><ele>481.9</ele><time>2026-05-18T09:38:50Z</time></trkpt><trkpt lat="-33.3326079" lon="-70.8381751"><ele>481.9</ele><time>2026-05-18T09:38:52Z</time></trkpt><trkpt lat="-33.3322762" lon="-70.8381057"><ele>482.0</ele><time>2026-05-18T09:38:54Z</time></trkpt><trkpt lat="-33.3319366" lon="-70.8380394"><ele>482.3</ele><time>2026-05-18T09:38:56Z</time></trkpt><trkpt lat="-33.3315970" lon="-70.8379732"><ele>482.6</ele><time>2026-05-18T09:38:59Z</time></trkpt><trkpt lat="-33.3312575" lon="-70.8379069"><ele>482.9</ele><time>2026-05-18T09:39:01Z</time></trkpt><trkpt lat="-33.3309179" lon="-70.8378406"><ele>483.2</ele><time>2026-05-18T09:39:03Z</time></trkpt><trkpt lat="-33.3305783" lon="-70.8377744"><ele>483.5</ele><time>2026-05-18T09:39:05Z</time></trkpt><trkpt lat="-33.3302387" lon="-70.8377081"><ele>483.8</ele><time>2026-05-18T09:39:08Z</time></trkpt><trkpt lat="-33.3298991" lon="-70.8376418"><ele>484.1</ele><time>2026-05-18T09:39:10Z</time></trkpt><trkpt lat="-33.3295595" lon="-70.8375756"><ele>484.4</ele><time>2026-05-18T09:39:12Z</time></trkpt><trkpt lat="-33.3292200" lon="-70.8375093"><ele>484.6</ele><time>2026-05-18T09:39:14Z</time></trkpt><trkpt lat="-33.3288804" lon="-70.8374431"><ele>484.9</ele><time>2026-05-18T09:39:17Z</time></trkpt><trkpt lat="-33.3285408" lon="-70.8373768"><ele>485.2</ele><time>2026-05-18T09:39:19Z</time></trkpt><trkpt lat="-33.3282012" lon="-70.8373105"><ele>485.5</ele><time>2026-05-18T09:39:21Z</time></trkpt><trkpt lat="-33.3278616" lon="-70.8372443"><ele>485.8</ele><time>2026-05-18T09:39:23Z</time></trkpt><trkpt lat="-33.3275220" lon="-70.8371780"><ele>486.1</ele><time>2026-05-18T09:39:26Z</time></trkpt><trkpt lat="-33.3271825" lon="-70.8371117"><ele>486.4</ele><time>2026-05-18T09:39:28Z</time></trkpt><trkpt lat="-33.3268429" lon="-70.8370455"><ele>486.7</ele><time>2026-05-18T09:39:30Z</time></trkpt><trkpt lat="-33.3265033" lon="-70.8369792"><ele>487.0</ele><time>2026-05-18T09:39:32Z</time></trkpt><trkpt lat="-33.3263166" lon="-70.8369186"><ele>487.0</ele><time>2026-05-18T09:39:35Z</time></trkpt><trkpt lat="-33.3261299" lon="-70.8368580"><ele>487.0</ele><time>2026-05-18T09:39:37Z</time></trkpt><trkpt lat="-33.3259433" lon="-70.8367974"><ele>487.0</ele><time>2026-05-18T09:39:39Z</time></trkpt><trkpt lat="-33.3257566" lon="-70.8367368"><ele>487.0</ele><time>2026-05-18T09:39:41Z</time></trkpt><trkpt lat="-33.3255699" lon="-70.8366763"><ele>487.0</ele><time>2026-05-18T09:39:44Z</time></trkpt><trkpt lat="-33.3253832" lon="-70.8366157"><ele>487.0</ele><time>2026-05-18T09:39:46Z</time></trkpt><trkpt lat="-33.3251966" lon="-70.8365551"><ele>487.0</ele><time>2026-05-18T09:39:48Z</time></trkpt><trkpt lat="-33.3250099" lon="-70.8364945"><ele>487.0</ele><time>2026-05-18T09:39:50Z</time></trkpt><trkpt lat="-33.3248232" lon="-70.8364339"><ele>487.0</ele><time>2026-05-18T09:39:53Z</time></trkpt><trkpt lat="-33.3246365" lon="-70.8363733"><ele>487.0</ele><time>2026-05-18T09:39:55Z</time></trkpt><trkpt lat="-33.3244499" lon="-70.8363127"><ele>487.0</ele><time>2026-05-18T09:39:57Z</time></trkpt><trkpt lat="-33.3242632" lon="-70.8362521"><ele>487.0</ele><time>2026-05-18T09:39:59Z</time></trkpt><trkpt lat="-33.3240765" lon="-70.8361916"><ele>487.0</ele><time>2026-05-18T09:40:02Z</time></trkpt><trkpt lat="-33.3238898" lon="-70.8361310"><ele>487.0</ele><time>2026-05-18T09:40:04Z</time></trkpt><trkpt lat="-33.3237032" lon="-70.8360704"><ele>487.0</ele><time>2026-05-18T09:40:06Z</time></trkpt><trkpt lat="-33.3235165" lon="-70.8360098"><ele>487.0</ele><time>2026-05-18T09:40:09Z</time></trkpt><trkpt lat="-33.3233298" lon="-70.8359492"><ele>487.0</ele><time>2026-05-18T09:40:11Z</time></trkpt><trkpt lat="-33.3232401" lon="-70.8359366"><ele>487.0</ele><time>2026-05-18T09:40:13Z</time></trkpt><trkpt lat="-33.3231505" lon="-70.8359240"><ele>487.0</ele><time>2026-05-18T09:40:15Z</time></trkpt><trkpt lat="-33.3230608" lon="-70.8359113"><ele>487.0</ele><time>2026-05-18T09:40:18Z</time></trkpt><trkpt lat="-33.3229712" lon="-70.8358987"><ele>487.0</ele><time>2026-05-18T09:40:20Z</time></trkpt><trkpt lat="-33.3228815" lon="-70.8358861"><ele>487.0</ele><time>2026-05-18T09:40:22Z</time></trkpt><trkpt lat="-33.3227919" lon="-70.8358735"><ele>487.0</ele><time>2026-05-18T09:40:24Z</time></trkpt><trkpt lat="-33.3227022" lon="-70.8358608"><ele>487.0</ele><time>2026-05-18T09:40:27Z</time></trkpt><trkpt lat="-33.3226126" lon="-70.8358482"><ele>487.0</ele><time>2026-05-18T09:40:29Z</time></trkpt><trkpt lat="-33.3225229" lon="-70.8358356"><ele>487.0</ele><time>2026-05-18T09:40:31Z</time></trkpt><trkpt lat="-33.3224333" lon="-70.8358230"><ele>487.0</ele><time>2026-05-18T09:40:33Z</time></trkpt><trkpt lat="-33.3223436" lon="-70.8358103"><ele>487.0</ele><time>2026-05-18T09:40:36Z</time></trkpt><trkpt lat="-33.3222540" lon="-70.8357977"><ele>487.0</ele><time>2026-05-18T09:40:38Z</time></trkpt><trkpt lat="-33.3221643" lon="-70.8357851"><ele>487.0</ele><time>2026-05-18T09:40:40Z</time></trkpt><trkpt lat="-33.3220747" lon="-70.8357725"><ele>487.0</ele><time>2026-05-18T09:40:42Z</time></trkpt><trkpt lat="-33.3219850" lon="-70.8357598"><ele>487.0</ele><time>2026-05-18T09:40:45Z</time></trkpt><trkpt lat="-33.3218954" lon="-70.8357472"><ele>487.0</ele><time>2026-05-18T09:40:47Z</time></trkpt><trkpt lat="-33.3218057" lon="-70.8357346"><ele>487.0</ele><time>2026-05-18T09:40:49Z</time></trkpt><trkpt lat="-33.3216380" lon="-70.8357188"><ele>486.8</ele><time>2026-05-18T09:40:51Z</time></trkpt><trkpt lat="-33.3214703" lon="-70.8357030"><ele>486.6</ele><time>2026-05-18T09:40:54Z</time></trkpt><trkpt lat="-33.3213026" lon="-70.8356873"><ele>486.5</ele><time>2026-05-18T09:40:56Z</time></trkpt><trkpt lat="-33.3211349" lon="-70.8356715"><ele>486.3</ele><time>2026-05-18T09:40:58Z</time></trkpt><trkpt lat="-33.3209672" lon="-70.8356557"><ele>486.1</ele><time>2026-05-18T09:41:00Z</time></trkpt><trkpt lat="-33.3207995" lon="-70.8356399"><ele>485.9</ele><time>2026-05-18T09:41:03Z</time></trkpt><trkpt lat="-33.3206318" lon="-70.8356242"><ele>485.8</ele><time>2026-05-18T09:41:05Z</time></trkpt><trkpt lat="-33.3204641" lon="-70.8356084"><ele>485.6</ele><time>2026-05-18T09:41:07Z</time></trkpt><trkpt lat="-33.3202964" lon="-70.8355926"><ele>485.4</ele><time>2026-05-18T09:41:09Z</time></trkpt><trkpt lat="-33.3201287" lon="-70.8355768"><ele>485.2</ele><time>2026-05-18T09:41:12Z</time></trkpt><trkpt lat="-33.3199610" lon="-70.8355611"><ele>485.1</ele><time>2026-05-18T09:41:14Z</time></trkpt><trkpt lat="-33.3197933" lon="-70.8355453"><ele>484.9</ele><time>2026-05-18T09:41:16Z</time></trkpt><trkpt lat="-33.3196256" lon="-70.8355295"><ele>484.7</ele><time>2026-05-18T09:41:18Z</time></trkpt><trkpt lat="-33.3194579" lon="-70.8355137"><ele>484.5</ele><time>2026-05-18T09:41:21Z</time></trkpt><trkpt lat="-33.3192902" lon="-70.8354980"><ele>484.4</ele><time>2026-05-18T09:41:23Z</time></trkpt><trkpt lat="-33.3191225" lon="-70.8354822"><ele>484.2</ele><time>2026-05-18T09:41:25Z</time></trkpt><trkpt lat="-33.3189548" lon="-70.8354664"><ele>484.0</ele><time>2026-05-18T09:41:27Z</time></trkpt><trkpt lat="-33.3188625" lon="-70.8354555"><ele>484.1</ele><time>2026-05-18T09:41:30Z</time></trkpt><trkpt lat="-33.3187702" lon="-70.8354446"><ele>484.1</ele><time>2026-05-18T09:41:32Z</time></trkpt><trkpt lat="-33.3186779" lon="-70.8354337"><ele>484.2</ele><time>2026-05-18T09:41:34Z</time></trkpt><trkpt lat="-33.3185856" lon="-70.8354228"><ele>484.2</ele><time>2026-05-18T09:41:36Z</time></trkpt><trkpt lat="-33.3184934" lon="-70.8354120"><ele>484.3</ele><time>2026-05-18T09:41:39Z</time></trkpt><trkpt lat="-33.3184011" lon="-70.8354011"><ele>484.4</ele><time>2026-05-18T09:41:41Z</time></trkpt><trkpt lat="-33.3183088" lon="-70.8353902"><ele>484.4</ele><time>2026-05-18T09:41:43Z</time></trkpt><trkpt lat="-33.3182165" lon="-70.8353793"><ele>484.5</ele><time>2026-05-18T09:41:45Z</time></trkpt><trkpt lat="-33.3181242" lon="-70.8353684"><ele>484.5</ele><time>2026-05-18T09:41:48Z</time></trkpt><trkpt lat="-33.3180319" lon="-70.8353575"><ele>484.6</ele><time>2026-05-18T09:41:50Z</time></trkpt><trkpt lat="-33.3179396" lon="-70.8353466"><ele>484.6</ele><time>2026-05-18T09:41:52Z</time></trkpt><trkpt lat="-33.3178473" lon="-70.8353357"><ele>484.7</ele><time>2026-05-18T09:41:54Z</time></trkpt><trkpt lat="-33.3177551" lon="-70.8353249"><ele>484.8</ele><time>2026-05-18T09:41:57Z</time></trkpt><trkpt lat="-33.3176628" lon="-70.8353140"><ele>484.8</ele><time>2026-05-18T09:41:59Z</time></trkpt><trkpt lat="-33.3175705" lon="-70.8353031"><ele>484.9</ele><time>2026-05-18T09:42:01Z</time></trkpt><trkpt lat="-33.3174782" lon="-70.8352922"><ele>484.9</ele><time>2026-05-18T09:42:03Z</time></trkpt><trkpt lat="-33.3173859" lon="-70.8352813"><ele>485.0</ele><time>2026-05-18T09:42:06Z</time></trkpt><trkpt lat="-33.3173859" lon="-70.8352827"><ele>485.0</ele><time>2026-05-18T09:42:08Z</time></trkpt><trkpt lat="-33.3173859" lon="-70.8352841"><ele>485.0</ele><time>2026-05-18T09:42:10Z</time></trkpt><trkpt lat="-33.3173859" lon="-70.8352856"><ele>485.0</ele><time>2026-05-18T09:42:12Z</time></trkpt><trkpt lat="-33.3173859" lon="-70.8352870"><ele>485.0</ele><time>2026-05-18T09:42:15Z</time></trkpt><trkpt lat="-33.3173859" lon="-70.8352884"><ele>485.0</ele><time>2026-05-18T09:42:17Z</time></trkpt><trkpt lat="-33.3173859" lon="-70.8352898"><ele>485.0</ele><time>2026-05-18T09:42:19Z</time></trkpt><trkpt lat="-33.3173859" lon="-70.8352913"><ele>485.0</ele><time>2026-05-18T09:42:21Z</time></trkpt><trkpt lat="-33.3173859" lon="-70.8352927"><ele>485.0</ele><time>2026-05-18T09:42:24Z</time></trkpt><trkpt lat="-33.3173859" lon="-70.8352941"><ele>485.0</ele><time>2026-05-18T09:42:26Z</time></trkpt><trkpt lat="-33.3173859" lon="-70.8352955"><ele>485.0</ele><time>2026-05-18T09:42:28Z</time></trkpt><trkpt lat="-33.3173859" lon="-70.8352970"><ele>485.0</ele><time>2026-05-18T09:42:30Z</time></trkpt><trkpt lat="-33.3173859" lon="-70.8352984"><ele>485.0</ele><time>2026-05-18T09:42:33Z</time></trkpt><trkpt lat="-33.3173859" lon="-70.8352998"><ele>485.0</ele><time>2026-05-18T09:42:35Z</time></trkpt><trkpt lat="-33.3173859" lon="-70.8353012"><ele>485.0</ele><time>2026-05-18T09:42:37Z</time></trkpt><trkpt lat="-33.3173859" lon="-70.8353027"><ele>485.0</ele><time>2026-05-18T09:42:39Z</time></trkpt><trkpt lat="-33.3173859" lon="-70.8353041"><ele>485.0</ele><time>2026-05-18T09:42:42Z</time></trkpt><trkpt lat="-33.3173859" lon="-70.8353055"><ele>485.0</ele><time>2026-05-18T09:42:44Z</time></trkpt><trkpt lat="-33.3177471" lon="-70.8353446"><ele>485.0</ele><time>2026-05-18T09:42:46Z</time></trkpt><trkpt lat="-33.3181084" lon="-70.8353837"><ele>485.0</ele><time>2026-05-18T09:42:48Z</time></trkpt><trkpt lat="-33.3184696" lon="-70.8354229"><ele>485.0</ele><time>2026-05-18T09:42:51Z</time></trkpt><trkpt lat="-33.3188309" lon="-70.8354620"><ele>485.0</ele><time>2026-05-18T09:42:53Z</time></trkpt><trkpt lat="-33.3191921" lon="-70.8355011"><ele>485.0</ele><time>2026-05-18T09:42:55Z</time></trkpt><trkpt lat="-33.3195533" lon="-70.8355402"><ele>485.0</ele><time>2026-05-18T09:42:57Z</time></trkpt><trkpt lat="-33.3199146" lon="-70.8355794"><ele>485.0</ele><time>2026-05-18T09:43:00Z</time></trkpt><trkpt lat="-33.3202758" lon="-70.8356185"><ele>485.0</ele><time>2026-05-18T09:43:02Z</time></trkpt><trkpt lat="-33.3206371" lon="-70.8356576"><ele>485.0</ele><time>2026-05-18T09:43:04Z</time></trkpt><trkpt lat="-33.3209983" lon="-70.8356967"><ele>485.0</ele><time>2026-05-18T09:43:06Z</time></trkpt><trkpt lat="-33.3213596" lon="-70.8357359"><ele>485.0</ele><time>2026-05-18T09:43:09Z</time></trkpt><trkpt lat="-33.3217208" lon="-70.8357750"><ele>485.0</ele><time>2026-05-18T09:43:11Z</time></trkpt><trkpt lat="-33.3220820" lon="-70.8358141"><ele>485.0</ele><time>2026-05-18T09:43:13Z</time></trkpt><trkpt lat="-33.3224433" lon="-70.8358532"><ele>485.0</ele><time>2026-05-18T09:43:15Z</time></trkpt><trkpt lat="-33.3228045" lon="-70.8358924"><ele>485.0</ele><time>2026-05-18T09:43:18Z</time></trkpt><trkpt lat="-33.3231658" lon="-70.8359315"><ele>485.0</ele><time>2026-05-18T09:43:20Z</time></trkpt><trkpt lat="-33.3235270" lon="-70.8359706"><ele>485.0</ele><time>2026-05-18T09:43:22Z</time></trkpt><trkpt lat="-33.3236029" lon="-70.8359990"><ele>485.1</ele><time>2026-05-18T09:43:24Z</time></trkpt><trkpt lat="-33.3236789" lon="-70.8360274"><ele>485.2</ele><time>2026-05-18T09:43:27Z</time></trkpt><trkpt lat="-33.3237548" lon="-70.8360558"><ele>485.4</ele><time>2026-05-18T09:43:29Z</time></trkpt><trkpt lat="-33.3238307" lon="-70.8360842"><ele>485.5</ele><time>2026-05-18T09:43:31Z</time></trkpt><trkpt lat="-33.3239067" lon="-70.8361126"><ele>485.6</ele><time>2026-05-18T09:43:33Z</time></trkpt><trkpt lat="-33.3239826" lon="-70.8361410"><ele>485.7</ele><time>2026-05-18T09:43:36Z</time></trkpt><trkpt lat="-33.3240585" lon="-70.8361694"><ele>485.8</ele><time>2026-05-18T09:43:38Z</time></trkpt><trkpt lat="-33.3241345" lon="-70.8361978"><ele>485.9</ele><time>2026-05-18T09:43:40Z</time></trkpt><trkpt lat="-33.3242104" lon="-70.8362262"><ele>486.1</ele><time>2026-05-18T09:43:42Z</time></trkpt><trkpt lat="-33.3242864" lon="-70.8362546"><ele>486.2</ele><time>2026-05-18T09:43:45Z</time></trkpt><trkpt lat="-33.3243623" lon="-70.8362830"><ele>486.3</ele><time>2026-05-18T09:43:47Z</time></trkpt><trkpt lat="-33.3244382" lon="-70.8363114"><ele>486.4</ele><time>2026-05-18T09:43:49Z</time></trkpt><trkpt lat="-33.3245142" lon="-70.8363398"><ele>486.5</ele><time>2026-05-18T09:43:51Z</time></trkpt><trkpt lat="-33.3245901" lon="-70.8363682"><ele>486.6</ele><time>2026-05-18T09:43:54Z</time></trkpt><trkpt lat="-33.3246660" lon="-70.8363966"><ele>486.8</ele><time>2026-05-18T09:43:56Z</time></trkpt><trkpt lat="-33.3247420" lon="-70.8364250"><ele>486.9</ele><time>2026-05-18T09:43:58Z</time></trkpt><trkpt lat="-33.3248179" lon="-70.8364534"><ele>487.0</ele><time>2026-05-18T09:44:00Z</time></trkpt><trkpt lat="-33.3249031" lon="-70.8364818"><ele>487.0</ele><time>2026-05-18T09:44:03Z</time></trkpt><trkpt lat="-33.3249882" lon="-70.8365102"><ele>487.0</ele><time>2026-05-18T09:44:05Z</time></trkpt><trkpt lat="-33.3250734" lon="-70.8365386"><ele>487.0</ele><time>2026-05-18T09:44:07Z</time></trkpt><trkpt lat="-33.3251586" lon="-70.8365670"><ele>487.0</ele><time>2026-05-18T09:44:09Z</time></trkpt><trkpt lat="-33.3252437" lon="-70.8365954"><ele>487.0</ele><time>2026-05-18T09:44:12Z</time></trkpt><trkpt lat="-33.3253289" lon="-70.8366238"><ele>487.0</ele><time>2026-05-18T09:44:14Z</time></trkpt><trkpt lat="-33.3254141" lon="-70.8366522"><ele>487.0</ele><time>2026-05-18T09:44:16Z</time></trkpt><trkpt lat="-33.3254992" lon="-70.8366806"><ele>487.0</ele><time>2026-05-18T09:44:18Z</time></trkpt><trkpt lat="-33.3255844" lon="-70.8367090"><ele>487.0</ele><time>2026-05-18T09:44:21Z</time></trkpt><trkpt lat="-33.3256695" lon="-70.8367374"><ele>487.0</ele><time>2026-05-18T09:44:23Z</time></trkpt><trkpt lat="-33.3257547" lon="-70.8367658"><ele>487.0</ele><time>2026-05-18T09:44:25Z</time></trkpt><trkpt lat="-33.3258399" lon="-70.8367942"><ele>487.0</ele><time>2026-05-18T09:44:27Z</time></trkpt><trkpt lat="-33.3259250" lon="-70.8368226"><ele>487.0</ele><time>2026-05-18T09:44:30Z</time></trkpt><trkpt lat="-33.3260102" lon="-70.8368510"><ele>487.0</ele><time>2026-05-18T09:44:32Z</time></trkpt><trkpt lat="-33.3260954" lon="-70.8368794"><ele>487.0</ele><time>2026-05-18T09:44:34Z</time></trkpt><trkpt lat="-33.3261805" lon="-70.8369078"><ele>487.0</ele><time>2026-05-18T09:44:36Z</time></trkpt><trkpt lat="-33.3262657" lon="-70.8369362"><ele>487.0</ele><time>2026-05-18T09:44:39Z</time></trkpt><trkpt lat="-33.3271239" lon="-70.8371072"><ele>486.8</ele><time>2026-05-18T09:44:41Z</time></trkpt><trkpt lat="-33.3279820" lon="-70.8372783"><ele>486.5</ele><time>2026-05-18T09:44:43Z</time></trkpt><trkpt lat="-33.3288402" lon="-70.8374493"><ele>486.3</ele><time>2026-05-18T09:44:45Z</time></trkpt><trkpt lat="-33.3296983" lon="-70.8376203"><ele>486.1</ele><time>2026-05-18T09:44:48Z</time></trkpt><trkpt lat="-33.3305565" lon="-70.8377914"><ele>485.8</ele><time>2026-05-18T09:44:50Z</time></trkpt><trkpt lat="-33.3314146" lon="-70.8379624"><ele>485.6</ele><time>2026-05-18T09:44:52Z</time></trkpt><trkpt lat="-33.3322728" lon="-70.8381334"><ele>485.4</ele><time>2026-05-18T09:44:54Z</time></trkpt><trkpt lat="-33.3331309" lon="-70.8383045"><ele>485.1</ele><time>2026-05-18T09:44:57Z</time></trkpt><trkpt lat="-33.3339891" lon="-70.8384755"><ele>484.9</ele><time>2026-05-18T09:44:59Z</time></trkpt><trkpt lat="-33.3348472" lon="-70.8386466"><ele>484.6</ele><time>2026-05-18T09:45:01Z</time></trkpt><trkpt lat="-33.3357054" lon="-70.8388176"><ele>484.4</ele><time>2026-05-18T09:45:03Z</time></trkpt><trkpt lat="-33.3365635" lon="-70.8389886"><ele>484.2</ele><time>2026-05-18T09:45:06Z</time></trkpt><trkpt lat="-33.3374217" lon="-70.8391597"><ele>483.9</ele><time>2026-05-18T09:45:08Z</time></trkpt><trkpt lat="-33.3382798" lon="-70.8393307"><ele>483.7</ele><time>2026-05-18T09:45:10Z</time></trkpt><trkpt lat="-33.3391380" lon="-70.8395017"><ele>483.5</ele><time>2026-05-18T09:45:12Z</time></trkpt><trkpt lat="-33.3399961" lon="-70.8396728"><ele>483.2</ele><time>2026-05-18T09:45:15Z</time></trkpt><trkpt lat="-33.3408543" lon="-70.8398438"><ele>483.0</ele><time>2026-05-18T09:45:17Z</time></trkpt><trkpt lat="-33.3409297" lon="-70.8398621"><ele>482.7</ele><time>2026-05-18T09:45:19Z</time></trkpt><trkpt lat="-33.3410051" lon="-70.8398804"><ele>482.4</ele><time>2026-05-18T09:45:21Z</time></trkpt><trkpt lat="-33.3410805" lon="-70.8398987"><ele>482.1</ele><time>2026-05-18T09:45:24Z</time></trkpt><trkpt lat="-33.3411559" lon="-70.8399170"><ele>481.8</ele><time>2026-05-18T09:45:26Z</time></trkpt><trkpt lat="-33.3412313" lon="-70.8399353"><ele>481.5</ele><time>2026-05-18T09:45:28Z</time></trkpt><trkpt lat="-33.3413067" lon="-70.8399536"><ele>481.2</ele><time>2026-05-18T09:45:30Z</time></trkpt><trkpt lat="-33.3413821" lon="-70.8399719"><ele>480.9</ele><time>2026-05-18T09:45:33Z</time></trkpt><trkpt lat="-33.3414575" lon="-70.8399902"><ele>480.6</ele><time>2026-05-18T09:45:35Z</time></trkpt><trkpt lat="-33.3415328" lon="-70.8400085"><ele>480.4</ele><time>2026-05-18T09:45:37Z</time></trkpt><trkpt lat="-33.3416082" lon="-70.8400268"><ele>480.1</ele><time>2026-05-18T09:45:39Z</time></trkpt><trkpt lat="-33.3416836" lon="-70.8400451"><ele>479.8</ele><time>2026-05-18T09:45:42Z</time></trkpt><trkpt lat="-33.3417590" lon="-70.8400634"><ele>479.5</ele><time>2026-05-18T09:45:44Z</time></trkpt><trkpt lat="-33.3418344" lon="-70.8400817"><ele>479.2</ele><time>2026-05-18T09:45:46Z</time></trkpt><trkpt lat="-33.3419098" lon="-70.8401000"><ele>478.9</ele><time>2026-05-18T09:45:48Z</time></trkpt><trkpt lat="-33.3419852" lon="-70.8401183"><ele>478.6</ele><time>2026-05-18T09:45:51Z</time></trkpt><trkpt lat="-33.3420606" lon="-70.8401366"><ele>478.3</ele><time>2026-05-18T09:45:53Z</time></trkpt><trkpt lat="-33.3421360" lon="-70.8401549"><ele>478.0</ele><time>2026-05-18T09:45:55Z</time></trkpt><trkpt lat="-33.3423311" lon="-70.8401959"><ele>478.1</ele><time>2026-05-18T09:45:57Z</time></trkpt><trkpt lat="-33.3425261" lon="-70.8402369"><ele>478.1</ele><time>2026-05-18T09:46:00Z</time></trkpt><trkpt lat="-33.3427212" lon="-70.8402780"><ele>478.2</ele><time>2026-05-18T09:46:02Z</time></trkpt><trkpt lat="-33.3429163" lon="-70.8403190"><ele>478.2</ele><time>2026-05-18T09:46:04Z</time></trkpt><trkpt lat="-33.3431114" lon="-70.8403600"><ele>478.3</ele><time>2026-05-18T09:46:06Z</time></trkpt><trkpt lat="-33.3433064" lon="-70.8404010"><ele>478.4</ele><time>2026-05-18T09:46:09Z</time></trkpt><trkpt lat="-33.3435015" lon="-70.8404421"><ele>478.4</ele><time>2026-05-18T09:46:11Z</time></trkpt><trkpt lat="-33.3436966" lon="-70.8404831"><ele>478.5</ele><time>2026-05-18T09:46:13Z</time></trkpt><trkpt lat="-33.3438916" lon="-70.8405241"><ele>478.5</ele><time>2026-05-18T09:46:15Z</time></trkpt><trkpt lat="-33.3440867" lon="-70.8405651"><ele>478.6</ele><time>2026-05-18T09:46:18Z</time></trkpt><trkpt lat="-33.3442818" lon="-70.8406062"><ele>478.6</ele><time>2026-05-18T09:46:20Z</time></trkpt><trkpt lat="-33.3444768" lon="-70.8406472"><ele>478.7</ele><time>2026-05-18T09:46:22Z</time></trkpt><trkpt lat="-33.3446719" lon="-70.8406882"><ele>478.8</ele><time>2026-05-18T09:46:24Z</time></trkpt><trkpt lat="-33.3448670" lon="-70.8407292"><ele>478.8</ele><time>2026-05-18T09:46:27Z</time></trkpt><trkpt lat="-33.3450621" lon="-70.8407703"><ele>478.9</ele><time>2026-05-18T09:46:29Z</time></trkpt><trkpt lat="-33.3452571" lon="-70.8408113"><ele>478.9</ele><time>2026-05-18T09:46:31Z</time></trkpt><trkpt lat="-33.3454522" lon="-70.8408523"><ele>479.0</ele><time>2026-05-18T09:46:33Z</time></trkpt><trkpt lat="-33.3463816" lon="-70.8410328"><ele>479.1</ele><time>2026-05-18T09:46:36Z</time></trkpt><trkpt lat="-33.3473110" lon="-70.8412133"><ele>479.1</ele><time>2026-05-18T09:46:38Z</time></trkpt><trkpt lat="-33.3482404" lon="-70.8413938"><ele>479.2</ele><time>2026-05-18T09:46:40Z</time></trkpt><trkpt lat="-33.3491698" lon="-70.8415743"><ele>479.2</ele><time>2026-05-18T09:46:43Z</time></trkpt><trkpt lat="-33.3500991" lon="-70.8417548"><ele>479.3</ele><time>2026-05-18T09:46:45Z</time></trkpt><trkpt lat="-33.3510285" lon="-70.8419353"><ele>479.4</ele><time>2026-05-18T09:46:47Z</time></trkpt><trkpt lat="-33.3519579" lon="-70.8421158"><ele>479.4</ele><time>2026-05-18T09:46:49Z</time></trkpt><trkpt lat="-33.3528873" lon="-70.8422963"><ele>479.5</ele><time>2026-05-18T09:46:52Z</time></trkpt><trkpt lat="-33.3538167" lon="-70.8424767"><ele>479.5</ele><time>2026-05-18T09:46:54Z</time></trkpt><trkpt lat="-33.3547461" lon="-70.8426572"><ele>479.6</ele><time>2026-05-18T09:46:56Z</time></trkpt><trkpt lat="-33.3556755" lon="-70.8428377"><ele>479.6</ele><time>2026-05-18T09:46:58Z</time></trkpt><trkpt lat="-33.3566049" lon="-70.8430182"><ele>479.7</ele><time>2026-05-18T09:47:01Z</time></trkpt><trkpt lat="-33.3575342" lon="-70.8431987"><ele>479.8</ele><time>2026-05-18T09:47:03Z</time></trkpt><trkpt lat="-33.3584636" lon="-70.8433792"><ele>479.8</ele><time>2026-05-18T09:47:05Z</time></trkpt><trkpt lat="-33.3593930" lon="-70.8435597"><ele>479.9</ele><time>2026-05-18T09:47:07Z</time></trkpt><trkpt lat="-33.3603224" lon="-70.8437402"><ele>479.9</ele><time>2026-05-18T09:47:10Z</time></trkpt><trkpt lat="-33.3612518" lon="-70.8439207"><ele>480.0</ele><time>2026-05-18T09:47:12Z</time></trkpt><trkpt lat="-33.3615733" lon="-70.8439908"><ele>479.6</ele><time>2026-05-18T09:47:14Z</time></trkpt><trkpt lat="-33.3618949" lon="-70.8440608"><ele>479.3</ele><time>2026-05-18T09:47:16Z</time></trkpt><trkpt lat="-33.3622164" lon="-70.8441309"><ele>478.9</ele><time>2026-05-18T09:47:19Z</time></trkpt><trkpt lat="-33.3625379" lon="-70.8442009"><ele>478.6</ele><time>2026-05-18T09:47:21Z</time></trkpt><trkpt lat="-33.3628594" lon="-70.8442710"><ele>478.2</ele><time>2026-05-18T09:47:23Z</time></trkpt><trkpt lat="-33.3631810" lon="-70.8443410"><ele>477.9</ele><time>2026-05-18T09:47:25Z</time></trkpt><trkpt lat="-33.3635025" lon="-70.8444111"><ele>477.5</ele><time>2026-05-18T09:47:28Z</time></trkpt><trkpt lat="-33.3638240" lon="-70.8444811"><ele>477.2</ele><time>2026-05-18T09:47:30Z</time></trkpt><trkpt lat="-33.3641456" lon="-70.8445512"><ele>476.8</ele><time>2026-05-18T09:47:32Z</time></trkpt><trkpt lat="-33.3644671" lon="-70.8446212"><ele>476.5</ele><time>2026-05-18T09:47:34Z</time></trkpt><trkpt lat="-33.3647886" lon="-70.8446913"><ele>476.1</ele><time>2026-05-18T09:47:37Z</time></trkpt><trkpt lat="-33.3651102" lon="-70.8447613"><ele>475.8</ele><time>2026-05-18T09:47:39Z</time></trkpt><trkpt lat="-33.3654317" lon="-70.8448314"><ele>475.4</ele><time>2026-05-18T09:47:41Z</time></trkpt><trkpt lat="-33.3657532" lon="-70.8449014"><ele>475.1</ele><time>2026-05-18T09:47:43Z</time></trkpt><trkpt lat="-33.3660747" lon="-70.8449715"><ele>474.7</ele><time>2026-05-18T09:47:46Z</time></trkpt><trkpt lat="-33.3663963" lon="-70.8450415"><ele>474.4</ele><time>2026-05-18T09:47:48Z</time></trkpt><trkpt lat="-33.3667178" lon="-70.8451116"><ele>474.0</ele><time>2026-05-18T09:47:50Z</time></trkpt><trkpt lat="-33.3668496" lon="-70.8451337"><ele>474.0</ele><time>2026-05-18T09:47:52Z</time></trkpt><trkpt lat="-33.3669813" lon="-70.8451558"><ele>474.0</ele><time>2026-05-18T09:47:55Z</time></trkpt><trkpt lat="-33.3671131" lon="-70.8451779"><ele>474.0</ele><time>2026-05-18T09:47:57Z</time></trkpt><trkpt lat="-33.3672449" lon="-70.8452000"><ele>474.0</ele><time>2026-05-18T09:47:59Z</time></trkpt><trkpt lat="-33.3673766" lon="-70.8452220"><ele>474.0</ele><time>2026-05-18T09:48:01Z</time></trkpt><trkpt lat="-33.3675084" lon="-70.8452441"><ele>474.0</ele><time>2026-05-18T09:48:04Z</time></trkpt><trkpt lat="-33.3676402" lon="-70.8452662"><ele>474.0</ele><time>2026-05-18T09:48:06Z</time></trkpt><trkpt lat="-33.3677719" lon="-70.8452883"><ele>474.0</ele><time>2026-05-18T09:48:08Z</time></trkpt><trkpt lat="-33.3679037" lon="-70.8453104"><ele>474.0</ele><time>2026-05-18T09:48:10Z</time></trkpt><trkpt lat="-33.3680354" lon="-70.8453325"><ele>474.0</ele><time>2026-05-18T09:48:13Z</time></trkpt><trkpt lat="-33.3681672" lon="-70.8453546"><ele>474.0</ele><time>2026-05-18T09:48:15Z</time></trkpt><trkpt lat="-33.3682990" lon="-70.8453767"><ele>474.0</ele><time>2026-05-18T09:48:17Z</time></trkpt><trkpt lat="-33.3684307" lon="-70.8453987"><ele>474.0</ele><time>2026-05-18T09:48:19Z</time></trkpt><trkpt lat="-33.3685625" lon="-70.8454208"><ele>474.0</ele><time>2026-05-18T09:48:22Z</time></trkpt><trkpt lat="-33.3686943" lon="-70.8454429"><ele>474.0</ele><time>2026-05-18T09:48:24Z</time></trkpt><trkpt lat="-33.3688260" lon="-70.8454650"><ele>474.0</ele><time>2026-05-18T09:48:26Z</time></trkpt><trkpt lat="-33.3689578" lon="-70.8454871"><ele>474.0</ele><time>2026-05-18T09:48:28Z</time></trkpt><trkpt lat="-33.3690991" lon="-70.8455187"><ele>474.1</ele><time>2026-05-18T09:48:31Z</time></trkpt><trkpt lat="-33.3692403" lon="-70.8455502"><ele>474.1</ele><time>2026-05-18T09:48:33Z</time></trkpt><trkpt lat="-33.3693816" lon="-70.8455818"><ele>474.2</ele><time>2026-05-18T09:48:35Z</time></trkpt><trkpt lat="-33.3695228" lon="-70.8456133"><ele>474.2</ele><time>2026-05-18T09:48:37Z</time></trkpt><trkpt lat="-33.3696641" lon="-70.8456449"><ele>474.3</ele><time>2026-05-18T09:48:40Z</time></trkpt><trkpt lat="-33.3698053" lon="-70.8456765"><ele>474.4</ele><time>2026-05-18T09:48:42Z</time></trkpt><trkpt lat="-33.3699466" lon="-70.8457080"><ele>474.4</ele><time>2026-05-18T09:48:44Z</time></trkpt><trkpt lat="-33.3700878" lon="-70.8457396"><ele>474.5</ele><time>2026-05-18T09:48:46Z</time></trkpt><trkpt lat="-33.3702291" lon="-70.8457711"><ele>474.5</ele><time>2026-05-18T09:48:49Z</time></trkpt><trkpt lat="-33.3703703" lon="-70.8458027"><ele>474.6</ele><time>2026-05-18T09:48:51Z</time></trkpt><trkpt lat="-33.3705116" lon="-70.8458342"><ele>474.6</ele><time>2026-05-18T09:48:53Z</time></trkpt><trkpt lat="-33.3706528" lon="-70.8458658"><ele>474.7</ele><time>2026-05-18T09:48:55Z</time></trkpt><trkpt lat="-33.3707941" lon="-70.8458974"><ele>474.8</ele><time>2026-05-18T09:48:58Z</time></trkpt><trkpt lat="-33.3709353" lon="-70.8459289"><ele>474.8</ele><time>2026-05-18T09:49:00Z</time></trkpt><trkpt lat="-33.3710766" lon="-70.8459605"><ele>474.9</ele><time>2026-05-18T09:49:02Z</time></trkpt><trkpt lat="-33.3712178" lon="-70.8459920"><ele>474.9</ele><time>2026-05-18T09:49:04Z</time></trkpt><trkpt lat="-33.3713591" lon="-70.8460236"><ele>475.0</ele><time>2026-05-18T09:49:07Z</time></trkpt><trkpt lat="-33.3715905" lon="-70.8460735"><ele>474.8</ele><time>2026-05-18T09:49:09Z</time></trkpt><trkpt lat="-33.3718218" lon="-70.8461233"><ele>474.6</ele><time>2026-05-18T09:49:11Z</time></trkpt><trkpt lat="-33.3720532" lon="-70.8461732"><ele>474.5</ele><time>2026-05-18T09:49:13Z</time></trkpt><trkpt lat="-33.3722846" lon="-70.8462230"><ele>474.3</ele><time>2026-05-18T09:49:16Z</time></trkpt><trkpt lat="-33.3725160" lon="-70.8462729"><ele>474.1</ele><time>2026-05-18T09:49:18Z</time></trkpt><trkpt lat="-33.3727473" lon="-70.8463227"><ele>473.9</ele><time>2026-05-18T09:49:20Z</time></trkpt><trkpt lat="-33.3729787" lon="-70.8463726"><ele>473.8</ele><time>2026-05-18T09:49:22Z</time></trkpt><trkpt lat="-33.3732101" lon="-70.8464224"><ele>473.6</ele><time>2026-05-18T09:49:25Z</time></trkpt><trkpt lat="-33.3734414" lon="-70.8464723"><ele>473.4</ele><time>2026-05-18T09:49:27Z</time></trkpt><trkpt lat="-33.3736728" lon="-70.8465221"><ele>473.2</ele><time>2026-05-18T09:49:29Z</time></trkpt><trkpt lat="-33.3739042" lon="-70.8465720"><ele>473.1</ele><time>2026-05-18T09:49:31Z</time></trkpt><trkpt lat="-33.3741355" lon="-70.8466218"><ele>472.9</ele><time>2026-05-18T09:49:34Z</time></trkpt><trkpt lat="-33.3743669" lon="-70.8466717"><ele>472.7</ele><time>2026-05-18T09:49:36Z</time></trkpt><trkpt lat="-33.3745983" lon="-70.8467215"><ele>472.5</ele><time>2026-05-18T09:49:38Z</time></trkpt><trkpt lat="-33.3748297" lon="-70.8467714"><ele>472.4</ele><time>2026-05-18T09:49:40Z</time></trkpt><trkpt lat="-33.3750610" lon="-70.8468212"><ele>472.2</ele><time>2026-05-18T09:49:43Z</time></trkpt><trkpt lat="-33.3752924" lon="-70.8468711"><ele>472.0</ele><time>2026-05-18T09:49:45Z</time></trkpt><trkpt lat="-33.3754990" lon="-70.8469121"><ele>472.1</ele><time>2026-05-18T09:49:47Z</time></trkpt><trkpt lat="-33.3757056" lon="-70.8469531"><ele>472.1</ele><time>2026-05-18T09:49:49Z</time></trkpt><trkpt lat="-33.3759122" lon="-70.8469942"><ele>472.2</ele><time>2026-05-18T09:49:52Z</time></trkpt><trkpt lat="-33.3761188" lon="-70.8470352"><ele>472.2</ele><time>2026-05-18T09:49:54Z</time></trkpt><trkpt lat="-33.3763254" lon="-70.8470762"><ele>472.3</ele><time>2026-05-18T09:49:56Z</time></trkpt><trkpt lat="-33.3765320" lon="-70.8471172"><ele>472.4</ele><time>2026-05-18T09:49:58Z</time></trkpt><trkpt lat="-33.3767386" lon="-70.8471583"><ele>472.4</ele><time>2026-05-18T09:50:01Z</time></trkpt><trkpt lat="-33.3769452" lon="-70.8471993"><ele>472.5</ele><time>2026-05-18T09:50:03Z</time></trkpt><trkpt lat="-33.3771517" lon="-70.8472403"><ele>472.5</ele><time>2026-05-18T09:50:05Z</time></trkpt><trkpt lat="-33.3773583" lon="-70.8472813"><ele>472.6</ele><time>2026-05-18T09:50:07Z</time></trkpt><trkpt lat="-33.3775649" lon="-70.8473224"><ele>472.6</ele><time>2026-05-18T09:50:10Z</time></trkpt><trkpt lat="-33.3777715" lon="-70.8473634"><ele>472.7</ele><time>2026-05-18T09:50:12Z</time></trkpt><trkpt lat="-33.3779781" lon="-70.8474044"><ele>472.8</ele><time>2026-05-18T09:50:14Z</time></trkpt><trkpt lat="-33.3781847" lon="-70.8474454"><ele>472.8</ele><time>2026-05-18T09:50:16Z</time></trkpt><trkpt lat="-33.3783913" lon="-70.8474865"><ele>472.9</ele><time>2026-05-18T09:50:19Z</time></trkpt><trkpt lat="-33.3785979" lon="-70.8475275"><ele>472.9</ele><time>2026-05-18T09:50:21Z</time></trkpt><trkpt lat="-33.3788045" lon="-70.8475685"><ele>473.0</ele><time>2026-05-18T09:50:23Z</time></trkpt><trkpt lat="-33.3788793" lon="-70.8475836"><ele>472.9</ele><time>2026-05-18T09:50:25Z</time></trkpt><trkpt lat="-33.3789542" lon="-70.8475988"><ele>472.9</ele><time>2026-05-18T09:50:28Z</time></trkpt><trkpt lat="-33.3790290" lon="-70.8476139"><ele>472.8</ele><time>2026-05-18T09:50:30Z</time></trkpt><trkpt lat="-33.3791038" lon="-70.8476291"><ele>472.8</ele><time>2026-05-18T09:50:32Z</time></trkpt><trkpt lat="-33.3791787" lon="-70.8476442"><ele>472.7</ele><time>2026-05-18T09:50:34Z</time></trkpt><trkpt lat="-33.3792535" lon="-70.8476594"><ele>472.6</ele><time>2026-05-18T09:50:37Z</time></trkpt><trkpt lat="-33.3793283" lon="-70.8476745"><ele>472.6</ele><time>2026-05-18T09:50:39Z</time></trkpt><trkpt lat="-33.3794032" lon="-70.8476897"><ele>472.5</ele><time>2026-05-18T09:50:41Z</time></trkpt><trkpt lat="-33.3794780" lon="-70.8477048"><ele>472.5</ele><time>2026-05-18T09:50:43Z</time></trkpt><trkpt lat="-33.3795529" lon="-70.8477200"><ele>472.4</ele><time>2026-05-18T09:50:46Z</time></trkpt><trkpt lat="-33.3796277" lon="-70.8477351"><ele>472.4</ele><time>2026-05-18T09:50:48Z</time></trkpt><trkpt lat="-33.3797025" lon="-70.8477503"><ele>472.3</ele><time>2026-05-18T09:50:50Z</time></trkpt><trkpt lat="-33.3797774" lon="-70.8477654"><ele>472.2</ele><time>2026-05-18T09:50:52Z</time></trkpt><trkpt lat="-33.3798522" lon="-70.8477806"><ele>472.2</ele><time>2026-05-18T09:50:55Z</time></trkpt><trkpt lat="-33.3799270" lon="-70.8477957"><ele>472.1</ele><time>2026-05-18T09:50:57Z</time></trkpt><trkpt lat="-33.3800019" lon="-70.8478109"><ele>472.1</ele><time>2026-05-18T09:50:59Z</time></trkpt><trkpt lat="-33.3800767" lon="-70.8478260"><ele>472.0</ele><time>2026-05-18T09:51:01Z</time></trkpt><trkpt lat="-33.3801057" lon="-70.8478299"><ele>472.0</ele><time>2026-05-18T09:51:04Z</time></trkpt><trkpt lat="-33.3801347" lon="-70.8478339"><ele>472.0</ele><time>2026-05-18T09:51:06Z</time></trkpt><trkpt lat="-33.3801636" lon="-70.8478378"><ele>472.0</ele><time>2026-05-18T09:51:08Z</time></trkpt><trkpt lat="-33.3801926" lon="-70.8478418"><ele>472.0</ele><time>2026-05-18T09:51:10Z</time></trkpt><trkpt lat="-33.3802216" lon="-70.8478457"><ele>472.0</ele><time>2026-05-18T09:51:13Z</time></trkpt><trkpt lat="-33.3802506" lon="-70.8478497"><ele>472.0</ele><time>2026-05-18T09:51:15Z</time></trkpt><trkpt lat="-33.3802796" lon="-70.8478536"><ele>472.0</ele><time>2026-05-18T09:51:17Z</time></trkpt><trkpt lat="-33.3803086" lon="-70.8478576"><ele>472.0</ele><time>2026-05-18T09:51:19Z</time></trkpt><trkpt lat="-33.3803375" lon="-70.8478615"><ele>472.0</ele><time>2026-05-18T09:51:22Z</time></trkpt><trkpt lat="-33.3803665" lon="-70.8478655"><ele>472.0</ele><time>2026-05-18T09:51:24Z</time></trkpt><trkpt lat="-33.3803955" lon="-70.8478694"><ele>472.0</ele><time>2026-05-18T09:51:26Z</time></trkpt><trkpt lat="-33.3804245" lon="-70.8478734"><ele>472.0</ele><time>2026-05-18T09:51:28Z</time></trkpt><trkpt lat="-33.3804535" lon="-70.8478773"><ele>472.0</ele><time>2026-05-18T09:51:31Z</time></trkpt><trkpt lat="-33.3804825" lon="-70.8478813"><ele>472.0</ele><time>2026-05-18T09:51:33Z</time></trkpt><trkpt lat="-33.3805114" lon="-70.8478852"><ele>472.0</ele><time>2026-05-18T09:51:35Z</time></trkpt><trkpt lat="-33.3805404" lon="-70.8478892"><ele>472.0</ele><time>2026-05-18T09:51:37Z</time></trkpt><trkpt lat="-33.3805694" lon="-70.8478931"><ele>472.0</ele><time>2026-05-18T09:51:40Z</time></trkpt><trkpt lat="-33.3805952" lon="-70.8478904"><ele>472.0</ele><time>2026-05-18T09:51:42Z</time></trkpt><trkpt lat="-33.3806210" lon="-70.8478877"><ele>472.0</ele><time>2026-05-18T09:51:44Z</time></trkpt><trkpt lat="-33.3806469" lon="-70.8478851"><ele>472.0</ele><time>2026-05-18T09:51:46Z</time></trkpt><trkpt lat="-33.3806727" lon="-70.8478824"><ele>472.0</ele><time>2026-05-18T09:51:49Z</time></trkpt><trkpt lat="-33.3806985" lon="-70.8478797"><ele>472.0</ele><time>2026-05-18T09:51:51Z</time></trkpt><trkpt lat="-33.3807243" lon="-70.8478770"><ele>472.0</ele><time>2026-05-18T09:51:53Z</time></trkpt><trkpt lat="-33.3807502" lon="-70.8478743"><ele>472.0</ele><time>2026-05-18T09:51:55Z</time></trkpt><trkpt lat="-33.3807760" lon="-70.8478716"><ele>472.0</ele><time>2026-05-18T09:51:58Z</time></trkpt><trkpt lat="-33.3808018" lon="-70.8478690"><ele>472.0</ele><time>2026-05-18T09:52:00Z</time></trkpt><trkpt lat="-33.3808276" lon="-70.8478663"><ele>472.0</ele><time>2026-05-18T09:52:02Z</time></trkpt><trkpt lat="-33.3808535" lon="-70.8478636"><ele>472.0</ele><time>2026-05-18T09:52:04Z</time></trkpt><trkpt lat="-33.3808793" lon="-70.8478609"><ele>472.0</ele><time>2026-05-18T09:52:07Z</time></trkpt><trkpt lat="-33.3809051" lon="-70.8478582"><ele>472.0</ele><time>2026-05-18T09:52:09Z</time></trkpt><trkpt lat="-33.3809309" lon="-70.8478555"><ele>472.0</ele><time>2026-05-18T09:52:11Z</time></trkpt><trkpt lat="-33.3809568" lon="-70.8478529"><ele>472.0</ele><time>2026-05-18T09:52:13Z</time></trkpt><trkpt lat="-33.3809826" lon="-70.8478502"><ele>472.0</ele><time>2026-05-18T09:52:16Z</time></trkpt><trkpt lat="-33.3810084" lon="-70.8478475"><ele>472.0</ele><time>2026-05-18T09:52:18Z</time></trkpt><trkpt lat="-33.3810390" lon="-70.8478267"><ele>471.9</ele><time>2026-05-18T09:52:20Z</time></trkpt><trkpt lat="-33.3810695" lon="-70.8478058"><ele>471.8</ele><time>2026-05-18T09:52:22Z</time></trkpt><trkpt lat="-33.3811001" lon="-70.8477850"><ele>471.6</ele><time>2026-05-18T09:52:25Z</time></trkpt><trkpt lat="-33.3811307" lon="-70.8477642"><ele>471.5</ele><time>2026-05-18T09:52:27Z</time></trkpt><trkpt lat="-33.3811612" lon="-70.8477434"><ele>471.4</ele><time>2026-05-18T09:52:29Z</time></trkpt><trkpt lat="-33.3811918" lon="-70.8477225"><ele>471.3</ele><time>2026-05-18T09:52:31Z</time></trkpt><trkpt lat="-33.3812224" lon="-70.8477017"><ele>471.2</ele><time>2026-05-18T09:52:34Z</time></trkpt><trkpt lat="-33.3812529" lon="-70.8476809"><ele>471.1</ele><time>2026-05-18T09:52:36Z</time></trkpt><trkpt lat="-33.3812835" lon="-70.8476600"><ele>470.9</ele><time>2026-05-18T09:52:38Z</time></trkpt><trkpt lat="-33.3813140" lon="-70.8476392"><ele>470.8</ele><time>2026-05-18T09:52:40Z</time></trkpt><trkpt lat="-33.3813446" lon="-70.8476184"><ele>470.7</ele><time>2026-05-18T09:52:43Z</time></trkpt><trkpt lat="-33.3813752" lon="-70.8475975"><ele>470.6</ele><time>2026-05-18T09:52:45Z</time></trkpt><trkpt lat="-33.3814057" lon="-70.8475767"><ele>470.5</ele><time>2026-05-18T09:52:47Z</time></trkpt><trkpt lat="-33.3814363" lon="-70.8475559"><ele>470.4</ele><time>2026-05-18T09:52:49Z</time></trkpt><trkpt lat="-33.3814669" lon="-70.8475351"><ele>470.2</ele><time>2026-05-18T09:52:52Z</time></trkpt><trkpt lat="-33.3814974" lon="-70.8475142"><ele>470.1</ele><time>2026-05-18T09:52:54Z</time></trkpt><trkpt lat="-33.3815280" lon="-70.8474934"><ele>470.0</ele><time>2026-05-18T09:52:56Z</time></trkpt><trkpt lat="-33.3815522" lon="-70.8474625"><ele>470.0</ele><time>2026-05-18T09:52:58Z</time></trkpt><trkpt lat="-33.3815765" lon="-70.8474316"><ele>470.0</ele><time>2026-05-18T09:53:01Z</time></trkpt><trkpt lat="-33.3816007" lon="-70.8474006"><ele>470.0</ele><time>2026-05-18T09:53:03Z</time></trkpt><trkpt lat="-33.3816250" lon="-70.8473697"><ele>470.0</ele><time>2026-05-18T09:53:05Z</time></trkpt><trkpt lat="-33.3816492" lon="-70.8473388"><ele>470.0</ele><time>2026-05-18T09:53:07Z</time></trkpt><trkpt lat="-33.3816734" lon="-70.8473079"><ele>470.0</ele><time>2026-05-18T09:53:10Z</time></trkpt><trkpt lat="-33.3816977" lon="-70.8472769"><ele>470.0</ele><time>2026-05-18T09:53:12Z</time></trkpt><trkpt lat="-33.3817219" lon="-70.8472460"><ele>470.0</ele><time>2026-05-18T09:53:14Z</time></trkpt><trkpt lat="-33.3817462" lon="-70.8472151"><ele>470.0</ele><time>2026-05-18T09:53:16Z</time></trkpt><trkpt lat="-33.3817704" lon="-70.8471842"><ele>470.0</ele><time>2026-05-18T09:53:19Z</time></trkpt><trkpt lat="-33.3817947" lon="-70.8471532"><ele>470.0</ele><time>2026-05-18T09:53:21Z</time></trkpt><trkpt lat="-33.3818189" lon="-70.8471223"><ele>470.0</ele><time>2026-05-18T09:53:23Z</time></trkpt><trkpt lat="-33.3818431" lon="-70.8470914"><ele>470.0</ele><time>2026-05-18T09:53:26Z</time></trkpt><trkpt lat="-33.3818674" lon="-70.8470605"><ele>470.0</ele><time>2026-05-18T09:53:28Z</time></trkpt><trkpt lat="-33.3818916" lon="-70.8470295"><ele>470.0</ele><time>2026-05-18T09:53:30Z</time></trkpt><trkpt lat="-33.3819159" lon="-70.8469986"><ele>470.0</ele><time>2026-05-18T09:53:32Z</time></trkpt><trkpt lat="-33.3819401" lon="-70.8469677"><ele>470.0</ele><time>2026-05-18T09:53:35Z</time></trkpt><trkpt lat="-33.3819659" lon="-70.8468945"><ele>470.2</ele><time>2026-05-18T09:53:37Z</time></trkpt><trkpt lat="-33.3819917" lon="-70.8468213"><ele>470.4</ele><time>2026-05-18T09:53:39Z</time></trkpt><trkpt lat="-33.3820176" lon="-70.8467481"><ele>470.5</ele><time>2026-05-18T09:53:41Z</time></trkpt><trkpt lat="-33.3820434" lon="-70.8466749"><ele>470.7</ele><time>2026-05-18T09:53:44Z</time></trkpt><trkpt lat="-33.3820692" lon="-70.8466017"><ele>470.9</ele><time>2026-05-18T09:53:46Z</time></trkpt><trkpt lat="-33.3820950" lon="-70.8465285"><ele>471.1</ele><time>2026-05-18T09:53:48Z</time></trkpt><trkpt lat="-33.3821209" lon="-70.8464553"><ele>471.2</ele><time>2026-05-18T09:53:50Z</time></trkpt><trkpt lat="-33.3821467" lon="-70.8463821"><ele>471.4</ele><time>2026-05-18T09:53:53Z</time></trkpt><trkpt lat="-33.3821725" lon="-70.8463088"><ele>471.6</ele><time>2026-05-18T09:53:55Z</time></trkpt><trkpt lat="-33.3821983" lon="-70.8462356"><ele>471.8</ele><time>2026-05-18T09:53:57Z</time></trkpt><trkpt lat="-33.3822242" lon="-70.8461624"><ele>471.9</ele><time>2026-05-18T09:53:59Z</time></trkpt><trkpt lat="-33.3822500" lon="-70.8460892"><ele>472.1</ele><time>2026-05-18T09:54:02Z</time></trkpt><trkpt lat="-33.3822758" lon="-70.8460160"><ele>472.3</ele><time>2026-05-18T09:54:04Z</time></trkpt><trkpt lat="-33.3823016" lon="-70.8459428"><ele>472.5</ele><time>2026-05-18T09:54:06Z</time></trkpt><trkpt lat="-33.3823275" lon="-70.8458696"><ele>472.6</ele><time>2026-05-18T09:54:08Z</time></trkpt><trkpt lat="-33.3823533" lon="-70.8457964"><ele>472.8</ele><time>2026-05-18T09:54:11Z</time></trkpt><trkpt lat="-33.3823791" lon="-70.8457232"><ele>473.0</ele><time>2026-05-18T09:54:13Z</time></trkpt><trkpt lat="-33.3824234" lon="-70.8456443"><ele>473.0</ele><time>2026-05-18T09:54:15Z</time></trkpt><trkpt lat="-33.3824676" lon="-70.8455654"><ele>473.0</ele><time>2026-05-18T09:54:17Z</time></trkpt><trkpt lat="-33.3825119" lon="-70.8454865"><ele>473.0</ele><time>2026-05-18T09:54:20Z</time></trkpt><trkpt lat="-33.3825562" lon="-70.8454076"><ele>473.0</ele><time>2026-05-18T09:54:22Z</time></trkpt><trkpt lat="-33.3826004" lon="-70.8453287"><ele>473.0</ele><time>2026-05-18T09:54:24Z</time></trkpt><trkpt lat="-33.3826447" lon="-70.8452498"><ele>473.0</ele><time>2026-05-18T09:54:26Z</time></trkpt><trkpt lat="-33.3826890" lon="-70.8451709"><ele>473.0</ele><time>2026-05-18T09:54:29Z</time></trkpt><trkpt lat="-33.3827332" lon="-70.8450920"><ele>473.0</ele><time>2026-05-18T09:54:31Z</time></trkpt><trkpt lat="-33.3827775" lon="-70.8450132"><ele>473.0</ele><time>2026-05-18T09:54:33Z</time></trkpt><trkpt lat="-33.3828217" lon="-70.8449343"><ele>473.0</ele><time>2026-05-18T09:54:35Z</time></trkpt><trkpt lat="-33.3828660" lon="-70.8448554"><ele>473.0</ele><time>2026-05-18T09:54:38Z</time></trkpt><trkpt lat="-33.3829103" lon="-70.8447765"><ele>473.0</ele><time>2026-05-18T09:54:40Z</time></trkpt><trkpt lat="-33.3829545" lon="-70.8446976"><ele>473.0</ele><time>2026-05-18T09:54:42Z</time></trkpt><trkpt lat="-33.3829988" lon="-70.8446187"><ele>473.0</ele><time>2026-05-18T09:54:44Z</time></trkpt><trkpt lat="-33.3830431" lon="-70.8445398"><ele>473.0</ele><time>2026-05-18T09:54:47Z</time></trkpt><trkpt lat="-33.3830873" lon="-70.8444609"><ele>473.0</ele><time>2026-05-18T09:54:49Z</time></trkpt><trkpt lat="-33.3831316" lon="-70.8443820"><ele>473.0</ele><time>2026-05-18T09:54:51Z</time></trkpt><trkpt lat="-33.3831732" lon="-70.8443138"><ele>473.1</ele><time>2026-05-18T09:54:53Z</time></trkpt><trkpt lat="-33.3832149" lon="-70.8442457"><ele>473.2</ele><time>2026-05-18T09:54:56Z</time></trkpt><trkpt lat="-33.3832565" lon="-70.8441775"><ele>473.4</ele><time>2026-05-18T09:54:58Z</time></trkpt><trkpt lat="-33.3832981" lon="-70.8441094"><ele>473.5</ele><time>2026-05-18T09:55:00Z</time></trkpt><trkpt lat="-33.3833398" lon="-70.8440412"><ele>473.6</ele><time>2026-05-18T09:55:02Z</time></trkpt><trkpt lat="-33.3833814" lon="-70.8439730"><ele>473.7</ele><time>2026-05-18T09:55:05Z</time></trkpt><trkpt lat="-33.3834230" lon="-70.8439049"><ele>473.8</ele><time>2026-05-18T09:55:07Z</time></trkpt><trkpt lat="-33.3834647" lon="-70.8438367"><ele>473.9</ele><time>2026-05-18T09:55:09Z</time></trkpt><trkpt lat="-33.3835063" lon="-70.8437686"><ele>474.1</ele><time>2026-05-18T09:55:11Z</time></trkpt><trkpt lat="-33.3835480" lon="-70.8437004"><ele>474.2</ele><time>2026-05-18T09:55:14Z</time></trkpt><trkpt lat="-33.3835896" lon="-70.8436323"><ele>474.3</ele><time>2026-05-18T09:55:16Z</time></trkpt><trkpt lat="-33.3836312" lon="-70.8435641"><ele>474.4</ele><time>2026-05-18T09:55:18Z</time></trkpt><trkpt lat="-33.3836729" lon="-70.8434959"><ele>474.5</ele><time>2026-05-18T09:55:20Z</time></trkpt><trkpt lat="-33.3837145" lon="-70.8434278"><ele>474.6</ele><time>2026-05-18T09:55:23Z</time></trkpt><trkpt lat="-33.3837561" lon="-70.8433596"><ele>474.8</ele><time>2026-05-18T09:55:25Z</time></trkpt><trkpt lat="-33.3837978" lon="-70.8432915"><ele>474.9</ele><time>2026-05-18T09:55:27Z</time></trkpt><trkpt lat="-33.3838394" lon="-70.8432233"><ele>475.0</ele><time>2026-05-18T09:55:29Z</time></trkpt><trkpt lat="-33.3838680" lon="-70.8431749"><ele>475.0</ele><time>2026-05-18T09:55:32Z</time></trkpt><trkpt lat="-33.3838966" lon="-70.8431264"><ele>475.0</ele><time>2026-05-18T09:55:34Z</time></trkpt><trkpt lat="-33.3839252" lon="-70.8430780"><ele>475.0</ele><time>2026-05-18T09:55:36Z</time></trkpt><trkpt lat="-33.3839538" lon="-70.8430296"><ele>475.0</ele><time>2026-05-18T09:55:38Z</time></trkpt><trkpt lat="-33.3839823" lon="-70.8429811"><ele>475.0</ele><time>2026-05-18T09:55:41Z</time></trkpt><trkpt lat="-33.3840109" lon="-70.8429327"><ele>475.0</ele><time>2026-05-18T09:55:43Z</time></trkpt><trkpt lat="-33.3840395" lon="-70.8428843"><ele>475.0</ele><time>2026-05-18T09:55:45Z</time></trkpt><trkpt lat="-33.3840681" lon="-70.8428358"><ele>475.0</ele><time>2026-05-18T09:55:47Z</time></trkpt><trkpt lat="-33.3840967" lon="-70.8427874"><ele>475.0</ele><time>2026-05-18T09:55:50Z</time></trkpt><trkpt lat="-33.3841253" lon="-70.8427389"><ele>475.0</ele><time>2026-05-18T09:55:52Z</time></trkpt><trkpt lat="-33.3841539" lon="-70.8426905"><ele>475.0</ele><time>2026-05-18T09:55:54Z</time></trkpt><trkpt lat="-33.3841825" lon="-70.8426421"><ele>475.0</ele><time>2026-05-18T09:55:56Z</time></trkpt><trkpt lat="-33.3842110" lon="-70.8425936"><ele>475.0</ele><time>2026-05-18T09:55:59Z</time></trkpt><trkpt lat="-33.3842396" lon="-70.8425452"><ele>475.0</ele><time>2026-05-18T09:56:01Z</time></trkpt><trkpt lat="-33.3842682" lon="-70.8424968"><ele>475.0</ele><time>2026-05-18T09:56:03Z</time></trkpt><trkpt lat="-33.3842968" lon="-70.8424483"><ele>475.0</ele><time>2026-05-18T09:56:05Z</time></trkpt><trkpt lat="-33.3843254" lon="-70.8423999"><ele>475.0</ele><time>2026-05-18T09:56:08Z</time></trkpt><trkpt lat="-33.3843637" lon="-70.8423922"><ele>475.0</ele><time>2026-05-18T09:56:10Z</time></trkpt><trkpt lat="-33.3844021" lon="-70.8423844"><ele>475.0</ele><time>2026-05-18T09:56:12Z</time></trkpt><trkpt lat="-33.3844404" lon="-70.8423767"><ele>475.0</ele><time>2026-05-18T09:56:14Z</time></trkpt><trkpt lat="-33.3844787" lon="-70.8423690"><ele>475.0</ele><time>2026-05-18T09:56:17Z</time></trkpt><trkpt lat="-33.3845171" lon="-70.8423613"><ele>475.0</ele><time>2026-05-18T09:56:19Z</time></trkpt><trkpt lat="-33.3845554" lon="-70.8423535"><ele>475.0</ele><time>2026-05-18T09:56:21Z</time></trkpt><trkpt lat="-33.3845937" lon="-70.8423458"><ele>475.0</ele><time>2026-05-18T09:56:23Z</time></trkpt><trkpt lat="-33.3846321" lon="-70.8423381"><ele>475.0</ele><time>2026-05-18T09:56:26Z</time></trkpt><trkpt lat="-33.3846704" lon="-70.8423303"><ele>475.0</ele><time>2026-05-18T09:56:28Z</time></trkpt><trkpt lat="-33.3847088" lon="-70.8423226"><ele>475.0</ele><time>2026-05-18T09:56:30Z</time></trkpt><trkpt lat="-33.3847471" lon="-70.8423149"><ele>475.0</ele><time>2026-05-18T09:56:32Z</time></trkpt><trkpt lat="-33.3847854" lon="-70.8423071"><ele>475.0</ele><time>2026-05-18T09:56:35Z</time></trkpt><trkpt lat="-33.3848238" lon="-70.8422994"><ele>475.0</ele><time>2026-05-18T09:56:37Z</time></trkpt><trkpt lat="-33.3848621" lon="-70.8422917"><ele>475.0</ele><time>2026-05-18T09:56:39Z</time></trkpt><trkpt lat="-33.3849004" lon="-70.8422840"><ele>475.0</ele><time>2026-05-18T09:56:41Z</time></trkpt><trkpt lat="-33.3849388" lon="-70.8422762"><ele>475.0</ele><time>2026-05-18T09:56:44Z</time></trkpt><trkpt lat="-33.3849771" lon="-70.8422685"><ele>475.0</ele><time>2026-05-18T09:56:46Z</time></trkpt><trkpt lat="-33.3850720" lon="-70.8423840"><ele>475.0</ele><time>2026-05-18T09:56:48Z</time></trkpt><trkpt lat="-33.3851668" lon="-70.8424995"><ele>475.0</ele><time>2026-05-18T09:56:50Z</time></trkpt><trkpt lat="-33.3852617" lon="-70.8426150"><ele>475.0</ele><time>2026-05-18T09:56:53Z</time></trkpt><trkpt lat="-33.3853565" lon="-70.8427305"><ele>475.0</ele><time>2026-05-18T09:56:55Z</time></trkpt><trkpt lat="-33.3854514" lon="-70.8428459"><ele>475.0</ele><time>2026-05-18T09:56:57Z</time></trkpt><trkpt lat="-33.3855462" lon="-70.8429614"><ele>475.0</ele><time>2026-05-18T09:56:59Z</time></trkpt><trkpt lat="-33.3856411" lon="-70.8430769"><ele>475.0</ele><time>2026-05-18T09:57:02Z</time></trkpt><trkpt lat="-33.3857359" lon="-70.8431924"><ele>475.0</ele><time>2026-05-18T09:57:04Z</time></trkpt><trkpt lat="-33.3858308" lon="-70.8433079"><ele>475.0</ele><time>2026-05-18T09:57:06Z</time></trkpt><trkpt lat="-33.3859256" lon="-70.8434234"><ele>475.0</ele><time>2026-05-18T09:57:08Z</time></trkpt><trkpt lat="-33.3860205" lon="-70.8435389"><ele>475.0</ele><time>2026-05-18T09:57:11Z</time></trkpt><trkpt lat="-33.3861153" lon="-70.8436544"><ele>475.0</ele><time>2026-05-18T09:57:13Z</time></trkpt><trkpt lat="-33.3862102" lon="-70.8437698"><ele>475.0</ele><time>2026-05-18T09:57:15Z</time></trkpt><trkpt lat="-33.3863050" lon="-70.8438853"><ele>475.0</ele><time>2026-05-18T09:57:17Z</time></trkpt><trkpt lat="-33.3863999" lon="-70.8440008"><ele>475.0</ele><time>2026-05-18T09:57:20Z</time></trkpt><trkpt lat="-33.3864947" lon="-70.8441163"><ele>475.0</ele><time>2026-05-18T09:57:22Z</time></trkpt><trkpt lat="-33.3865896" lon="-70.8442318"><ele>475.0</ele><time>2026-05-18T09:57:24Z</time></trkpt><trkpt lat="-33.3867524" lon="-70.8443757"><ele>474.9</ele><time>2026-05-18T09:57:26Z</time></trkpt><trkpt lat="-33.3869153" lon="-70.8445196"><ele>474.8</ele><time>2026-05-18T09:57:29Z</time></trkpt><trkpt lat="-33.3870781" lon="-70.8446635"><ele>474.6</ele><time>2026-05-18T09:57:31Z</time></trkpt><trkpt lat="-33.3872409" lon="-70.8448074"><ele>474.5</ele><time>2026-05-18T09:57:33Z</time></trkpt><trkpt lat="-33.3874037" lon="-70.8449513"><ele>474.4</ele><time>2026-05-18T09:57:35Z</time></trkpt><trkpt lat="-33.3875666" lon="-70.8450952"><ele>474.3</ele><time>2026-05-18T09:57:38Z</time></trkpt><trkpt lat="-33.3877294" lon="-70.8452391"><ele>474.2</ele><time>2026-05-18T09:57:40Z</time></trkpt><trkpt lat="-33.3878922" lon="-70.8453830"><ele>474.1</ele><time>2026-05-18T09:57:42Z</time></trkpt><trkpt lat="-33.3880551" lon="-70.8455268"><ele>473.9</ele><time>2026-05-18T09:57:44Z</time></trkpt><trkpt lat="-33.3882179" lon="-70.8456707"><ele>473.8</ele><time>2026-05-18T09:57:47Z</time></trkpt><trkpt lat="-33.3883807" lon="-70.8458146"><ele>473.7</ele><time>2026-05-18T09:57:49Z</time></trkpt><trkpt lat="-33.3885436" lon="-70.8459585"><ele>473.6</ele><time>2026-05-18T09:57:51Z</time></trkpt><trkpt lat="-33.3887064" lon="-70.8461024"><ele>473.5</ele><time>2026-05-18T09:57:53Z</time></trkpt><trkpt lat="-33.3888692" lon="-70.8462463"><ele>473.4</ele><time>2026-05-18T09:57:56Z</time></trkpt><trkpt lat="-33.3890320" lon="-70.8463902"><ele>473.2</ele><time>2026-05-18T09:57:58Z</time></trkpt><trkpt lat="-33.3891949" lon="-70.8465341"><ele>473.1</ele><time>2026-05-18T09:58:00Z</time></trkpt><trkpt lat="-33.3893577" lon="-70.8466780"><ele>473.0</ele><time>2026-05-18T09:58:02Z</time></trkpt><trkpt lat="-33.3894668" lon="-70.8467632"><ele>473.0</ele><time>2026-05-18T09:58:05Z</time></trkpt><trkpt lat="-33.3895759" lon="-70.8468484"><ele>473.0</ele><time>2026-05-18T09:58:07Z</time></trkpt><trkpt lat="-33.3896849" lon="-70.8469336"><ele>473.0</ele><time>2026-05-18T09:58:09Z</time></trkpt><trkpt lat="-33.3897940" lon="-70.8470188"><ele>473.0</ele><time>2026-05-18T09:58:11Z</time></trkpt><trkpt lat="-33.3899031" lon="-70.8471040"><ele>473.0</ele><time>2026-05-18T09:58:14Z</time></trkpt><trkpt lat="-33.3900122" lon="-70.8471892"><ele>473.0</ele><time>2026-05-18T09:58:16Z</time></trkpt><trkpt lat="-33.3901212" lon="-70.8472744"><ele>473.0</ele><time>2026-05-18T09:58:18Z</time></trkpt><trkpt lat="-33.3902303" lon="-70.8473596"><ele>473.0</ele><time>2026-05-18T09:58:20Z</time></trkpt><trkpt lat="-33.3903394" lon="-70.8474448"><ele>473.0</ele><time>2026-05-18T09:58:23Z</time></trkpt><trkpt lat="-33.3904485" lon="-70.8475300"><ele>473.0</ele><time>2026-05-18T09:58:25Z</time></trkpt><trkpt lat="-33.3905575" lon="-70.8476152"><ele>473.0</ele><time>2026-05-18T09:58:27Z</time></trkpt><trkpt lat="-33.3906666" lon="-70.8477004"><ele>473.0</ele><time>2026-05-18T09:58:29Z</time></trkpt><trkpt lat="-33.3907757" lon="-70.8477856"><ele>473.0</ele><time>2026-05-18T09:58:32Z</time></trkpt><trkpt lat="-33.3908848" lon="-70.8478708"><ele>473.0</ele><time>2026-05-18T09:58:34Z</time></trkpt><trkpt lat="-33.3909938" lon="-70.8479560"><ele>473.0</ele><time>2026-05-18T09:58:36Z</time></trkpt><trkpt lat="-33.3911029" lon="-70.8480412"><ele>473.0</ele><time>2026-05-18T09:58:38Z</time></trkpt><trkpt lat="-33.3912120" lon="-70.8481264"><ele>473.0</ele><time>2026-05-18T09:58:41Z</time></trkpt><trkpt lat="-33.3914054" lon="-70.8482564"><ele>472.9</ele><time>2026-05-18T09:58:43Z</time></trkpt><trkpt lat="-33.3915988" lon="-70.8483864"><ele>472.9</ele><time>2026-05-18T09:58:45Z</time></trkpt><trkpt lat="-33.3917921" lon="-70.8485164"><ele>472.8</ele><time>2026-05-18T09:58:47Z</time></trkpt><trkpt lat="-33.3919855" lon="-70.8486464"><ele>472.8</ele><time>2026-05-18T09:58:50Z</time></trkpt><trkpt lat="-33.3921789" lon="-70.8487765"><ele>472.7</ele><time>2026-05-18T09:58:52Z</time></trkpt><trkpt lat="-33.3923723" lon="-70.8489065"><ele>472.6</ele><time>2026-05-18T09:58:54Z</time></trkpt><trkpt lat="-33.3925657" lon="-70.8490365"><ele>472.6</ele><time>2026-05-18T09:58:56Z</time></trkpt><trkpt lat="-33.3927591" lon="-70.8491665"><ele>472.5</ele><time>2026-05-18T09:58:59Z</time></trkpt><trkpt lat="-33.3929524" lon="-70.8492965"><ele>472.5</ele><time>2026-05-18T09:59:01Z</time></trkpt><trkpt lat="-33.3931458" lon="-70.8494265"><ele>472.4</ele><time>2026-05-18T09:59:03Z</time></trkpt><trkpt lat="-33.3933392" lon="-70.8495565"><ele>472.4</ele><time>2026-05-18T09:59:05Z</time></trkpt><trkpt lat="-33.3935326" lon="-70.8496865"><ele>472.3</ele><time>2026-05-18T09:59:08Z</time></trkpt><trkpt lat="-33.3937260" lon="-70.8498166"><ele>472.2</ele><time>2026-05-18T09:59:10Z</time></trkpt><trkpt lat="-33.3939194" lon="-70.8499466"><ele>472.2</ele><time>2026-05-18T09:59:12Z</time></trkpt><trkpt lat="-33.3941127" lon="-70.8500766"><ele>472.1</ele><time>2026-05-18T09:59:14Z</time></trkpt><trkpt lat="-33.3943061" lon="-70.8502066"><ele>472.1</ele><time>2026-05-18T09:59:17Z</time></trkpt><trkpt lat="-33.3944995" lon="-70.8503366"><ele>472.0</ele><time>2026-05-18T09:59:19Z</time></trkpt><trkpt lat="-33.3946644" lon="-70.8504470"><ele>472.0</ele><time>2026-05-18T09:59:21Z</time></trkpt><trkpt lat="-33.3948293" lon="-70.8505575"><ele>472.0</ele><time>2026-05-18T09:59:23Z</time></trkpt><trkpt lat="-33.3949943" lon="-70.8506679"><ele>472.0</ele><time>2026-05-18T09:59:26Z</time></trkpt><trkpt lat="-33.3951592" lon="-70.8507784"><ele>472.0</ele><time>2026-05-18T09:59:28Z</time></trkpt><trkpt lat="-33.3953241" lon="-70.8508888"><ele>472.0</ele><time>2026-05-18T09:59:30Z</time></trkpt><trkpt lat="-33.3954890" lon="-70.8509992"><ele>472.0</ele><time>2026-05-18T09:59:32Z</time></trkpt><trkpt lat="-33.3956539" lon="-70.8511097"><ele>472.0</ele><time>2026-05-18T09:59:35Z</time></trkpt><trkpt lat="-33.3958188" lon="-70.8512201"><ele>472.0</ele><time>2026-05-18T09:59:37Z</time></trkpt><trkpt lat="-33.3959838" lon="-70.8513306"><ele>472.0</ele><time>2026-05-18T09:59:39Z</time></trkpt><trkpt lat="-33.3961487" lon="-70.8514410"><ele>472.0</ele><time>2026-05-18T09:59:41Z</time></trkpt><trkpt lat="-33.3963136" lon="-70.8515515"><ele>472.0</ele><time>2026-05-18T09:59:44Z</time></trkpt><trkpt lat="-33.3964785" lon="-70.8516619"><ele>472.0</ele><time>2026-05-18T09:59:46Z</time></trkpt><trkpt lat="-33.3966434" lon="-70.8517723"><ele>472.0</ele><time>2026-05-18T09:59:48Z</time></trkpt><trkpt lat="-33.3968083" lon="-70.8518828"><ele>472.0</ele><time>2026-05-18T09:59:50Z</time></trkpt><trkpt lat="-33.3969733" lon="-70.8519932"><ele>472.0</ele><time>2026-05-18T09:59:53Z</time></trkpt><trkpt lat="-33.3971382" lon="-70.8521037"><ele>472.0</ele><time>2026-05-18T09:59:55Z</time></trkpt><trkpt lat="-33.3973031" lon="-70.8522141"><ele>472.0</ele><time>2026-05-18T09:59:57Z</time></trkpt><trkpt lat="-33.3973437" lon="-70.8522349"><ele>472.0</ele><time>2026-05-18T09:59:59Z</time></trkpt><trkpt lat="-33.3973842" lon="-70.8522557"><ele>472.0</ele><time>2026-05-18T10:00:02Z</time></trkpt><trkpt lat="-33.3974248" lon="-70.8522766"><ele>472.0</ele><time>2026-05-18T10:00:04Z</time></trkpt><trkpt lat="-33.3974654" lon="-70.8522974"><ele>472.0</ele><time>2026-05-18T10:00:06Z</time></trkpt><trkpt lat="-33.3975060" lon="-70.8523182"><ele>472.0</ele><time>2026-05-18T10:00:09Z</time></trkpt><trkpt lat="-33.3975465" lon="-70.8523390"><ele>472.0</ele><time>2026-05-18T10:00:11Z</time></trkpt><trkpt lat="-33.3975871" lon="-70.8523599"><ele>472.0</ele><time>2026-05-18T10:00:13Z</time></trkpt><trkpt lat="-33.3976277" lon="-70.8523807"><ele>472.0</ele><time>2026-05-18T10:00:15Z</time></trkpt><trkpt lat="-33.3976682" lon="-70.8524015"><ele>472.0</ele><time>2026-05-18T10:00:18Z</time></trkpt><trkpt lat="-33.3977088" lon="-70.8524223"><ele>472.0</ele><time>2026-05-18T10:00:20Z</time></trkpt><trkpt lat="-33.3977494" lon="-70.8524432"><ele>472.0</ele><time>2026-05-18T10:00:22Z</time></trkpt><trkpt lat="-33.3977899" lon="-70.8524640"><ele>472.0</ele><time>2026-05-18T10:00:24Z</time></trkpt><trkpt lat="-33.3978305" lon="-70.8524848"><ele>472.0</ele><time>2026-05-18T10:00:27Z</time></trkpt><trkpt lat="-33.3978711" lon="-70.8525056"><ele>472.0</ele><time>2026-05-18T10:00:29Z</time></trkpt><trkpt lat="-33.3979117" lon="-70.8525265"><ele>472.0</ele><time>2026-05-18T10:00:31Z</time></trkpt><trkpt lat="-33.3979522" lon="-70.8525473"><ele>472.0</ele><time>2026-05-18T10:00:33Z</time></trkpt><trkpt lat="-33.3979928" lon="-70.8525681"><ele>472.0</ele><time>2026-05-18T10:00:36Z</time></trkpt><trkpt lat="-33.3980618" lon="-70.8525694"><ele>472.0</ele><time>2026-05-18T10:00:38Z</time></trkpt><trkpt lat="-33.3981308" lon="-70.8525706"><ele>472.0</ele><time>2026-05-18T10:00:40Z</time></trkpt><trkpt lat="-33.3981999" lon="-70.8525719"><ele>472.0</ele><time>2026-05-18T10:00:42Z</time></trkpt><trkpt lat="-33.3982689" lon="-70.8525732"><ele>472.0</ele><time>2026-05-18T10:00:45Z</time></trkpt><trkpt lat="-33.3983379" lon="-70.8525744"><ele>472.0</ele><time>2026-05-18T10:00:47Z</time></trkpt><trkpt lat="-33.3984069" lon="-70.8525757"><ele>472.0</ele><time>2026-05-18T10:00:49Z</time></trkpt><trkpt lat="-33.3984760" lon="-70.8525770"><ele>472.0</ele><time>2026-05-18T10:00:51Z</time></trkpt><trkpt lat="-33.3985450" lon="-70.8525782"><ele>472.0</ele><time>2026-05-18T10:00:54Z</time></trkpt><trkpt lat="-33.3986140" lon="-70.8525795"><ele>472.0</ele><time>2026-05-18T10:00:56Z</time></trkpt><trkpt lat="-33.3986830" lon="-70.8525807"><ele>472.0</ele><time>2026-05-18T10:00:58Z</time></trkpt><trkpt lat="-33.3987521" lon="-70.8525820"><ele>472.0</ele><time>2026-05-18T10:01:00Z</time></trkpt><trkpt lat="-33.3988211" lon="-70.8525833"><ele>472.0</ele><time>2026-05-18T10:01:03Z</time></trkpt><trkpt lat="-33.3988901" lon="-70.8525845"><ele>472.0</ele><time>2026-05-18T10:01:05Z</time></trkpt><trkpt lat="-33.3989591" lon="-70.8525858"><ele>472.0</ele><time>2026-05-18T10:01:07Z</time></trkpt><trkpt lat="-33.3990282" lon="-70.8525871"><ele>472.0</ele><time>2026-05-18T10:01:09Z</time></trkpt><trkpt lat="-33.3990972" lon="-70.8525883"><ele>472.0</ele><time>2026-05-18T10:01:12Z</time></trkpt><trkpt lat="-33.3991662" lon="-70.8525896"><ele>472.0</ele><time>2026-05-18T10:01:14Z</time></trkpt><trkpt lat="-33.3992048" lon="-70.8525857"><ele>472.0</ele><time>2026-05-18T10:01:16Z</time></trkpt><trkpt lat="-33.3992434" lon="-70.8525817"><ele>472.0</ele><time>2026-05-18T10:01:18Z</time></trkpt><trkpt lat="-33.3992820" lon="-70.8525778"><ele>472.0</ele><time>2026-05-18T10:01:21Z</time></trkpt><trkpt lat="-33.3993206" lon="-70.8525738"><ele>472.0</ele><time>2026-05-18T10:01:23Z</time></trkpt><trkpt lat="-33.3993592" lon="-70.8525699"><ele>472.0</ele><time>2026-05-18T10:01:25Z</time></trkpt><trkpt lat="-33.3993978" lon="-70.8525660"><ele>472.0</ele><time>2026-05-18T10:01:27Z</time></trkpt><trkpt lat="-33.3994364" lon="-70.8525620"><ele>472.0</ele><time>2026-05-18T10:01:30Z</time></trkpt><trkpt lat="-33.3994750" lon="-70.8525581"><ele>472.0</ele><time>2026-05-18T10:01:32Z</time></trkpt><trkpt lat="-33.3995135" lon="-70.8525541"><ele>472.0</ele><time>2026-05-18T10:01:34Z</time></trkpt><trkpt lat="-33.3995521" lon="-70.8525502"><ele>472.0</ele><time>2026-05-18T10:01:36Z</time></trkpt><trkpt lat="-33.3995907" lon="-70.8525462"><ele>472.0</ele><time>2026-05-18T10:01:39Z</time></trkpt><trkpt lat="-33.3996293" lon="-70.8525423"><ele>472.0</ele><time>2026-05-18T10:01:41Z</time></trkpt><trkpt lat="-33.3996679" lon="-70.8525384"><ele>472.0</ele><time>2026-05-18T10:01:43Z</time></trkpt><trkpt lat="-33.3997065" lon="-70.8525344"><ele>472.0</ele><time>2026-05-18T10:01:45Z</time></trkpt><trkpt lat="-33.3997451" lon="-70.8525305"><ele>472.0</ele><time>2026-05-18T10:01:48Z</time></trkpt><trkpt lat="-33.3997837" lon="-70.8525265"><ele>472.0</ele><time>2026-05-18T10:01:50Z</time></trkpt><trkpt lat="-33.3998223" lon="-70.8525226"><ele>472.0</ele><time>2026-05-18T10:01:52Z</time></trkpt><trkpt lat="-33.3999318" lon="-70.8525007"><ele>472.0</ele><time>2026-05-18T10:01:54Z</time></trkpt><trkpt lat="-33.4000412" lon="-70.8524787"><ele>472.0</ele><time>2026-05-18T10:01:57Z</time></trkpt><trkpt lat="-33.4001507" lon="-70.8524568"><ele>472.0</ele><time>2026-05-18T10:01:59Z</time></trkpt><trkpt lat="-33.4002601" lon="-70.8524349"><ele>472.0</ele><time>2026-05-18T10:02:01Z</time></trkpt><trkpt lat="-33.4003696" lon="-70.8524129"><ele>472.0</ele><time>2026-05-18T10:02:03Z</time></trkpt><trkpt lat="-33.4004791" lon="-70.8523910"><ele>472.0</ele><time>2026-05-18T10:02:06Z</time></trkpt><trkpt lat="-33.4005885" lon="-70.8523691"><ele>472.0</ele><time>2026-05-18T10:02:08Z</time></trkpt><trkpt lat="-33.4006980" lon="-70.8523471"><ele>472.0</ele><time>2026-05-18T10:02:10Z</time></trkpt><trkpt lat="-33.4008074" lon="-70.8523252"><ele>472.0</ele><time>2026-05-18T10:02:12Z</time></trkpt><trkpt lat="-33.4009169" lon="-70.8523032"><ele>472.0</ele><time>2026-05-18T10:02:15Z</time></trkpt><trkpt lat="-33.4010263" lon="-70.8522813"><ele>472.0</ele><time>2026-05-18T10:02:17Z</time></trkpt><trkpt lat="-33.4011358" lon="-70.8522594"><ele>472.0</ele><time>2026-05-18T10:02:19Z</time></trkpt><trkpt lat="-33.4012453" lon="-70.8522374"><ele>472.0</ele><time>2026-05-18T10:02:21Z</time></trkpt><trkpt lat="-33.4013547" lon="-70.8522155"><ele>472.0</ele><time>2026-05-18T10:02:24Z</time></trkpt><trkpt lat="-33.4014642" lon="-70.8521936"><ele>472.0</ele><time>2026-05-18T10:02:26Z</time></trkpt><trkpt lat="-33.4015736" lon="-70.8521716"><ele>472.0</ele><time>2026-05-18T10:02:28Z</time></trkpt><trkpt lat="-33.4016831" lon="-70.8521497"><ele>472.0</ele><time>2026-05-18T10:02:30Z</time></trkpt><trkpt lat="-33.4017721" lon="-70.8521579"><ele>472.1</ele><time>2026-05-18T10:02:33Z</time></trkpt><trkpt lat="-33.4018612" lon="-70.8521661"><ele>472.2</ele><time>2026-05-18T10:02:35Z</time></trkpt><trkpt lat="-33.4019502" lon="-70.8521743"><ele>472.4</ele><time>2026-05-18T10:02:37Z</time></trkpt><trkpt lat="-33.4020393" lon="-70.8521825"><ele>472.5</ele><time>2026-05-18T10:02:39Z</time></trkpt><trkpt lat="-33.4021283" lon="-70.8521907"><ele>472.6</ele><time>2026-05-18T10:02:42Z</time></trkpt><trkpt lat="-33.4022173" lon="-70.8521989"><ele>472.7</ele><time>2026-05-18T10:02:44Z</time></trkpt><trkpt lat="-33.4023064" lon="-70.8522071"><ele>472.8</ele><time>2026-05-18T10:02:46Z</time></trkpt><trkpt lat="-33.4023954" lon="-70.8522153"><ele>472.9</ele><time>2026-05-18T10:02:48Z</time></trkpt><trkpt lat="-33.4024845" lon="-70.8522236"><ele>473.1</ele><time>2026-05-18T10:02:51Z</time></trkpt><trkpt lat="-33.4025735" lon="-70.8522318"><ele>473.2</ele><time>2026-05-18T10:02:53Z</time></trkpt><trkpt lat="-33.4026626" lon="-70.8522400"><ele>473.3</ele><time>2026-05-18T10:02:55Z</time></trkpt><trkpt lat="-33.4027516" lon="-70.8522482"><ele>473.4</ele><time>2026-05-18T10:02:57Z</time></trkpt><trkpt lat="-33.4028406" lon="-70.8522564"><ele>473.5</ele><time>2026-05-18T10:03:00Z</time></trkpt><trkpt lat="-33.4029297" lon="-70.8522646"><ele>473.6</ele><time>2026-05-18T10:03:02Z</time></trkpt><trkpt lat="-33.4030187" lon="-70.8522728"><ele>473.8</ele><time>2026-05-18T10:03:04Z</time></trkpt><trkpt lat="-33.4031078" lon="-70.8522810"><ele>473.9</ele><time>2026-05-18T10:03:06Z</time></trkpt><trkpt lat="-33.4031968" lon="-70.8522892"><ele>474.0</ele><time>2026-05-18T10:03:09Z</time></trkpt><trkpt lat="-33.4033296" lon="-70.8522987"><ele>473.9</ele><time>2026-05-18T10:03:11Z</time></trkpt><trkpt lat="-33.4034623" lon="-70.8523081"><ele>473.9</ele><time>2026-05-18T10:03:13Z</time></trkpt><trkpt lat="-33.4035951" lon="-70.8523176"><ele>473.8</ele><time>2026-05-18T10:03:15Z</time></trkpt><trkpt lat="-33.4037279" lon="-70.8523271"><ele>473.8</ele><time>2026-05-18T10:03:18Z</time></trkpt><trkpt lat="-33.4038606" lon="-70.8523365"><ele>473.7</ele><time>2026-05-18T10:03:20Z</time></trkpt><trkpt lat="-33.4039934" lon="-70.8523460"><ele>473.6</ele><time>2026-05-18T10:03:22Z</time></trkpt><trkpt lat="-33.4041262" lon="-70.8523555"><ele>473.6</ele><time>2026-05-18T10:03:24Z</time></trkpt><trkpt lat="-33.4042589" lon="-70.8523649"><ele>473.5</ele><time>2026-05-18T10:03:27Z</time></trkpt><trkpt lat="-33.4043917" lon="-70.8523744"><ele>473.5</ele><time>2026-05-18T10:03:29Z</time></trkpt><trkpt lat="-33.4045244" lon="-70.8523838"><ele>473.4</ele><time>2026-05-18T10:03:31Z</time></trkpt><trkpt lat="-33.4046572" lon="-70.8523933"><ele>473.4</ele><time>2026-05-18T10:03:33Z</time></trkpt><trkpt lat="-33.4047900" lon="-70.8524028"><ele>473.3</ele><time>2026-05-18T10:03:36Z</time></trkpt><trkpt lat="-33.4049227" lon="-70.8524122"><ele>473.2</ele><time>2026-05-18T10:03:38Z</time></trkpt><trkpt lat="-33.4050555" lon="-70.8524217"><ele>473.2</ele><time>2026-05-18T10:03:40Z</time></trkpt><trkpt lat="-33.4051883" lon="-70.8524312"><ele>473.1</ele><time>2026-05-18T10:03:42Z</time></trkpt><trkpt lat="-33.4053210" lon="-70.8524406"><ele>473.1</ele><time>2026-05-18T10:03:45Z</time></trkpt><trkpt lat="-33.4054538" lon="-70.8524501"><ele>473.0</ele><time>2026-05-18T10:03:47Z</time></trkpt><trkpt lat="-33.4055249" lon="-70.8524268"><ele>472.9</ele><time>2026-05-18T10:03:49Z</time></trkpt><trkpt lat="-33.4055960" lon="-70.8524034"><ele>472.8</ele><time>2026-05-18T10:03:51Z</time></trkpt><trkpt lat="-33.4056672" lon="-70.8523801"><ele>472.6</ele><time>2026-05-18T10:03:54Z</time></trkpt><trkpt lat="-33.4057383" lon="-70.8523567"><ele>472.5</ele><time>2026-05-18T10:03:56Z</time></trkpt><trkpt lat="-33.4058094" lon="-70.8523334"><ele>472.4</ele><time>2026-05-18T10:03:58Z</time></trkpt><trkpt lat="-33.4058805" lon="-70.8523100"><ele>472.3</ele><time>2026-05-18T10:04:00Z</time></trkpt><trkpt lat="-33.4059517" lon="-70.8522867"><ele>472.2</ele><time>2026-05-18T10:04:03Z</time></trkpt><trkpt lat="-33.4060228" lon="-70.8522633"><ele>472.1</ele><time>2026-05-18T10:04:05Z</time></trkpt><trkpt lat="-33.4060939" lon="-70.8522400"><ele>471.9</ele><time>2026-05-18T10:04:07Z</time></trkpt><trkpt lat="-33.4061650" lon="-70.8522166"><ele>471.8</ele><time>2026-05-18T10:04:09Z</time></trkpt><trkpt lat="-33.4062362" lon="-70.8521933"><ele>471.7</ele><time>2026-05-18T10:04:12Z</time></trkpt><trkpt lat="-33.4063073" lon="-70.8521699"><ele>471.6</ele><time>2026-05-18T10:04:14Z</time></trkpt><trkpt lat="-33.4063784" lon="-70.8521466"><ele>471.5</ele><time>2026-05-18T10:04:16Z</time></trkpt><trkpt lat="-33.4064495" lon="-70.8521232"><ele>471.4</ele><time>2026-05-18T10:04:18Z</time></trkpt><trkpt lat="-33.4065207" lon="-70.8520999"><ele>471.2</ele><time>2026-05-18T10:04:21Z</time></trkpt><trkpt lat="-33.4065918" lon="-70.8520765"><ele>471.1</ele><time>2026-05-18T10:04:23Z</time></trkpt><trkpt lat="-33.4066629" lon="-70.8520532"><ele>471.0</ele><time>2026-05-18T10:04:25Z</time></trkpt><trkpt lat="-33.4068009" lon="-70.8519333"><ele>471.1</ele><time>2026-05-18T10:04:27Z</time></trkpt><trkpt lat="-33.4069390" lon="-70.8518134"><ele>471.2</ele><time>2026-05-18T10:04:30Z</time></trkpt><trkpt lat="-33.4070770" lon="-70.8516935"><ele>471.4</ele><time>2026-05-18T10:04:32Z</time></trkpt><trkpt lat="-33.4072150" lon="-70.8515736"><ele>471.5</ele><time>2026-05-18T10:04:34Z</time></trkpt><trkpt lat="-33.4073530" lon="-70.8514536"><ele>471.6</ele><time>2026-05-18T10:04:36Z</time></trkpt><trkpt lat="-33.4074911" lon="-70.8513337"><ele>471.7</ele><time>2026-05-18T10:04:39Z</time></trkpt><trkpt lat="-33.4076291" lon="-70.8512138"><ele>471.8</ele><time>2026-05-18T10:04:41Z</time></trkpt><trkpt lat="-33.4077671" lon="-70.8510939"><ele>471.9</ele><time>2026-05-18T10:04:43Z</time></trkpt><trkpt lat="-33.4079052" lon="-70.8509740"><ele>472.1</ele><time>2026-05-18T10:04:45Z</time></trkpt><trkpt lat="-33.4080432" lon="-70.8508541"><ele>472.2</ele><time>2026-05-18T10:04:48Z</time></trkpt><trkpt lat="-33.4081812" lon="-70.8507342"><ele>472.3</ele><time>2026-05-18T10:04:50Z</time></trkpt><trkpt lat="-33.4083193" lon="-70.8506143"><ele>472.4</ele><time>2026-05-18T10:04:52Z</time></trkpt><trkpt lat="-33.4084573" lon="-70.8504943"><ele>472.5</ele><time>2026-05-18T10:04:54Z</time></trkpt><trkpt lat="-33.4085953" lon="-70.8503744"><ele>472.6</ele><time>2026-05-18T10:04:57Z</time></trkpt><trkpt lat="-33.4087333" lon="-70.8502545"><ele>472.8</ele><time>2026-05-18T10:04:59Z</time></trkpt><trkpt lat="-33.4088714" lon="-70.8501346"><ele>472.9</ele><time>2026-05-18T10:05:01Z</time></trkpt><trkpt lat="-33.4090094" lon="-70.8500147"><ele>473.0</ele><time>2026-05-18T10:05:03Z</time></trkpt><trkpt lat="-33.4091796" lon="-70.8498576"><ele>473.4</ele><time>2026-05-18T10:05:06Z</time></trkpt><trkpt lat="-33.4093497" lon="-70.8497004"><ele>473.7</ele><time>2026-05-18T10:05:08Z</time></trkpt><trkpt lat="-33.4095199" lon="-70.8495433"><ele>474.1</ele><time>2026-05-18T10:05:10Z</time></trkpt><trkpt lat="-33.4096901" lon="-70.8493861"><ele>474.4</ele><time>2026-05-18T10:05:12Z</time></trkpt><trkpt lat="-33.4098602" lon="-70.8492290"><ele>474.8</ele><time>2026-05-18T10:05:15Z</time></trkpt><trkpt lat="-33.4100304" lon="-70.8490718"><ele>475.1</ele><time>2026-05-18T10:05:17Z</time></trkpt><trkpt lat="-33.4102006" lon="-70.8489147"><ele>475.5</ele><time>2026-05-18T10:05:19Z</time></trkpt><trkpt lat="-33.4103707" lon="-70.8487575"><ele>475.8</ele><time>2026-05-18T10:05:21Z</time></trkpt><trkpt lat="-33.4105409" lon="-70.8486004"><ele>476.2</ele><time>2026-05-18T10:05:24Z</time></trkpt><trkpt lat="-33.4107110" lon="-70.8484432"><ele>476.5</ele><time>2026-05-18T10:05:26Z</time></trkpt><trkpt lat="-33.4108812" lon="-70.8482861"><ele>476.9</ele><time>2026-05-18T10:05:28Z</time></trkpt><trkpt lat="-33.4110514" lon="-70.8481289"><ele>477.2</ele><time>2026-05-18T10:05:30Z</time></trkpt><trkpt lat="-33.4112215" lon="-70.8479718"><ele>477.6</ele><time>2026-05-18T10:05:33Z</time></trkpt><trkpt lat="-33.4113917" lon="-70.8478146"><ele>477.9</ele><time>2026-05-18T10:05:35Z</time></trkpt><trkpt lat="-33.4115619" lon="-70.8476575"><ele>478.3</ele><time>2026-05-18T10:05:37Z</time></trkpt><trkpt lat="-33.4117320" lon="-70.8475003"><ele>478.6</ele><time>2026-05-18T10:05:39Z</time></trkpt><trkpt lat="-33.4119022" lon="-70.8473432"><ele>479.0</ele><time>2026-05-18T10:05:42Z</time></trkpt><trkpt lat="-33.4120476" lon="-70.8472094"><ele>479.2</ele><time>2026-05-18T10:05:44Z</time></trkpt><trkpt lat="-33.4121930" lon="-70.8470756"><ele>479.4</ele><time>2026-05-18T10:05:46Z</time></trkpt><trkpt lat="-33.4123384" lon="-70.8469418"><ele>479.5</ele><time>2026-05-18T10:05:48Z</time></trkpt><trkpt lat="-33.4124838" lon="-70.8468080"><ele>479.7</ele><time>2026-05-18T10:05:51Z</time></trkpt><trkpt lat="-33.4126292" lon="-70.8466742"><ele>479.9</ele><time>2026-05-18T10:05:53Z</time></trkpt><trkpt lat="-33.4127746" lon="-70.8465404"><ele>480.1</ele><time>2026-05-18T10:05:55Z</time></trkpt><trkpt lat="-33.4129200" lon="-70.8464066"><ele>480.2</ele><time>2026-05-18T10:05:57Z</time></trkpt><trkpt lat="-33.4130654" lon="-70.8462728"><ele>480.4</ele><time>2026-05-18T10:06:00Z</time></trkpt><trkpt lat="-33.4132107" lon="-70.8461391"><ele>480.6</ele><time>2026-05-18T10:06:02Z</time></trkpt><trkpt lat="-33.4133561" lon="-70.8460053"><ele>480.8</ele><time>2026-05-18T10:06:04Z</time></trkpt><trkpt lat="-33.4135015" lon="-70.8458715"><ele>480.9</ele><time>2026-05-18T10:06:06Z</time></trkpt><trkpt lat="-33.4136469" lon="-70.8457377"><ele>481.1</ele><time>2026-05-18T10:06:09Z</time></trkpt><trkpt lat="-33.4137923" lon="-70.8456039"><ele>481.3</ele><time>2026-05-18T10:06:11Z</time></trkpt><trkpt lat="-33.4139377" lon="-70.8454701"><ele>481.5</ele><time>2026-05-18T10:06:13Z</time></trkpt><trkpt lat="-33.4140831" lon="-70.8453363"><ele>481.6</ele><time>2026-05-18T10:06:15Z</time></trkpt><trkpt lat="-33.4142285" lon="-70.8452025"><ele>481.8</ele><time>2026-05-18T10:06:18Z</time></trkpt><trkpt lat="-33.4143739" lon="-70.8450687"><ele>482.0</ele><time>2026-05-18T10:06:20Z</time></trkpt><trkpt lat="-33.4153837" lon="-70.8441489"><ele>481.4</ele><time>2026-05-18T10:06:22Z</time></trkpt><trkpt lat="-33.4163934" lon="-70.8432290"><ele>480.7</ele><time>2026-05-18T10:06:24Z</time></trkpt><trkpt lat="-33.4174032" lon="-70.8423092"><ele>480.1</ele><time>2026-05-18T10:06:27Z</time></trkpt><trkpt lat="-33.4184129" lon="-70.8413893"><ele>479.4</ele><time>2026-05-18T10:06:29Z</time></trkpt><trkpt lat="-33.4194227" lon="-70.8404695"><ele>478.8</ele><time>2026-05-18T10:06:31Z</time></trkpt><trkpt lat="-33.4204325" lon="-70.8395497"><ele>478.1</ele><time>2026-05-18T10:06:33Z</time></trkpt><trkpt lat="-33.4214422" lon="-70.8386298"><ele>477.5</ele><time>2026-05-18T10:06:36Z</time></trkpt><trkpt lat="-33.4224520" lon="-70.8377100"><ele>476.8</ele><time>2026-05-18T10:06:38Z</time></trkpt><trkpt lat="-33.4234617" lon="-70.8367901"><ele>476.2</ele><time>2026-05-18T10:06:40Z</time></trkpt><trkpt lat="-33.4244715" lon="-70.8358703"><ele>475.5</ele><time>2026-05-18T10:06:43Z</time></trkpt><trkpt lat="-33.4254812" lon="-70.8349504"><ele>474.9</ele><time>2026-05-18T10:06:45Z</time></trkpt><trkpt lat="-33.4264910" lon="-70.8340306"><ele>474.2</ele><time>2026-05-18T10:06:47Z</time></trkpt><trkpt lat="-33.4275008" lon="-70.8331108"><ele>473.6</ele><time>2026-05-18T10:06:49Z</time></trkpt><trkpt lat="-33.4285105" lon="-70.8321909"><ele>472.9</ele><time>2026-05-18T10:06:52Z</time></trkpt><trkpt lat="-33.4295203" lon="-70.8312711"><ele>472.3</ele><time>2026-05-18T10:06:54Z</time></trkpt><trkpt lat="-33.4305300" lon="-70.8303512"><ele>471.6</ele><time>2026-05-18T10:06:56Z</time></trkpt><trkpt lat="-33.4315398" lon="-70.8294314"><ele>471.0</ele><time>2026-05-18T10:06:58Z</time></trkpt><trkpt lat="-33.4315416" lon="-70.8294298"><ele>470.6</ele><time>2026-05-18T10:07:01Z</time></trkpt><trkpt lat="-33.4315435" lon="-70.8294282"><ele>470.3</ele><time>2026-05-18T10:07:03Z</time></trkpt><trkpt lat="-33.4315453" lon="-70.8294267"><ele>469.9</ele><time>2026-05-18T10:07:05Z</time></trkpt><trkpt lat="-33.4315472" lon="-70.8294251"><ele>469.6</ele><time>2026-05-18T10:07:07Z</time></trkpt><trkpt lat="-33.4315490" lon="-70.8294235"><ele>469.2</ele><time>2026-05-18T10:07:10Z</time></trkpt><trkpt lat="-33.4315509" lon="-70.8294219"><ele>468.9</ele><time>2026-05-18T10:07:12Z</time></trkpt><trkpt lat="-33.4315527" lon="-70.8294204"><ele>468.5</ele><time>2026-05-18T10:07:14Z</time></trkpt><trkpt lat="-33.4315546" lon="-70.8294188"><ele>468.2</ele><time>2026-05-18T10:07:16Z</time></trkpt><trkpt lat="-33.4315564" lon="-70.8294172"><ele>467.8</ele><time>2026-05-18T10:07:19Z</time></trkpt><trkpt lat="-33.4315583" lon="-70.8294156"><ele>467.5</ele><time>2026-05-18T10:07:21Z</time></trkpt><trkpt lat="-33.4315601" lon="-70.8294141"><ele>467.1</ele><time>2026-05-18T10:07:23Z</time></trkpt><trkpt lat="-33.4315620" lon="-70.8294125"><ele>466.8</ele><time>2026-05-18T10:07:25Z</time></trkpt><trkpt lat="-33.4315638" lon="-70.8294109"><ele>466.4</ele><time>2026-05-18T10:07:28Z</time></trkpt><trkpt lat="-33.4315657" lon="-70.8294093"><ele>466.1</ele><time>2026-05-18T10:07:30Z</time></trkpt><trkpt lat="-33.4315675" lon="-70.8294078"><ele>465.7</ele><time>2026-05-18T10:07:32Z</time></trkpt><trkpt lat="-33.4315694" lon="-70.8294062"><ele>465.4</ele><time>2026-05-18T10:07:34Z</time></trkpt><trkpt lat="-33.4315712" lon="-70.8294046"><ele>465.0</ele><time>2026-05-18T10:07:37Z</time></trkpt><trkpt lat="-33.4304721" lon="-70.8304011"><ele>465.0</ele><time>2026-05-18T10:07:39Z</time></trkpt><trkpt lat="-33.4293731" lon="-70.8313976"><ele>465.0</ele><time>2026-05-18T10:07:41Z</time></trkpt><trkpt lat="-33.4282740" lon="-70.8323942"><ele>465.0</ele><time>2026-05-18T10:07:43Z</time></trkpt><trkpt lat="-33.4271750" lon="-70.8333907"><ele>465.0</ele><time>2026-05-18T10:07:46Z</time></trkpt><trkpt lat="-33.4260759" lon="-70.8343872"><ele>465.0</ele><time>2026-05-18T10:07:48Z</time></trkpt><trkpt lat="-33.4249769" lon="-70.8353837"><ele>465.0</ele><time>2026-05-18T10:07:50Z</time></trkpt><trkpt lat="-33.4238778" lon="-70.8363802"><ele>465.0</ele><time>2026-05-18T10:07:52Z</time></trkpt><trkpt lat="-33.4227788" lon="-70.8373767"><ele>465.0</ele><time>2026-05-18T10:07:55Z</time></trkpt><trkpt lat="-33.4216797" lon="-70.8383733"><ele>465.0</ele><time>2026-05-18T10:07:57Z</time></trkpt><trkpt lat="-33.4205807" lon="-70.8393698"><ele>465.0</ele><time>2026-05-18T10:07:59Z</time></trkpt><trkpt lat="-33.4194816" lon="-70.8403663"><ele>465.0</ele><time>2026-05-18T10:08:01Z</time></trkpt><trkpt lat="-33.4183826" lon="-70.8413628"><ele>465.0</ele><time>2026-05-18T10:08:04Z</time></trkpt><trkpt lat="-33.4172835" lon="-70.8423593"><ele>465.0</ele><time>2026-05-18T10:08:06Z</time></trkpt><trkpt lat="-33.4161845" lon="-70.8433558"><ele>465.0</ele><time>2026-05-18T10:08:08Z</time></trkpt><trkpt lat="-33.4150854" lon="-70.8443524"><ele>465.0</ele><time>2026-05-18T10:08:10Z</time></trkpt><trkpt lat="-33.4139864" lon="-70.8453489"><ele>465.0</ele><time>2026-05-18T10:08:13Z</time></trkpt><trkpt lat="-33.4128873" lon="-70.8463454"><ele>465.0</ele><time>2026-05-18T10:08:15Z</time></trkpt><trkpt lat="-33.4126987" lon="-70.8465158"><ele>465.8</ele><time>2026-05-18T10:08:17Z</time></trkpt><trkpt lat="-33.4125101" lon="-70.8466862"><ele>466.6</ele><time>2026-05-18T10:08:19Z</time></trkpt><trkpt lat="-33.4123215" lon="-70.8468566"><ele>467.5</ele><time>2026-05-18T10:08:22Z</time></trkpt><trkpt lat="-33.4121329" lon="-70.8470270"><ele>468.3</ele><time>2026-05-18T10:08:24Z</time></trkpt><trkpt lat="-33.4119443" lon="-70.8471974"><ele>469.1</ele><time>2026-05-18T10:08:26Z</time></trkpt><trkpt lat="-33.4117557" lon="-70.8473678"><ele>469.9</ele><time>2026-05-18T10:08:28Z</time></trkpt><trkpt lat="-33.4115671" lon="-70.8475382"><ele>470.8</ele><time>2026-05-18T10:08:31Z</time></trkpt><trkpt lat="-33.4113785" lon="-70.8477086"><ele>471.6</ele><time>2026-05-18T10:08:33Z</time></trkpt><trkpt lat="-33.4111899" lon="-70.8478790"><ele>472.4</ele><time>2026-05-18T10:08:35Z</time></trkpt><trkpt lat="-33.4110013" lon="-70.8480494"><ele>473.2</ele><time>2026-05-18T10:08:37Z</time></trkpt><trkpt lat="-33.4108127" lon="-70.8482198"><ele>474.1</ele><time>2026-05-18T10:08:40Z</time></trkpt><trkpt lat="-33.4106241" lon="-70.8483902"><ele>474.9</ele><time>2026-05-18T10:08:42Z</time></trkpt><trkpt lat="-33.4104355" lon="-70.8485606"><ele>475.7</ele><time>2026-05-18T10:08:44Z</time></trkpt><trkpt lat="-33.4102469" lon="-70.8487310"><ele>476.5</ele><time>2026-05-18T10:08:46Z</time></trkpt><trkpt lat="-33.4100583" lon="-70.8489014"><ele>477.4</ele><time>2026-05-18T10:08:49Z</time></trkpt><trkpt lat="-33.4098697" lon="-70.8490718"><ele>478.2</ele><time>2026-05-18T10:08:51Z</time></trkpt><trkpt lat="-33.4096811" lon="-70.8492422"><ele>479.0</ele><time>2026-05-18T10:08:53Z</time></trkpt><trkpt lat="-33.4095367" lon="-70.8493728"><ele>478.5</ele><time>2026-05-18T10:08:55Z</time></trkpt><trkpt lat="-33.4093924" lon="-70.8495035"><ele>478.1</ele><time>2026-05-18T10:08:58Z</time></trkpt><trkpt lat="-33.4092480" lon="-70.8496341"><ele>477.6</ele><time>2026-05-18T10:09:00Z</time></trkpt><trkpt lat="-33.4091037" lon="-70.8497648"><ele>477.1</ele><time>2026-05-18T10:09:02Z</time></trkpt><trkpt lat="-33.4089593" lon="-70.8498954"><ele>476.6</ele><time>2026-05-18T10:09:04Z</time></trkpt><trkpt lat="-33.4088150" lon="-70.8500260"><ele>476.2</ele><time>2026-05-18T10:09:07Z</time></trkpt><trkpt lat="-33.4086706" lon="-70.8501567"><ele>475.7</ele><time>2026-05-18T10:09:09Z</time></trkpt><trkpt lat="-33.4085263" lon="-70.8502873"><ele>475.2</ele><time>2026-05-18T10:09:11Z</time></trkpt><trkpt lat="-33.4083819" lon="-70.8504180"><ele>474.8</ele><time>2026-05-18T10:09:13Z</time></trkpt><trkpt lat="-33.4082376" lon="-70.8505486"><ele>474.3</ele><time>2026-05-18T10:09:16Z</time></trkpt><trkpt lat="-33.4080932" lon="-70.8506793"><ele>473.8</ele><time>2026-05-18T10:09:18Z</time></trkpt><trkpt lat="-33.4079489" lon="-70.8508099"><ele>473.4</ele><time>2026-05-18T10:09:20Z</time></trkpt><trkpt lat="-33.4078045" lon="-70.8509405"><ele>472.9</ele><time>2026-05-18T10:09:22Z</time></trkpt><trkpt lat="-33.4076602" lon="-70.8510712"><ele>472.4</ele><time>2026-05-18T10:09:25Z</time></trkpt><trkpt lat="-33.4075158" lon="-70.8512018"><ele>471.9</ele><time>2026-05-18T10:09:27Z</time></trkpt><trkpt lat="-33.4073715" lon="-70.8513325"><ele>471.5</ele><time>2026-05-18T10:09:29Z</time></trkpt><trkpt lat="-33.4072271" lon="-70.8514631"><ele>471.0</ele><time>2026-05-18T10:09:31Z</time></trkpt><trkpt lat="-33.4071639" lon="-70.8515104"><ele>471.1</ele><time>2026-05-18T10:09:34Z</time></trkpt><trkpt lat="-33.4071007" lon="-70.8515578"><ele>471.2</ele><time>2026-05-18T10:09:36Z</time></trkpt><trkpt lat="-33.4070374" lon="-70.8516051"><ele>471.4</ele><time>2026-05-18T10:09:38Z</time></trkpt><trkpt lat="-33.4069742" lon="-70.8516524"><ele>471.5</ele><time>2026-05-18T10:09:40Z</time></trkpt><trkpt lat="-33.4069110" lon="-70.8516997"><ele>471.6</ele><time>2026-05-18T10:09:43Z</time></trkpt><trkpt lat="-33.4068478" lon="-70.8517471"><ele>471.7</ele><time>2026-05-18T10:09:45Z</time></trkpt><trkpt lat="-33.4067846" lon="-70.8517944"><ele>471.8</ele><time>2026-05-18T10:09:47Z</time></trkpt><trkpt lat="-33.4067214" lon="-70.8518417"><ele>471.9</ele><time>2026-05-18T10:09:49Z</time></trkpt><trkpt lat="-33.4066581" lon="-70.8518891"><ele>472.1</ele><time>2026-05-18T10:09:52Z</time></trkpt><trkpt lat="-33.4065949" lon="-70.8519364"><ele>472.2</ele><time>2026-05-18T10:09:54Z</time></trkpt><trkpt lat="-33.4065317" lon="-70.8519837"><ele>472.3</ele><time>2026-05-18T10:09:56Z</time></trkpt><trkpt lat="-33.4064685" lon="-70.8520311"><ele>472.4</ele><time>2026-05-18T10:09:58Z</time></trkpt><trkpt lat="-33.4064053" lon="-70.8520784"><ele>472.5</ele><time>2026-05-18T10:10:01Z</time></trkpt><trkpt lat="-33.4063421" lon="-70.8521257"><ele>472.6</ele><time>2026-05-18T10:10:03Z</time></trkpt><trkpt lat="-33.4062788" lon="-70.8521730"><ele>472.8</ele><time>2026-05-18T10:10:05Z</time></trkpt><trkpt lat="-33.4062156" lon="-70.8522204"><ele>472.9</ele><time>2026-05-18T10:10:07Z</time></trkpt><trkpt lat="-33.4061524" lon="-70.8522677"><ele>473.0</ele><time>2026-05-18T10:10:10Z</time></trkpt><trkpt lat="-33.4060871" lon="-70.8522803"><ele>473.0</ele><time>2026-05-18T10:10:12Z</time></trkpt><trkpt lat="-33.4060217" lon="-70.8522929"><ele>473.0</ele><time>2026-05-18T10:10:14Z</time></trkpt><trkpt lat="-33.4059564" lon="-70.8523056"><ele>473.0</ele><time>2026-05-18T10:10:16Z</time></trkpt><trkpt lat="-33.4058911" lon="-70.8523182"><ele>473.0</ele><time>2026-05-18T10:10:19Z</time></trkpt><trkpt lat="-33.4058258" lon="-70.8523308"><ele>473.0</ele><time>2026-05-18T10:10:21Z</time></trkpt><trkpt lat="-33.4057604" lon="-70.8523434"><ele>473.0</ele><time>2026-05-18T10:10:23Z</time></trkpt><trkpt lat="-33.4056951" lon="-70.8523561"><ele>473.0</ele><time>2026-05-18T10:10:25Z</time></trkpt><trkpt lat="-33.4056298" lon="-70.8523687"><ele>473.0</ele><time>2026-05-18T10:10:28Z</time></trkpt><trkpt lat="-33.4055644" lon="-70.8523813"><ele>473.0</ele><time>2026-05-18T10:10:30Z</time></trkpt><trkpt lat="-33.4054991" lon="-70.8523939"><ele>473.0</ele><time>2026-05-18T10:10:32Z</time></trkpt><trkpt lat="-33.4054338" lon="-70.8524066"><ele>473.0</ele><time>2026-05-18T10:10:34Z</time></trkpt><trkpt lat="-33.4053684" lon="-70.8524192"><ele>473.0</ele><time>2026-05-18T10:10:37Z</time></trkpt><trkpt lat="-33.4053031" lon="-70.8524318"><ele>473.0</ele><time>2026-05-18T10:10:39Z</time></trkpt><trkpt lat="-33.4052378" lon="-70.8524444"><ele>473.0</ele><time>2026-05-18T10:10:41Z</time></trkpt><trkpt lat="-33.4051725" lon="-70.8524571"><ele>473.0</ele><time>2026-05-18T10:10:43Z</time></trkpt><trkpt lat="-33.4051071" lon="-70.8524697"><ele>473.0</ele><time>2026-05-18T10:10:46Z</time></trkpt><trkpt lat="-33.4050418" lon="-70.8524823"><ele>473.0</ele><time>2026-05-18T10:10:48Z</time></trkpt><trkpt lat="-33.4049011" lon="-70.8524665"><ele>473.1</ele><time>2026-05-18T10:10:50Z</time></trkpt><trkpt lat="-33.4047605" lon="-70.8524507"><ele>473.1</ele><time>2026-05-18T10:10:52Z</time></trkpt><trkpt lat="-33.4046198" lon="-70.8524350"><ele>473.2</ele><time>2026-05-18T10:10:55Z</time></trkpt><trkpt lat="-33.4044791" lon="-70.8524192"><ele>473.2</ele><time>2026-05-18T10:10:57Z</time></trkpt><trkpt lat="-33.4043384" lon="-70.8524034"><ele>473.3</ele><time>2026-05-18T10:10:59Z</time></trkpt><trkpt lat="-33.4041978" lon="-70.8523876"><ele>473.4</ele><time>2026-05-18T10:11:01Z</time></trkpt><trkpt lat="-33.4040571" lon="-70.8523719"><ele>473.4</ele><time>2026-05-18T10:11:04Z</time></trkpt><trkpt lat="-33.4039164" lon="-70.8523561"><ele>473.5</ele><time>2026-05-18T10:11:06Z</time></trkpt><trkpt lat="-33.4037758" lon="-70.8523403"><ele>473.5</ele><time>2026-05-18T10:11:08Z</time></trkpt><trkpt lat="-33.4036351" lon="-70.8523245"><ele>473.6</ele><time>2026-05-18T10:11:10Z</time></trkpt><trkpt lat="-33.4034944" lon="-70.8523088"><ele>473.6</ele><time>2026-05-18T10:11:13Z</time></trkpt><trkpt lat="-33.4033538" lon="-70.8522930"><ele>473.7</ele><time>2026-05-18T10:11:15Z</time></trkpt><trkpt lat="-33.4032131" lon="-70.8522772"><ele>473.8</ele><time>2026-05-18T10:11:17Z</time></trkpt><trkpt lat="-33.4030724" lon="-70.8522614"><ele>473.8</ele><time>2026-05-18T10:11:19Z</time></trkpt><trkpt lat="-33.4029317" lon="-70.8522457"><ele>473.9</ele><time>2026-05-18T10:11:22Z</time></trkpt><trkpt lat="-33.4027911" lon="-70.8522299"><ele>473.9</ele><time>2026-05-18T10:11:24Z</time></trkpt><trkpt lat="-33.4026504" lon="-70.8522141"><ele>474.0</ele><time>2026-05-18T10:11:26Z</time></trkpt><trkpt lat="-33.4025598" lon="-70.8522147"><ele>473.9</ele><time>2026-05-18T10:11:28Z</time></trkpt><trkpt lat="-33.4024692" lon="-70.8522154"><ele>473.8</ele><time>2026-05-18T10:11:31Z</time></trkpt><trkpt lat="-33.4023785" lon="-70.8522160"><ele>473.6</ele><time>2026-05-18T10:11:33Z</time></trkpt><trkpt lat="-33.4022879" lon="-70.8522166"><ele>473.5</ele><time>2026-05-18T10:11:35Z</time></trkpt><trkpt lat="-33.4021973" lon="-70.8522172"><ele>473.4</ele><time>2026-05-18T10:11:37Z</time></trkpt><trkpt lat="-33.4021067" lon="-70.8522179"><ele>473.3</ele><time>2026-05-18T10:11:40Z</time></trkpt><trkpt lat="-33.4020160" lon="-70.8522185"><ele>473.2</ele><time>2026-05-18T10:11:42Z</time></trkpt><trkpt lat="-33.4019254" lon="-70.8522191"><ele>473.1</ele><time>2026-05-18T10:11:44Z</time></trkpt><trkpt lat="-33.4018348" lon="-70.8522198"><ele>472.9</ele><time>2026-05-18T10:11:46Z</time></trkpt><trkpt lat="-33.4017442" lon="-70.8522204"><ele>472.8</ele><time>2026-05-18T10:11:49Z</time></trkpt><trkpt lat="-33.4016535" lon="-70.8522210"><ele>472.7</ele><time>2026-05-18T10:11:51Z</time></trkpt><trkpt lat="-33.4015629" lon="-70.8522217"><ele>472.6</ele><time>2026-05-18T10:11:53Z</time></trkpt><trkpt lat="-33.4014723" lon="-70.8522223"><ele>472.5</ele><time>2026-05-18T10:11:55Z</time></trkpt><trkpt lat="-33.4013817" lon="-70.8522229"><ele>472.4</ele><time>2026-05-18T10:11:58Z</time></trkpt><trkpt lat="-33.4012910" lon="-70.8522235"><ele>472.2</ele><time>2026-05-18T10:12:00Z</time></trkpt><trkpt lat="-33.4012004" lon="-70.8522242"><ele>472.1</ele><time>2026-05-18T10:12:02Z</time></trkpt><trkpt lat="-33.4011098" lon="-70.8522248"><ele>472.0</ele><time>2026-05-18T10:12:04Z</time></trkpt><trkpt lat="-33.4009992" lon="-70.8522519"><ele>472.0</ele><time>2026-05-18T10:12:07Z</time></trkpt><trkpt lat="-33.4008885" lon="-70.8522791"><ele>472.0</ele><time>2026-05-18T10:12:09Z</time></trkpt><trkpt lat="-33.4007779" lon="-70.8523062"><ele>472.0</ele><time>2026-05-18T10:12:11Z</time></trkpt><trkpt lat="-33.4006672" lon="-70.8523334"><ele>472.0</ele><time>2026-05-18T10:12:13Z</time></trkpt><trkpt lat="-33.4005566" lon="-70.8523605"><ele>472.0</ele><time>2026-05-18T10:12:16Z</time></trkpt><trkpt lat="-33.4004460" lon="-70.8523876"><ele>472.0</ele><time>2026-05-18T10:12:18Z</time></trkpt><trkpt lat="-33.4003353" lon="-70.8524148"><ele>472.0</ele><time>2026-05-18T10:12:20Z</time></trkpt><trkpt lat="-33.4002247" lon="-70.8524419"><ele>472.0</ele><time>2026-05-18T10:12:22Z</time></trkpt><trkpt lat="-33.4001140" lon="-70.8524691"><ele>472.0</ele><time>2026-05-18T10:12:25Z</time></trkpt><trkpt lat="-33.4000034" lon="-70.8524962"><ele>472.0</ele><time>2026-05-18T10:12:27Z</time></trkpt><trkpt lat="-33.3998927" lon="-70.8525234"><ele>472.0</ele><time>2026-05-18T10:12:29Z</time></trkpt><trkpt lat="-33.3997821" lon="-70.8525505"><ele>472.0</ele><time>2026-05-18T10:12:31Z</time></trkpt><trkpt lat="-33.3996715" lon="-70.8525776"><ele>472.0</ele><time>2026-05-18T10:12:34Z</time></trkpt><trkpt lat="-33.3995608" lon="-70.8526048"><ele>472.0</ele><time>2026-05-18T10:12:36Z</time></trkpt><trkpt lat="-33.3994502" lon="-70.8526319"><ele>472.0</ele><time>2026-05-18T10:12:38Z</time></trkpt><trkpt lat="-33.3993395" lon="-70.8526591"><ele>472.0</ele><time>2026-05-18T10:12:40Z</time></trkpt><trkpt lat="-33.3992289" lon="-70.8526862"><ele>472.0</ele><time>2026-05-18T10:12:43Z</time></trkpt><trkpt lat="-33.3991615" lon="-70.8526818"><ele>472.0</ele><time>2026-05-18T10:12:45Z</time></trkpt><trkpt lat="-33.3990940" lon="-70.8526774"><ele>472.0</ele><time>2026-05-18T10:12:47Z</time></trkpt><trkpt lat="-33.3990266" lon="-70.8526729"><ele>472.0</ele><time>2026-05-18T10:12:49Z</time></trkpt><trkpt lat="-33.3989591" lon="-70.8526685"><ele>472.0</ele><time>2026-05-18T10:12:52Z</time></trkpt><trkpt lat="-33.3988917" lon="-70.8526641"><ele>472.0</ele><time>2026-05-18T10:12:54Z</time></trkpt><trkpt lat="-33.3988243" lon="-70.8526597"><ele>472.0</ele><time>2026-05-18T10:12:56Z</time></trkpt><trkpt lat="-33.3987568" lon="-70.8526553"><ele>472.0</ele><time>2026-05-18T10:12:58Z</time></trkpt><trkpt lat="-33.3986894" lon="-70.8526509"><ele>472.0</ele><time>2026-05-18T10:13:01Z</time></trkpt><trkpt lat="-33.3986219" lon="-70.8526464"><ele>472.0</ele><time>2026-05-18T10:13:03Z</time></trkpt><trkpt lat="-33.3985545" lon="-70.8526420"><ele>472.0</ele><time>2026-05-18T10:13:05Z</time></trkpt><trkpt lat="-33.3984870" lon="-70.8526376"><ele>472.0</ele><time>2026-05-18T10:13:07Z</time></trkpt><trkpt lat="-33.3984196" lon="-70.8526332"><ele>472.0</ele><time>2026-05-18T10:13:10Z</time></trkpt><trkpt lat="-33.3983522" lon="-70.8526288"><ele>472.0</ele><time>2026-05-18T10:13:12Z</time></trkpt><trkpt lat="-33.3982847" lon="-70.8526244"><ele>472.0</ele><time>2026-05-18T10:13:14Z</time></trkpt><trkpt lat="-33.3982173" lon="-70.8526199"><ele>472.0</ele><time>2026-05-18T10:13:16Z</time></trkpt><trkpt lat="-33.3981498" lon="-70.8526155"><ele>472.0</ele><time>2026-05-18T10:13:19Z</time></trkpt><trkpt lat="-33.3980824" lon="-70.8526111"><ele>472.0</ele><time>2026-05-18T10:13:21Z</time></trkpt><trkpt lat="-33.3978795" lon="-70.8524880"><ele>472.0</ele><time>2026-05-18T10:13:23Z</time></trkpt><trkpt lat="-33.3976767" lon="-70.8523650"><ele>472.0</ele><time>2026-05-18T10:13:26Z</time></trkpt><trkpt lat="-33.3974738" lon="-70.8522419"><ele>472.0</ele><time>2026-05-18T10:13:28Z</time></trkpt><trkpt lat="-33.3972710" lon="-70.8521188"><ele>472.0</ele><time>2026-05-18T10:13:30Z</time></trkpt><trkpt lat="-33.3970681" lon="-70.8519957"><ele>472.0</ele><time>2026-05-18T10:13:32Z</time></trkpt><trkpt lat="-33.3968652" lon="-70.8518727"><ele>472.0</ele><time>2026-05-18T10:13:35Z</time></trkpt><trkpt lat="-33.3966624" lon="-70.8517496"><ele>472.0</ele><time>2026-05-18T10:13:37Z</time></trkpt><trkpt lat="-33.3964595" lon="-70.8516265"><ele>472.0</ele><time>2026-05-18T10:13:39Z</time></trkpt><trkpt lat="-33.3962567" lon="-70.8515035"><ele>472.0</ele><time>2026-05-18T10:13:41Z</time></trkpt><trkpt lat="-33.3960538" lon="-70.8513804"><ele>472.0</ele><time>2026-05-18T10:13:44Z</time></trkpt><trkpt lat="-33.3958510" lon="-70.8512573"><ele>472.0</ele><time>2026-05-18T10:13:46Z</time></trkpt><trkpt lat="-33.3956481" lon="-70.8511343"><ele>472.0</ele><time>2026-05-18T10:13:48Z</time></trkpt><trkpt lat="-33.3954452" lon="-70.8510112"><ele>472.0</ele><time>2026-05-18T10:13:50Z</time></trkpt><trkpt lat="-33.3952424" lon="-70.8508881"><ele>472.0</ele><time>2026-05-18T10:13:53Z</time></trkpt><trkpt lat="-33.3950395" lon="-70.8507650"><ele>472.0</ele><time>2026-05-18T10:13:55Z</time></trkpt><trkpt lat="-33.3948367" lon="-70.8506420"><ele>472.0</ele><time>2026-05-18T10:13:57Z</time></trkpt><trkpt lat="-33.3946338" lon="-70.8505189"><ele>472.0</ele><time>2026-05-18T10:13:59Z</time></trkpt><trkpt lat="-33.3943529" lon="-70.8503195"><ele>472.0</ele><time>2026-05-18T10:14:02Z</time></trkpt><trkpt lat="-33.3940721" lon="-70.8501200"><ele>472.0</ele><time>2026-05-18T10:14:04Z</time></trkpt><trkpt lat="-33.3937912" lon="-70.8499206"><ele>472.0</ele><time>2026-05-18T10:14:06Z</time></trkpt><trkpt lat="-33.3935104" lon="-70.8497212"><ele>472.0</ele><time>2026-05-18T10:14:08Z</time></trkpt><trkpt lat="-33.3932295" lon="-70.8495218"><ele>472.0</ele><time>2026-05-18T10:14:11Z</time></trkpt><trkpt lat="-33.3929487" lon="-70.8493223"><ele>472.0</ele><time>2026-05-18T10:14:13Z</time></trkpt><trkpt lat="-33.3926678" lon="-70.8491229"><ele>472.0</ele><time>2026-05-18T10:14:15Z</time></trkpt><trkpt lat="-33.3923870" lon="-70.8489235"><ele>472.0</ele><time>2026-05-18T10:14:17Z</time></trkpt><trkpt lat="-33.3921061" lon="-70.8487240"><ele>472.0</ele><time>2026-05-18T10:14:20Z</time></trkpt><trkpt lat="-33.3918253" lon="-70.8485246"><ele>472.0</ele><time>2026-05-18T10:14:22Z</time></trkpt><trkpt lat="-33.3915444" lon="-70.8483252"><ele>472.0</ele><time>2026-05-18T10:14:24Z</time></trkpt><trkpt lat="-33.3912636" lon="-70.8481257"><ele>472.0</ele><time>2026-05-18T10:14:26Z</time></trkpt><trkpt lat="-33.3909827" lon="-70.8479263"><ele>472.0</ele><time>2026-05-18T10:14:29Z</time></trkpt><trkpt lat="-33.3907019" lon="-70.8477269"><ele>472.0</ele><time>2026-05-18T10:14:31Z</time></trkpt><trkpt lat="-33.3904210" lon="-70.8475275"><ele>472.0</ele><time>2026-05-18T10:14:33Z</time></trkpt><trkpt lat="-33.3901402" lon="-70.8473280"><ele>472.0</ele><time>2026-05-18T10:14:35Z</time></trkpt><trkpt lat="-33.3898593" lon="-70.8471286"><ele>472.0</ele><time>2026-05-18T10:14:38Z</time></trkpt><trkpt lat="-33.3896580" lon="-70.8469513"><ele>472.1</ele><time>2026-05-18T10:14:40Z</time></trkpt><trkpt lat="-33.3894567" lon="-70.8467739"><ele>472.2</ele><time>2026-05-18T10:14:42Z</time></trkpt><trkpt lat="-33.3892554" lon="-70.8465966"><ele>472.4</ele><time>2026-05-18T10:14:44Z</time></trkpt><trkpt lat="-33.3890541" lon="-70.8464192"><ele>472.5</ele><time>2026-05-18T10:14:47Z</time></trkpt><trkpt lat="-33.3888528" lon="-70.8462419"><ele>472.6</ele><time>2026-05-18T10:14:49Z</time></trkpt><trkpt lat="-33.3886515" lon="-70.8460646"><ele>472.7</ele><time>2026-05-18T10:14:51Z</time></trkpt><trkpt lat="-33.3884502" lon="-70.8458872"><ele>472.8</ele><time>2026-05-18T10:14:53Z</time></trkpt><trkpt lat="-33.3882489" lon="-70.8457099"><ele>472.9</ele><time>2026-05-18T10:14:56Z</time></trkpt><trkpt lat="-33.3880477" lon="-70.8455325"><ele>473.1</ele><time>2026-05-18T10:14:58Z</time></trkpt><trkpt lat="-33.3878464" lon="-70.8453552"><ele>473.2</ele><time>2026-05-18T10:15:00Z</time></trkpt><trkpt lat="-33.3876451" lon="-70.8451778"><ele>473.3</ele><time>2026-05-18T10:15:02Z</time></trkpt><trkpt lat="-33.3874438" lon="-70.8450005"><ele>473.4</ele><time>2026-05-18T10:15:05Z</time></trkpt><trkpt lat="-33.3872425" lon="-70.8448232"><ele>473.5</ele><time>2026-05-18T10:15:07Z</time></trkpt><trkpt lat="-33.3870412" lon="-70.8446458"><ele>473.6</ele><time>2026-05-18T10:15:09Z</time></trkpt><trkpt lat="-33.3868399" lon="-70.8444685"><ele>473.8</ele><time>2026-05-18T10:15:11Z</time></trkpt><trkpt lat="-33.3866386" lon="-70.8442911"><ele>473.9</ele><time>2026-05-18T10:15:14Z</time></trkpt><trkpt lat="-33.3864373" lon="-70.8441138"><ele>474.0</ele><time>2026-05-18T10:15:16Z</time></trkpt><trkpt lat="-33.3863614" lon="-70.8440135"><ele>474.1</ele><time>2026-05-18T10:15:18Z</time></trkpt><trkpt lat="-33.3862855" lon="-70.8439131"><ele>474.1</ele><time>2026-05-18T10:15:20Z</time></trkpt><trkpt lat="-33.3862097" lon="-70.8438128"><ele>474.2</ele><time>2026-05-18T10:15:23Z</time></trkpt><trkpt lat="-33.3861338" lon="-70.8437124"><ele>474.2</ele><time>2026-05-18T10:15:25Z</time></trkpt><trkpt lat="-33.3860579" lon="-70.8436121"><ele>474.3</ele><time>2026-05-18T10:15:27Z</time></trkpt><trkpt lat="-33.3859820" lon="-70.8435117"><ele>474.4</ele><time>2026-05-18T10:15:29Z</time></trkpt><trkpt lat="-33.3859061" lon="-70.8434114"><ele>474.4</ele><time>2026-05-18T10:15:32Z</time></trkpt><trkpt lat="-33.3858302" lon="-70.8433110"><ele>474.5</ele><time>2026-05-18T10:15:34Z</time></trkpt><trkpt lat="-33.3857544" lon="-70.8432107"><ele>474.5</ele><time>2026-05-18T10:15:36Z</time></trkpt><trkpt lat="-33.3856785" lon="-70.8431103"><ele>474.6</ele><time>2026-05-18T10:15:38Z</time></trkpt><trkpt lat="-33.3856026" lon="-70.8430100"><ele>474.6</ele><time>2026-05-18T10:15:41Z</time></trkpt><trkpt lat="-33.3855267" lon="-70.8429096"><ele>474.7</ele><time>2026-05-18T10:15:43Z</time></trkpt><trkpt lat="-33.3854508" lon="-70.8428093"><ele>474.8</ele><time>2026-05-18T10:15:45Z</time></trkpt><trkpt lat="-33.3853749" lon="-70.8427089"><ele>474.8</ele><time>2026-05-18T10:15:47Z</time></trkpt><trkpt lat="-33.3852991" lon="-70.8426086"><ele>474.9</ele><time>2026-05-18T10:15:50Z</time></trkpt><trkpt lat="-33.3852232" lon="-70.8425082"><ele>474.9</ele><time>2026-05-18T10:15:52Z</time></trkpt><trkpt lat="-33.3851473" lon="-70.8424079"><ele>475.0</ele><time>2026-05-18T10:15:54Z</time></trkpt><trkpt lat="-33.3851099" lon="-70.8423991"><ele>475.0</ele><time>2026-05-18T10:15:56Z</time></trkpt><trkpt lat="-33.3850725" lon="-70.8423902"><ele>475.0</ele><time>2026-05-18T10:15:59Z</time></trkpt><trkpt lat="-33.3850351" lon="-70.8423814"><ele>475.0</ele><time>2026-05-18T10:16:01Z</time></trkpt><trkpt lat="-33.3849977" lon="-70.8423726"><ele>475.0</ele><time>2026-05-18T10:16:03Z</time></trkpt><trkpt lat="-33.3849602" lon="-70.8423637"><ele>475.0</ele><time>2026-05-18T10:16:05Z</time></trkpt><trkpt lat="-33.3849228" lon="-70.8423549"><ele>475.0</ele><time>2026-05-18T10:16:08Z</time></trkpt><trkpt lat="-33.3848854" lon="-70.8423461"><ele>475.0</ele><time>2026-05-18T10:16:10Z</time></trkpt><trkpt lat="-33.3848480" lon="-70.8423372"><ele>475.0</ele><time>2026-05-18T10:16:12Z</time></trkpt><trkpt lat="-33.3848106" lon="-70.8423284"><ele>475.0</ele><time>2026-05-18T10:16:14Z</time></trkpt><trkpt lat="-33.3847732" lon="-70.8423195"><ele>475.0</ele><time>2026-05-18T10:16:17Z</time></trkpt><trkpt lat="-33.3847358" lon="-70.8423107"><ele>475.0</ele><time>2026-05-18T10:16:19Z</time></trkpt><trkpt lat="-33.3846984" lon="-70.8423019"><ele>475.0</ele><time>2026-05-18T10:16:21Z</time></trkpt><trkpt lat="-33.3846609" lon="-70.8422930"><ele>475.0</ele><time>2026-05-18T10:16:23Z</time></trkpt><trkpt lat="-33.3846235" lon="-70.8422842"><ele>475.0</ele><time>2026-05-18T10:16:26Z</time></trkpt><trkpt lat="-33.3845861" lon="-70.8422754"><ele>475.0</ele><time>2026-05-18T10:16:28Z</time></trkpt><trkpt lat="-33.3845487" lon="-70.8422665"><ele>475.0</ele><time>2026-05-18T10:16:30Z</time></trkpt><trkpt lat="-33.3845113" lon="-70.8422577"><ele>475.0</ele><time>2026-05-18T10:16:32Z</time></trkpt><trkpt lat="-33.3844797" lon="-70.8422905"><ele>475.0</ele><time>2026-05-18T10:16:35Z</time></trkpt><trkpt lat="-33.3844481" lon="-70.8423233"><ele>475.0</ele><time>2026-05-18T10:16:37Z</time></trkpt><trkpt lat="-33.3844164" lon="-70.8423562"><ele>475.0</ele><time>2026-05-18T10:16:39Z</time></trkpt><trkpt lat="-33.3843848" lon="-70.8423890"><ele>475.0</ele><time>2026-05-18T10:16:41Z</time></trkpt><trkpt lat="-33.3843532" lon="-70.8424218"><ele>475.0</ele><time>2026-05-18T10:16:44Z</time></trkpt><trkpt lat="-33.3843216" lon="-70.8424546"><ele>475.0</ele><time>2026-05-18T10:16:46Z</time></trkpt><trkpt lat="-33.3842899" lon="-70.8424874"><ele>475.0</ele><time>2026-05-18T10:16:48Z</time></trkpt><trkpt lat="-33.3842583" lon="-70.8425202"><ele>475.0</ele><time>2026-05-18T10:16:50Z</time></trkpt><trkpt lat="-33.3842267" lon="-70.8425531"><ele>475.0</ele><time>2026-05-18T10:16:53Z</time></trkpt><trkpt lat="-33.3841951" lon="-70.8425859"><ele>475.0</ele><time>2026-05-18T10:16:55Z</time></trkpt><trkpt lat="-33.3841634" lon="-70.8426187"><ele>475.0</ele><time>2026-05-18T10:16:57Z</time></trkpt><trkpt lat="-33.3841318" lon="-70.8426515"><ele>475.0</ele><time>2026-05-18T10:16:59Z</time></trkpt><trkpt lat="-33.3841002" lon="-70.8426843"><ele>475.0</ele><time>2026-05-18T10:17:02Z</time></trkpt><trkpt lat="-33.3840686" lon="-70.8427171"><ele>475.0</ele><time>2026-05-18T10:17:04Z</time></trkpt><trkpt lat="-33.3840369" lon="-70.8427500"><ele>475.0</ele><time>2026-05-18T10:17:06Z</time></trkpt><trkpt lat="-33.3840053" lon="-70.8427828"><ele>475.0</ele><time>2026-05-18T10:17:08Z</time></trkpt><trkpt lat="-33.3839737" lon="-70.8428156"><ele>475.0</ele><time>2026-05-18T10:17:11Z</time></trkpt><trkpt lat="-33.3839516" lon="-70.8428674"><ele>475.0</ele><time>2026-05-18T10:17:13Z</time></trkpt><trkpt lat="-33.3839294" lon="-70.8429191"><ele>475.0</ele><time>2026-05-18T10:17:15Z</time></trkpt><trkpt lat="-33.3839073" lon="-70.8429709"><ele>475.0</ele><time>2026-05-18T10:17:17Z</time></trkpt><trkpt lat="-33.3838852" lon="-70.8430226"><ele>475.0</ele><time>2026-05-18T10:17:20Z</time></trkpt><trkpt lat="-33.3838631" lon="-70.8430744"><ele>475.0</ele><time>2026-05-18T10:17:22Z</time></trkpt><trkpt lat="-33.3838409" lon="-70.8431261"><ele>475.0</ele><time>2026-05-18T10:17:24Z</time></trkpt><trkpt lat="-33.3838188" lon="-70.8431779"><ele>475.0</ele><time>2026-05-18T10:17:26Z</time></trkpt><trkpt lat="-33.3837967" lon="-70.8432296"><ele>475.0</ele><time>2026-05-18T10:17:29Z</time></trkpt><trkpt lat="-33.3837745" lon="-70.8432814"><ele>475.0</ele><time>2026-05-18T10:17:31Z</time></trkpt><trkpt lat="-33.3837524" lon="-70.8433331"><ele>475.0</ele><time>2026-05-18T10:17:33Z</time></trkpt><trkpt lat="-33.3837303" lon="-70.8433849"><ele>475.0</ele><time>2026-05-18T10:17:35Z</time></trkpt><trkpt lat="-33.3837081" lon="-70.8434366"><ele>475.0</ele><time>2026-05-18T10:17:38Z</time></trkpt><trkpt lat="-33.3836860" lon="-70.8434884"><ele>475.0</ele><time>2026-05-18T10:17:40Z</time></trkpt><trkpt lat="-33.3836639" lon="-70.8435401"><ele>475.0</ele><time>2026-05-18T10:17:42Z</time></trkpt><trkpt lat="-33.3836418" lon="-70.8435919"><ele>475.0</ele><time>2026-05-18T10:17:44Z</time></trkpt><trkpt lat="-33.3836196" lon="-70.8436436"><ele>475.0</ele><time>2026-05-18T10:17:47Z</time></trkpt><trkpt lat="-33.3835975" lon="-70.8436954"><ele>475.0</ele><time>2026-05-18T10:17:49Z</time></trkpt><trkpt lat="-33.3835395" lon="-70.8437825"><ele>474.9</ele><time>2026-05-18T10:17:51Z</time></trkpt><trkpt lat="-33.3834816" lon="-70.8438696"><ele>474.8</ele><time>2026-05-18T10:17:53Z</time></trkpt><trkpt lat="-33.3834236" lon="-70.8439567"><ele>474.6</ele><time>2026-05-18T10:17:56Z</time></trkpt><trkpt lat="-33.3833656" lon="-70.8440438"><ele>474.5</ele><time>2026-05-18T10:17:58Z</time></trkpt><trkpt lat="-33.3833076" lon="-70.8441309"><ele>474.4</ele><time>2026-05-18T10:18:00Z</time></trkpt><trkpt lat="-33.3832497" lon="-70.8442180"><ele>474.3</ele><time>2026-05-18T10:18:02Z</time></trkpt><trkpt lat="-33.3831917" lon="-70.8443051"><ele>474.2</ele><time>2026-05-18T10:18:05Z</time></trkpt><trkpt lat="-33.3831337" lon="-70.8443922"><ele>474.1</ele><time>2026-05-18T10:18:07Z</time></trkpt><trkpt lat="-33.3830758" lon="-70.8444792"><ele>473.9</ele><time>2026-05-18T10:18:09Z</time></trkpt><trkpt lat="-33.3830178" lon="-70.8445663"><ele>473.8</ele><time>2026-05-18T10:18:11Z</time></trkpt><trkpt lat="-33.3829598" lon="-70.8446534"><ele>473.7</ele><time>2026-05-18T10:18:14Z</time></trkpt><trkpt lat="-33.3829019" lon="-70.8447405"><ele>473.6</ele><time>2026-05-18T10:18:16Z</time></trkpt><trkpt lat="-33.3828439" lon="-70.8448276"><ele>473.5</ele><time>2026-05-18T10:18:18Z</time></trkpt><trkpt lat="-33.3827859" lon="-70.8449147"><ele>473.4</ele><time>2026-05-18T10:18:20Z</time></trkpt><trkpt lat="-33.3827279" lon="-70.8450018"><ele>473.2</ele><time>2026-05-18T10:18:23Z</time></trkpt><trkpt lat="-33.3826700" lon="-70.8450889"><ele>473.1</ele><time>2026-05-18T10:18:25Z</time></trkpt><trkpt lat="-33.3826120" lon="-70.8451760"><ele>473.0</ele><time>2026-05-18T10:18:27Z</time></trkpt><trkpt lat="-33.3825629" lon="-70.8452951"><ele>472.8</ele><time>2026-05-18T10:18:29Z</time></trkpt><trkpt lat="-33.3825137" lon="-70.8454142"><ele>472.6</ele><time>2026-05-18T10:18:32Z</time></trkpt><trkpt lat="-33.3824646" lon="-70.8455334"><ele>472.5</ele><time>2026-05-18T10:18:34Z</time></trkpt><trkpt lat="-33.3824154" lon="-70.8456525"><ele>472.3</ele><time>2026-05-18T10:18:36Z</time></trkpt><trkpt lat="-33.3823663" lon="-70.8457716"><ele>472.1</ele><time>2026-05-18T10:18:38Z</time></trkpt><trkpt lat="-33.3823172" lon="-70.8458907"><ele>471.9</ele><time>2026-05-18T10:18:41Z</time></trkpt><trkpt lat="-33.3822680" lon="-70.8460098"><ele>471.8</ele><time>2026-05-18T10:18:43Z</time></trkpt><trkpt lat="-33.3822189" lon="-70.8461289"><ele>471.6</ele><time>2026-05-18T10:18:45Z</time></trkpt><trkpt lat="-33.3821697" lon="-70.8462481"><ele>471.4</ele><time>2026-05-18T10:18:47Z</time></trkpt><trkpt lat="-33.3821206" lon="-70.8463672"><ele>471.2</ele><time>2026-05-18T10:18:50Z</time></trkpt><trkpt lat="-33.3820714" lon="-70.8464863"><ele>471.1</ele><time>2026-05-18T10:18:52Z</time></trkpt><trkpt lat="-33.3820223" lon="-70.8466054"><ele>470.9</ele><time>2026-05-18T10:18:54Z</time></trkpt><trkpt lat="-33.3819732" lon="-70.8467245"><ele>470.7</ele><time>2026-05-18T10:18:56Z</time></trkpt><trkpt lat="-33.3819240" lon="-70.8468436"><ele>470.5</ele><time>2026-05-18T10:18:59Z</time></trkpt><trkpt lat="-33.3818749" lon="-70.8469628"><ele>470.4</ele><time>2026-05-18T10:19:01Z</time></trkpt><trkpt lat="-33.3818257" lon="-70.8470819"><ele>470.2</ele><time>2026-05-18T10:19:03Z</time></trkpt><trkpt lat="-33.3817766" lon="-70.8472010"><ele>470.0</ele><time>2026-05-18T10:19:05Z</time></trkpt><trkpt lat="-33.3817360" lon="-70.8472360"><ele>470.1</ele><time>2026-05-18T10:19:08Z</time></trkpt><trkpt lat="-33.3816954" lon="-70.8472711"><ele>470.2</ele><time>2026-05-18T10:19:10Z</time></trkpt><trkpt lat="-33.3816549" lon="-70.8473061"><ele>470.4</ele><time>2026-05-18T10:19:12Z</time></trkpt><trkpt lat="-33.3816143" lon="-70.8473411"><ele>470.5</ele><time>2026-05-18T10:19:14Z</time></trkpt><trkpt lat="-33.3815737" lon="-70.8473761"><ele>470.6</ele><time>2026-05-18T10:19:17Z</time></trkpt><trkpt lat="-33.3815331" lon="-70.8474112"><ele>470.7</ele><time>2026-05-18T10:19:19Z</time></trkpt><trkpt lat="-33.3814926" lon="-70.8474462"><ele>470.8</ele><time>2026-05-18T10:19:21Z</time></trkpt><trkpt lat="-33.3814520" lon="-70.8474812"><ele>470.9</ele><time>2026-05-18T10:19:23Z</time></trkpt><trkpt lat="-33.3814114" lon="-70.8475163"><ele>471.1</ele><time>2026-05-18T10:19:26Z</time></trkpt><trkpt lat="-33.3813708" lon="-70.8475513"><ele>471.2</ele><time>2026-05-18T10:19:28Z</time></trkpt><trkpt lat="-33.3813303" lon="-70.8475863"><ele>471.3</ele><time>2026-05-18T10:19:30Z</time></trkpt><trkpt lat="-33.3812897" lon="-70.8476214"><ele>471.4</ele><time>2026-05-18T10:19:32Z</time></trkpt><trkpt lat="-33.3812491" lon="-70.8476564"><ele>471.5</ele><time>2026-05-18T10:19:35Z</time></trkpt><trkpt lat="-33.3812085" lon="-70.8476914"><ele>471.6</ele><time>2026-05-18T10:19:37Z</time></trkpt><trkpt lat="-33.3811680" lon="-70.8477264"><ele>471.8</ele><time>2026-05-18T10:19:39Z</time></trkpt><trkpt lat="-33.3811274" lon="-70.8477615"><ele>471.9</ele><time>2026-05-18T10:19:41Z</time></trkpt><trkpt lat="-33.3810868" lon="-70.8477965"><ele>472.0</ele><time>2026-05-18T10:19:44Z</time></trkpt><trkpt lat="-33.3810384" lon="-70.8478008"><ele>472.0</ele><time>2026-05-18T10:19:46Z</time></trkpt><trkpt lat="-33.3809901" lon="-70.8478050"><ele>472.0</ele><time>2026-05-18T10:19:48Z</time></trkpt><trkpt lat="-33.3809417" lon="-70.8478093"><ele>472.0</ele><time>2026-05-18T10:19:50Z</time></trkpt><trkpt lat="-33.3808934" lon="-70.8478135"><ele>472.0</ele><time>2026-05-18T10:19:53Z</time></trkpt><trkpt lat="-33.3808450" lon="-70.8478178"><ele>472.0</ele><time>2026-05-18T10:19:55Z</time></trkpt><trkpt lat="-33.3807967" lon="-70.8478221"><ele>472.0</ele><time>2026-05-18T10:19:57Z</time></trkpt><trkpt lat="-33.3807483" lon="-70.8478263"><ele>472.0</ele><time>2026-05-18T10:19:59Z</time></trkpt><trkpt lat="-33.3807000" lon="-70.8478306"><ele>472.0</ele><time>2026-05-18T10:20:02Z</time></trkpt><trkpt lat="-33.3806516" lon="-70.8478348"><ele>472.0</ele><time>2026-05-18T10:20:04Z</time></trkpt><trkpt lat="-33.3806033" lon="-70.8478391"><ele>472.0</ele><time>2026-05-18T10:20:06Z</time></trkpt><trkpt lat="-33.3805549" lon="-70.8478433"><ele>472.0</ele><time>2026-05-18T10:20:09Z</time></trkpt><trkpt lat="-33.3805066" lon="-70.8478476"><ele>472.0</ele><time>2026-05-18T10:20:11Z</time></trkpt><trkpt lat="-33.3804582" lon="-70.8478519"><ele>472.0</ele><time>2026-05-18T10:20:13Z</time></trkpt><trkpt lat="-33.3804099" lon="-70.8478561"><ele>472.0</ele><time>2026-05-18T10:20:15Z</time></trkpt><trkpt lat="-33.3803615" lon="-70.8478604"><ele>472.0</ele><time>2026-05-18T10:20:18Z</time></trkpt><trkpt lat="-33.3803132" lon="-70.8478646"><ele>472.0</ele><time>2026-05-18T10:20:20Z</time></trkpt><trkpt lat="-33.3802648" lon="-70.8478689"><ele>472.0</ele><time>2026-05-18T10:20:22Z</time></trkpt><trkpt lat="-33.3801083" lon="-70.8478386"><ele>472.1</ele><time>2026-05-18T10:20:24Z</time></trkpt><trkpt lat="-33.3799518" lon="-70.8478083"><ele>472.1</ele><time>2026-05-18T10:20:27Z</time></trkpt><trkpt lat="-33.3797952" lon="-70.8477780"><ele>472.2</ele><time>2026-05-18T10:20:29Z</time></trkpt><trkpt lat="-33.3796387" lon="-70.8477477"><ele>472.2</ele><time>2026-05-18T10:20:31Z</time></trkpt><trkpt lat="-33.3794822" lon="-70.8477174"><ele>472.3</ele><time>2026-05-18T10:20:33Z</time></trkpt><trkpt lat="-33.3793257" lon="-70.8476871"><ele>472.4</ele><time>2026-05-18T10:20:36Z</time></trkpt><trkpt lat="-33.3791691" lon="-70.8476568"><ele>472.4</ele><time>2026-05-18T10:20:38Z</time></trkpt><trkpt lat="-33.3790126" lon="-70.8476265"><ele>472.5</ele><time>2026-05-18T10:20:40Z</time></trkpt><trkpt lat="-33.3788561" lon="-70.8475963"><ele>472.5</ele><time>2026-05-18T10:20:42Z</time></trkpt><trkpt lat="-33.3786996" lon="-70.8475660"><ele>472.6</ele><time>2026-05-18T10:20:45Z</time></trkpt><trkpt lat="-33.3785430" lon="-70.8475357"><ele>472.6</ele><time>2026-05-18T10:20:47Z</time></trkpt><trkpt lat="-33.3783865" lon="-70.8475054"><ele>472.7</ele><time>2026-05-18T10:20:49Z</time></trkpt><trkpt lat="-33.3782300" lon="-70.8474751"><ele>472.8</ele><time>2026-05-18T10:20:51Z</time></trkpt><trkpt lat="-33.3780735" lon="-70.8474448"><ele>472.8</ele><time>2026-05-18T10:20:54Z</time></trkpt><trkpt lat="-33.3779169" lon="-70.8474145"><ele>472.9</ele><time>2026-05-18T10:20:56Z</time></trkpt><trkpt lat="-33.3777604" lon="-70.8473842"><ele>472.9</ele><time>2026-05-18T10:20:58Z</time></trkpt><trkpt lat="-33.3776039" lon="-70.8473539"><ele>473.0</ele><time>2026-05-18T10:21:00Z</time></trkpt><trkpt lat="-33.3773177" lon="-70.8472952"><ele>473.1</ele><time>2026-05-18T10:21:03Z</time></trkpt><trkpt lat="-33.3770315" lon="-70.8472365"><ele>473.2</ele><time>2026-05-18T10:21:05Z</time></trkpt><trkpt lat="-33.3767454" lon="-70.8471778"><ele>473.4</ele><time>2026-05-18T10:21:07Z</time></trkpt><trkpt lat="-33.3764592" lon="-70.8471191"><ele>473.5</ele><time>2026-05-18T10:21:09Z</time></trkpt><trkpt lat="-33.3761730" lon="-70.8470605"><ele>473.6</ele><time>2026-05-18T10:21:12Z</time></trkpt><trkpt lat="-33.3758868" lon="-70.8470018"><ele>473.7</ele><time>2026-05-18T10:21:14Z</time></trkpt><trkpt lat="-33.3756007" lon="-70.8469431"><ele>473.8</ele><time>2026-05-18T10:21:16Z</time></trkpt><trkpt lat="-33.3753145" lon="-70.8468844"><ele>473.9</ele><time>2026-05-18T10:21:18Z</time></trkpt><trkpt lat="-33.3750283" lon="-70.8468257"><ele>474.1</ele><time>2026-05-18T10:21:21Z</time></trkpt><trkpt lat="-33.3747421" lon="-70.8467670"><ele>474.2</ele><time>2026-05-18T10:21:23Z</time></trkpt><trkpt lat="-33.3744560" lon="-70.8467083"><ele>474.3</ele><time>2026-05-18T10:21:25Z</time></trkpt><trkpt lat="-33.3741698" lon="-70.8466496"><ele>474.4</ele><time>2026-05-18T10:21:27Z</time></trkpt><trkpt lat="-33.3738836" lon="-70.8465910"><ele>474.5</ele><time>2026-05-18T10:21:30Z</time></trkpt><trkpt lat="-33.3735974" lon="-70.8465323"><ele>474.6</ele><time>2026-05-18T10:21:32Z</time></trkpt><trkpt lat="-33.3733113" lon="-70.8464736"><ele>474.8</ele><time>2026-05-18T10:21:34Z</time></trkpt><trkpt lat="-33.3730251" lon="-70.8464149"><ele>474.9</ele><time>2026-05-18T10:21:36Z</time></trkpt><trkpt lat="-33.3727389" lon="-70.8463562"><ele>475.0</ele><time>2026-05-18T10:21:39Z</time></trkpt><trkpt lat="-33.3724718" lon="-70.8462969"><ele>474.9</ele><time>2026-05-18T10:21:41Z</time></trkpt><trkpt lat="-33.3722047" lon="-70.8462375"><ele>474.9</ele><time>2026-05-18T10:21:43Z</time></trkpt><trkpt lat="-33.3719377" lon="-70.8461782"><ele>474.8</ele><time>2026-05-18T10:21:45Z</time></trkpt><trkpt lat="-33.3716706" lon="-70.8461189"><ele>474.8</ele><time>2026-05-18T10:21:48Z</time></trkpt><trkpt lat="-33.3714035" lon="-70.8460596"><ele>474.7</ele><time>2026-05-18T10:21:50Z</time></trkpt><trkpt lat="-33.3711364" lon="-70.8460002"><ele>474.6</ele><time>2026-05-18T10:21:52Z</time></trkpt><trkpt lat="-33.3708693" lon="-70.8459409"><ele>474.6</ele><time>2026-05-18T10:21:54Z</time></trkpt><trkpt lat="-33.3706022" lon="-70.8458816"><ele>474.5</ele><time>2026-05-18T10:21:57Z</time></trkpt><trkpt lat="-33.3703352" lon="-70.8458222"><ele>474.5</ele><time>2026-05-18T10:21:59Z</time></trkpt><trkpt lat="-33.3700681" lon="-70.8457629"><ele>474.4</ele><time>2026-05-18T10:22:01Z</time></trkpt><trkpt lat="-33.3698010" lon="-70.8457036"><ele>474.4</ele><time>2026-05-18T10:22:03Z</time></trkpt><trkpt lat="-33.3695339" lon="-70.8456442"><ele>474.3</ele><time>2026-05-18T10:22:06Z</time></trkpt><trkpt lat="-33.3692668" lon="-70.8455849"><ele>474.2</ele><time>2026-05-18T10:22:08Z</time></trkpt><trkpt lat="-33.3689997" lon="-70.8455256"><ele>474.2</ele><time>2026-05-18T10:22:10Z</time></trkpt><trkpt lat="-33.3687327" lon="-70.8454663"><ele>474.1</ele><time>2026-05-18T10:22:12Z</time></trkpt><trkpt lat="-33.3684656" lon="-70.8454069"><ele>474.1</ele><time>2026-05-18T10:22:15Z</time></trkpt><trkpt lat="-33.3681985" lon="-70.8453476"><ele>474.0</ele><time>2026-05-18T10:22:17Z</time></trkpt><trkpt lat="-33.3681449" lon="-70.8453385"><ele>474.0</ele><time>2026-05-18T10:22:19Z</time></trkpt><trkpt lat="-33.3680912" lon="-70.8453293"><ele>474.0</ele><time>2026-05-18T10:22:21Z</time></trkpt><trkpt lat="-33.3680376" lon="-70.8453202"><ele>474.0</ele><time>2026-05-18T10:22:24Z</time></trkpt><trkpt lat="-33.3679840" lon="-70.8453110"><ele>474.0</ele><time>2026-05-18T10:22:26Z</time></trkpt><trkpt lat="-33.3679303" lon="-70.8453019"><ele>474.0</ele><time>2026-05-18T10:22:28Z</time></trkpt><trkpt lat="-33.3678767" lon="-70.8452927"><ele>474.0</ele><time>2026-05-18T10:22:30Z</time></trkpt><trkpt lat="-33.3678231" lon="-70.8452836"><ele>474.0</ele><time>2026-05-18T10:22:33Z</time></trkpt><trkpt lat="-33.3677694" lon="-70.8452744"><ele>474.0</ele><time>2026-05-18T10:22:35Z</time></trkpt><trkpt lat="-33.3677158" lon="-70.8452653"><ele>474.0</ele><time>2026-05-18T10:22:37Z</time></trkpt><trkpt lat="-33.3676621" lon="-70.8452561"><ele>474.0</ele><time>2026-05-18T10:22:39Z</time></trkpt><trkpt lat="-33.3676085" lon="-70.8452470"><ele>474.0</ele><time>2026-05-18T10:22:42Z</time></trkpt><trkpt lat="-33.3675549" lon="-70.8452378"><ele>474.0</ele><time>2026-05-18T10:22:44Z</time></trkpt><trkpt lat="-33.3675012" lon="-70.8452287"><ele>474.0</ele><time>2026-05-18T10:22:46Z</time></trkpt><trkpt lat="-33.3674476" lon="-70.8452195"><ele>474.0</ele><time>2026-05-18T10:22:48Z</time></trkpt><trkpt lat="-33.3673940" lon="-70.8452104"><ele>474.0</ele><time>2026-05-18T10:22:51Z</time></trkpt><trkpt lat="-33.3673403" lon="-70.8452012"><ele>474.0</ele><time>2026-05-18T10:22:53Z</time></trkpt><trkpt lat="-33.3672867" lon="-70.8451921"><ele>474.0</ele><time>2026-05-18T10:22:55Z</time></trkpt><trkpt lat="-33.3671157" lon="-70.8451552"><ele>474.1</ele><time>2026-05-18T10:22:57Z</time></trkpt><trkpt lat="-33.3669446" lon="-70.8451183"><ele>474.1</ele><time>2026-05-18T10:23:00Z</time></trkpt><trkpt lat="-33.3667736" lon="-70.8450813"><ele>474.2</ele><time>2026-05-18T10:23:02Z</time></trkpt><trkpt lat="-33.3666026" lon="-70.8450444"><ele>474.2</ele><time>2026-05-18T10:23:04Z</time></trkpt><trkpt lat="-33.3664315" lon="-70.8450075"><ele>474.3</ele><time>2026-05-18T10:23:06Z</time></trkpt><trkpt lat="-33.3662605" lon="-70.8449706"><ele>474.4</ele><time>2026-05-18T10:23:09Z</time></trkpt><trkpt lat="-33.3660895" lon="-70.8449336"><ele>474.4</ele><time>2026-05-18T10:23:11Z</time></trkpt><trkpt lat="-33.3659184" lon="-70.8448967"><ele>474.5</ele><time>2026-05-18T10:23:13Z</time></trkpt><trkpt lat="-33.3657474" lon="-70.8448598"><ele>474.5</ele><time>2026-05-18T10:23:15Z</time></trkpt><trkpt lat="-33.3655763" lon="-70.8448229"><ele>474.6</ele><time>2026-05-18T10:23:18Z</time></trkpt><trkpt lat="-33.3654053" lon="-70.8447859"><ele>474.6</ele><time>2026-05-18T10:23:20Z</time></trkpt><trkpt lat="-33.3652343" lon="-70.8447490"><ele>474.7</ele><time>2026-05-18T10:23:22Z</time></trkpt><trkpt lat="-33.3650632" lon="-70.8447121"><ele>474.8</ele><time>2026-05-18T10:23:24Z</time></trkpt><trkpt lat="-33.3648922" lon="-70.8446752"><ele>474.8</ele><time>2026-05-18T10:23:27Z</time></trkpt><trkpt lat="-33.3647212" lon="-70.8446382"><ele>474.9</ele><time>2026-05-18T10:23:29Z</time></trkpt><trkpt lat="-33.3645501" lon="-70.8446013"><ele>474.9</ele><time>2026-05-18T10:23:31Z</time></trkpt><trkpt lat="-33.3643791" lon="-70.8445644"><ele>475.0</ele><time>2026-05-18T10:23:33Z</time></trkpt><trkpt lat="-33.3633517" lon="-70.8443580"><ele>475.1</ele><time>2026-05-18T10:23:36Z</time></trkpt><trkpt lat="-33.3623243" lon="-70.8441517"><ele>475.2</ele><time>2026-05-18T10:23:38Z</time></trkpt><trkpt lat="-33.3612969" lon="-70.8439453"><ele>475.4</ele><time>2026-05-18T10:23:40Z</time></trkpt><trkpt lat="-33.3602695" lon="-70.8437389"><ele>475.5</ele><time>2026-05-18T10:23:42Z</time></trkpt><trkpt lat="-33.3592420" lon="-70.8435325"><ele>475.6</ele><time>2026-05-18T10:23:45Z</time></trkpt><trkpt lat="-33.3582146" lon="-70.8433262"><ele>475.7</ele><time>2026-05-18T10:23:47Z</time></trkpt><trkpt lat="-33.3571872" lon="-70.8431198"><ele>475.8</ele><time>2026-05-18T10:23:49Z</time></trkpt><trkpt lat="-33.3561598" lon="-70.8429134"><ele>475.9</ele><time>2026-05-18T10:23:51Z</time></trkpt><trkpt lat="-33.3551324" lon="-70.8427071"><ele>476.1</ele><time>2026-05-18T10:23:54Z</time></trkpt><trkpt lat="-33.3541050" lon="-70.8425007"><ele>476.2</ele><time>2026-05-18T10:23:56Z</time></trkpt><trkpt lat="-33.3530776" lon="-70.8422943"><ele>476.3</ele><time>2026-05-18T10:23:58Z</time></trkpt><trkpt lat="-33.3520502" lon="-70.8420880"><ele>476.4</ele><time>2026-05-18T10:24:00Z</time></trkpt><trkpt lat="-33.3510227" lon="-70.8418816"><ele>476.5</ele><time>2026-05-18T10:24:03Z</time></trkpt><trkpt lat="-33.3499953" lon="-70.8416752"><ele>476.6</ele><time>2026-05-18T10:24:05Z</time></trkpt><trkpt lat="-33.3489679" lon="-70.8414688"><ele>476.8</ele><time>2026-05-18T10:24:07Z</time></trkpt><trkpt lat="-33.3479405" lon="-70.8412625"><ele>476.9</ele><time>2026-05-18T10:24:09Z</time></trkpt><trkpt lat="-33.3469131" lon="-70.8410561"><ele>477.0</ele><time>2026-05-18T10:24:12Z</time></trkpt><trkpt lat="-33.3457088" lon="-70.8408131"><ele>477.1</ele><time>2026-05-18T10:24:14Z</time></trkpt><trkpt lat="-33.3445046" lon="-70.8405701"><ele>477.2</ele><time>2026-05-18T10:24:16Z</time></trkpt><trkpt lat="-33.3433003" lon="-70.8403272"><ele>477.4</ele><time>2026-05-18T10:24:18Z</time></trkpt><trkpt lat="-33.3420960" lon="-70.8400842"><ele>477.5</ele><time>2026-05-18T10:24:21Z</time></trkpt><trkpt lat="-33.3408917" lon="-70.8398412"><ele>477.6</ele><time>2026-05-18T10:24:23Z</time></trkpt><trkpt lat="-33.3396875" lon="-70.8395982"><ele>477.7</ele><time>2026-05-18T10:24:25Z</time></trkpt><trkpt lat="-33.3384832" lon="-70.8393553"><ele>477.8</ele><time>2026-05-18T10:24:27Z</time></trkpt><trkpt lat="-33.3372789" lon="-70.8391123"><ele>477.9</ele><time>2026-05-18T10:24:30Z</time></trkpt><trkpt lat="-33.3360747" lon="-70.8388693"><ele>478.1</ele><time>2026-05-18T10:24:32Z</time></trkpt><trkpt lat="-33.3348704" lon="-70.8386263"><ele>478.2</ele><time>2026-05-18T10:24:34Z</time></trkpt><trkpt lat="-33.3336661" lon="-70.8383834"><ele>478.3</ele><time>2026-05-18T10:24:36Z</time></trkpt><trkpt lat="-33.3324619" lon="-70.8381404"><ele>478.4</ele><time>2026-05-18T10:24:39Z</time></trkpt><trkpt lat="-33.3312576" lon="-70.8378974"><ele>478.5</ele><time>2026-05-18T10:24:41Z</time></trkpt><trkpt lat="-33.3300533" lon="-70.8376544"><ele>478.6</ele><time>2026-05-18T10:24:43Z</time></trkpt><trkpt lat="-33.3288490" lon="-70.8374115"><ele>478.8</ele><time>2026-05-18T10:24:45Z</time></trkpt><trkpt lat="-33.3276448" lon="-70.8371685"><ele>478.9</ele><time>2026-05-18T10:24:48Z</time></trkpt><trkpt lat="-33.3264405" lon="-70.8369255"><ele>479.0</ele><time>2026-05-18T10:24:50Z</time></trkpt><trkpt lat="-33.3263646" lon="-70.8369066"><ele>479.5</ele><time>2026-05-18T10:24:52Z</time></trkpt><trkpt lat="-33.3262886" lon="-70.8368876"><ele>479.9</ele><time>2026-05-18T10:24:54Z</time></trkpt><trkpt lat="-33.3262127" lon="-70.8368687"><ele>480.4</ele><time>2026-05-18T10:24:57Z</time></trkpt><trkpt lat="-33.3261368" lon="-70.8368498"><ele>480.9</ele><time>2026-05-18T10:24:59Z</time></trkpt><trkpt lat="-33.3260608" lon="-70.8368308"><ele>481.4</ele><time>2026-05-18T10:25:01Z</time></trkpt><trkpt lat="-33.3259849" lon="-70.8368119"><ele>481.8</ele><time>2026-05-18T10:25:03Z</time></trkpt><trkpt lat="-33.3259090" lon="-70.8367930"><ele>482.3</ele><time>2026-05-18T10:25:06Z</time></trkpt><trkpt lat="-33.3258330" lon="-70.8367740"><ele>482.8</ele><time>2026-05-18T10:25:08Z</time></trkpt><trkpt lat="-33.3257571" lon="-70.8367551"><ele>483.2</ele><time>2026-05-18T10:25:10Z</time></trkpt><trkpt lat="-33.3256811" lon="-70.8367361"><ele>483.7</ele><time>2026-05-18T10:25:12Z</time></trkpt><trkpt lat="-33.3256052" lon="-70.8367172"><ele>484.2</ele><time>2026-05-18T10:25:15Z</time></trkpt><trkpt lat="-33.3255293" lon="-70.8366983"><ele>484.6</ele><time>2026-05-18T10:25:17Z</time></trkpt><trkpt lat="-33.3254533" lon="-70.8366793"><ele>485.1</ele><time>2026-05-18T10:25:19Z</time></trkpt><trkpt lat="-33.3253774" lon="-70.8366604"><ele>485.6</ele><time>2026-05-18T10:25:21Z</time></trkpt><trkpt lat="-33.3253015" lon="-70.8366415"><ele>486.1</ele><time>2026-05-18T10:25:24Z</time></trkpt><trkpt lat="-33.3252255" lon="-70.8366225"><ele>486.5</ele><time>2026-05-18T10:25:26Z</time></trkpt><trkpt lat="-33.3251496" lon="-70.8366036"><ele>487.0</ele><time>2026-05-18T10:25:28Z</time></trkpt><trkpt lat="-33.3250399" lon="-70.8365689"><ele>487.0</ele><time>2026-05-18T10:25:30Z</time></trkpt><trkpt lat="-33.3249302" lon="-70.8365342"><ele>487.0</ele><time>2026-05-18T10:25:33Z</time></trkpt><trkpt lat="-33.3248206" lon="-70.8364995"><ele>487.0</ele><time>2026-05-18T10:25:35Z</time></trkpt><trkpt lat="-33.3247109" lon="-70.8364648"><ele>487.0</ele><time>2026-05-18T10:25:37Z</time></trkpt><trkpt lat="-33.3246012" lon="-70.8364301"><ele>487.0</ele><time>2026-05-18T10:25:39Z</time></trkpt><trkpt lat="-33.3244915" lon="-70.8363954"><ele>487.0</ele><time>2026-05-18T10:25:42Z</time></trkpt><trkpt lat="-33.3243818" lon="-70.8363607"><ele>487.0</ele><time>2026-05-18T10:25:44Z</time></trkpt><trkpt lat="-33.3242721" lon="-70.8363260"><ele>487.0</ele><time>2026-05-18T10:25:46Z</time></trkpt><trkpt lat="-33.3241625" lon="-70.8362912"><ele>487.0</ele><time>2026-05-18T10:25:48Z</time></trkpt><trkpt lat="-33.3240528" lon="-70.8362565"><ele>487.0</ele><time>2026-05-18T10:25:51Z</time></trkpt><trkpt lat="-33.3239431" lon="-70.8362218"><ele>487.0</ele><time>2026-05-18T10:25:53Z</time></trkpt><trkpt lat="-33.3238334" lon="-70.8361871"><ele>487.0</ele><time>2026-05-18T10:25:55Z</time></trkpt><trkpt lat="-33.3237237" lon="-70.8361524"><ele>487.0</ele><time>2026-05-18T10:25:57Z</time></trkpt><trkpt lat="-33.3236140" lon="-70.8361177"><ele>487.0</ele><time>2026-05-18T10:26:00Z</time></trkpt><trkpt lat="-33.3235044" lon="-70.8360830"><ele>487.0</ele><time>2026-05-18T10:26:02Z</time></trkpt><trkpt lat="-33.3233947" lon="-70.8360483"><ele>487.0</ele><time>2026-05-18T10:26:04Z</time></trkpt><trkpt lat="-33.3232850" lon="-70.8360136"><ele>487.0</ele><time>2026-05-18T10:26:06Z</time></trkpt><trkpt lat="-33.3229393" lon="-70.8359707"><ele>487.0</ele><time>2026-05-18T10:26:09Z</time></trkpt><trkpt lat="-33.3225936" lon="-70.8359278"><ele>487.0</ele><time>2026-05-18T10:26:11Z</time></trkpt><trkpt lat="-33.3222479" lon="-70.8358848"><ele>487.0</ele><time>2026-05-18T10:26:13Z</time></trkpt><trkpt lat="-33.3219022" lon="-70.8358419"><ele>487.0</ele><time>2026-05-18T10:26:15Z</time></trkpt><trkpt lat="-33.3215566" lon="-70.8357990"><ele>487.0</ele><time>2026-05-18T10:26:18Z</time></trkpt><trkpt lat="-33.3212109" lon="-70.8357561"><ele>487.0</ele><time>2026-05-18T10:26:20Z</time></trkpt><trkpt lat="-33.3208652" lon="-70.8357132"><ele>487.0</ele><time>2026-05-18T10:26:22Z</time></trkpt><trkpt lat="-33.3205195" lon="-70.8356703"><ele>487.0</ele><time>2026-05-18T10:26:24Z</time></trkpt><trkpt lat="-33.3201738" lon="-70.8356273"><ele>487.0</ele><time>2026-05-18T10:26:27Z</time></trkpt><trkpt lat="-33.3198281" lon="-70.8355844"><ele>487.0</ele><time>2026-05-18T10:26:29Z</time></trkpt><trkpt lat="-33.3194824" lon="-70.8355415"><ele>487.0</ele><time>2026-05-18T10:26:31Z</time></trkpt><trkpt lat="-33.3191367" lon="-70.8354986"><ele>487.0</ele><time>2026-05-18T10:26:33Z</time></trkpt><trkpt lat="-33.3187911" lon="-70.8354557"><ele>487.0</ele><time>2026-05-18T10:26:36Z</time></trkpt><trkpt lat="-33.3184454" lon="-70.8354128"><ele>487.0</ele><time>2026-05-18T10:26:38Z</time></trkpt><trkpt lat="-33.3180997" lon="-70.8353698"><ele>487.0</ele><time>2026-05-18T10:26:40Z</time></trkpt><trkpt lat="-33.3177540" lon="-70.8353269"><ele>487.0</ele><time>2026-05-18T10:26:43Z</time></trkpt><trkpt lat="-33.3174083" lon="-70.8352840"><ele>487.0</ele><time>2026-05-18T10:26:45Z</time></trkpt><trkpt lat="-33.3174080" lon="-70.8352862"><ele>486.9</ele><time>2026-05-18T10:26:47Z</time></trkpt><trkpt lat="-33.3174078" lon="-70.8352884"><ele>486.8</ele><time>2026-05-18T10:26:49Z</time></trkpt><trkpt lat="-33.3174075" lon="-70.8352906"><ele>486.6</ele><time>2026-05-18T10:26:52Z</time></trkpt><trkpt lat="-33.3174072" lon="-70.8352928"><ele>486.5</ele><time>2026-05-18T10:26:54Z</time></trkpt><trkpt lat="-33.3174070" lon="-70.8352950"><ele>486.4</ele><time>2026-05-18T10:26:56Z</time></trkpt><trkpt lat="-33.3174067" lon="-70.8352972"><ele>486.3</ele><time>2026-05-18T10:26:58Z</time></trkpt><trkpt lat="-33.3174064" lon="-70.8352994"><ele>486.2</ele><time>2026-05-18T10:27:01Z</time></trkpt><trkpt lat="-33.3174062" lon="-70.8353016"><ele>486.1</ele><time>2026-05-18T10:27:03Z</time></trkpt><trkpt lat="-33.3174059" lon="-70.8353039"><ele>485.9</ele><time>2026-05-18T10:27:05Z</time></trkpt><trkpt lat="-33.3174057" lon="-70.8353061"><ele>485.8</ele><time>2026-05-18T10:27:07Z</time></trkpt><trkpt lat="-33.3174054" lon="-70.8353083"><ele>485.7</ele><time>2026-05-18T10:27:10Z</time></trkpt><trkpt lat="-33.3174051" lon="-70.8353105"><ele>485.6</ele><time>2026-05-18T10:27:12Z</time></trkpt><trkpt lat="-33.3174049" lon="-70.8353127"><ele>485.5</ele><time>2026-05-18T10:27:14Z</time></trkpt><trkpt lat="-33.3174046" lon="-70.8353149"><ele>485.4</ele><time>2026-05-18T10:27:16Z</time></trkpt><trkpt lat="-33.3174043" lon="-70.8353171"><ele>485.2</ele><time>2026-05-18T10:27:19Z</time></trkpt><trkpt lat="-33.3174041" lon="-70.8353193"><ele>485.1</ele><time>2026-05-18T10:27:21Z</time></trkpt><trkpt lat="-33.3174038" lon="-70.8353215"><ele>485.0</ele><time>2026-05-18T10:27:23Z</time></trkpt><trkpt lat="-33.3175246" lon="-70.8353321"><ele>485.0</ele><time>2026-05-18T10:27:25Z</time></trkpt><trkpt lat="-33.3176453" lon="-70.8353427"><ele>485.0</ele><time>2026-05-18T10:27:28Z</time></trkpt><trkpt lat="-33.3177661" lon="-70.8353532"><ele>485.0</ele><time>2026-05-18T10:27:30Z</time></trkpt><trkpt lat="-33.3178869" lon="-70.8353638"><ele>485.0</ele><time>2026-05-18T10:27:32Z</time></trkpt><trkpt lat="-33.3180077" lon="-70.8353744"><ele>485.0</ele><time>2026-05-18T10:27:34Z</time></trkpt><trkpt lat="-33.3181284" lon="-70.8353850"><ele>485.0</ele><time>2026-05-18T10:27:37Z</time></trkpt><trkpt lat="-33.3182492" lon="-70.8353955"><ele>485.0</ele><time>2026-05-18T10:27:39Z</time></trkpt><trkpt lat="-33.3183700" lon="-70.8354061"><ele>485.0</ele><time>2026-05-18T10:27:41Z</time></trkpt><trkpt lat="-33.3184907" lon="-70.8354167"><ele>485.0</ele><time>2026-05-18T10:27:43Z</time></trkpt><trkpt lat="-33.3186115" lon="-70.8354273"><ele>485.0</ele><time>2026-05-18T10:27:46Z</time></trkpt><trkpt lat="-33.3187323" lon="-70.8354378"><ele>485.0</ele><time>2026-05-18T10:27:48Z</time></trkpt><trkpt lat="-33.3188530" lon="-70.8354484"><ele>485.0</ele><time>2026-05-18T10:27:50Z</time></trkpt><trkpt lat="-33.3189738" lon="-70.8354590"><ele>485.0</ele><time>2026-05-18T10:27:52Z</time></trkpt><trkpt lat="-33.3190946" lon="-70.8354696"><ele>485.0</ele><time>2026-05-18T10:27:55Z</time></trkpt><trkpt lat="-33.3192154" lon="-70.8354801"><ele>485.0</ele><time>2026-05-18T10:27:57Z</time></trkpt><trkpt lat="-33.3193361" lon="-70.8354907"><ele>485.0</ele><time>2026-05-18T10:27:59Z</time></trkpt><trkpt lat="-33.3194569" lon="-70.8355013"><ele>485.0</ele><time>2026-05-18T10:28:01Z</time></trkpt><trkpt lat="-33.3196665" lon="-70.8355239"><ele>485.1</ele><time>2026-05-18T10:28:04Z</time></trkpt><trkpt lat="-33.3198761" lon="-70.8355464"><ele>485.2</ele><time>2026-05-18T10:28:06Z</time></trkpt><trkpt lat="-33.3200858" lon="-70.8355690"><ele>485.4</ele><time>2026-05-18T10:28:08Z</time></trkpt><trkpt lat="-33.3202954" lon="-70.8355915"><ele>485.5</ele><time>2026-05-18T10:28:10Z</time></trkpt><trkpt lat="-33.3205050" lon="-70.8356141"><ele>485.6</ele><time>2026-05-18T10:28:13Z</time></trkpt><trkpt lat="-33.3207146" lon="-70.8356367"><ele>485.7</ele><time>2026-05-18T10:28:15Z</time></trkpt><trkpt lat="-33.3209243" lon="-70.8356592"><ele>485.8</ele><time>2026-05-18T10:28:17Z</time></trkpt><trkpt lat="-33.3211339" lon="-70.8356818"><ele>485.9</ele><time>2026-05-18T10:28:19Z</time></trkpt><trkpt lat="-33.3213435" lon="-70.8357043"><ele>486.1</ele><time>2026-05-18T10:28:22Z</time></trkpt><trkpt lat="-33.3215531" lon="-70.8357269"><ele>486.2</ele><time>2026-05-18T10:28:24Z</time></trkpt><trkpt lat="-33.3217628" lon="-70.8357494"><ele>486.3</ele><time>2026-05-18T10:28:26Z</time></trkpt><trkpt lat="-33.3219724" lon="-70.8357720"><ele>486.4</ele><time>2026-05-18T10:28:28Z</time></trkpt><trkpt lat="-33.3221820" lon="-70.8357946"><ele>486.5</ele><time>2026-05-18T10:28:31Z</time></trkpt><trkpt lat="-33.3223916" lon="-70.8358171"><ele>486.6</ele><time>2026-05-18T10:28:33Z</time></trkpt><trkpt lat="-33.3226013" lon="-70.8358397"><ele>486.8</ele><time>2026-05-18T10:28:35Z</time></trkpt><trkpt lat="-33.3228109" lon="-70.8358622"><ele>486.9</ele><time>2026-05-18T10:28:37Z</time></trkpt><trkpt lat="-33.3230205" lon="-70.8358848"><ele>487.0</ele><time>2026-05-18T10:28:40Z</time></trkpt><trkpt lat="-33.3230508" lon="-70.8358943"><ele>487.0</ele><time>2026-05-18T10:28:42Z</time></trkpt><trkpt lat="-33.3230811" lon="-70.8359037"><ele>487.0</ele><time>2026-05-18T10:28:44Z</time></trkpt><trkpt lat="-33.3231115" lon="-70.8359132"><ele>487.0</ele><time>2026-05-18T10:28:46Z</time></trkpt><trkpt lat="-33.3231418" lon="-70.8359227"><ele>487.0</ele><time>2026-05-18T10:28:49Z</time></trkpt><trkpt lat="-33.3231721" lon="-70.8359321"><ele>487.0</ele><time>2026-05-18T10:28:51Z</time></trkpt><trkpt lat="-33.3232024" lon="-70.8359416"><ele>487.0</ele><time>2026-05-18T10:28:53Z</time></trkpt><trkpt lat="-33.3232328" lon="-70.8359511"><ele>487.0</ele><time>2026-05-18T10:28:55Z</time></trkpt><trkpt lat="-33.3232631" lon="-70.8359605"><ele>487.0</ele><time>2026-05-18T10:28:58Z</time></trkpt><trkpt lat="-33.3232934" lon="-70.8359700"><ele>487.0</ele><time>2026-05-18T10:29:00Z</time></trkpt><trkpt lat="-33.3233237" lon="-70.8359794"><ele>487.0</ele><time>2026-05-18T10:29:02Z</time></trkpt><trkpt lat="-33.3233541" lon="-70.8359889"><ele>487.0</ele><time>2026-05-18T10:29:04Z</time></trkpt><trkpt lat="-33.3233844" lon="-70.8359984"><ele>487.0</ele><time>2026-05-18T10:29:07Z</time></trkpt><trkpt lat="-33.3234147" lon="-70.8360078"><ele>487.0</ele><time>2026-05-18T10:29:09Z</time></trkpt><trkpt lat="-33.3234450" lon="-70.8360173"><ele>487.0</ele><time>2026-05-18T10:29:11Z</time></trkpt><trkpt lat="-33.3234754" lon="-70.8360268"><ele>487.0</ele><time>2026-05-18T10:29:13Z</time></trkpt><trkpt lat="-33.3235057" lon="-70.8360362"><ele>487.0</ele><time>2026-05-18T10:29:16Z</time></trkpt><trkpt lat="-33.3235360" lon="-70.8360457"><ele>487.0</ele><time>2026-05-18T10:29:18Z</time></trkpt><trkpt lat="-33.3236897" lon="-70.8360956"><ele>487.0</ele><time>2026-05-18T10:29:20Z</time></trkpt><trkpt lat="-33.3238434" lon="-70.8361454"><ele>487.0</ele><time>2026-05-18T10:29:22Z</time></trkpt><trkpt lat="-33.3239972" lon="-70.8361953"><ele>487.0</ele><time>2026-05-18T10:29:25Z</time></trkpt><trkpt lat="-33.3241509" lon="-70.8362451"><ele>487.0</ele><time>2026-05-18T10:29:27Z</time></trkpt><trkpt lat="-33.3243046" lon="-70.8362950"><ele>487.0</ele><time>2026-05-18T10:29:29Z</time></trkpt><trkpt lat="-33.3244583" lon="-70.8363449"><ele>487.0</ele><time>2026-05-18T10:29:31Z</time></trkpt><trkpt lat="-33.3246120" lon="-70.8363947"><ele>487.0</ele><time>2026-05-18T10:29:34Z</time></trkpt><trkpt lat="-33.3247657" lon="-70.8364446"><ele>487.0</ele><time>2026-05-18T10:29:36Z</time></trkpt><trkpt lat="-33.3249195" lon="-70.8364944"><ele>487.0</ele><time>2026-05-18T10:29:38Z</time></trkpt><trkpt lat="-33.3250732" lon="-70.8365443"><ele>487.0</ele><time>2026-05-18T10:29:40Z</time></trkpt><trkpt lat="-33.3252269" lon="-70.8365941"><ele>487.0</ele><time>2026-05-18T10:29:43Z</time></trkpt><trkpt lat="-33.3253806" lon="-70.8366440"><ele>487.0</ele><time>2026-05-18T10:29:45Z</time></trkpt><trkpt lat="-33.3255343" lon="-70.8366939"><ele>487.0</ele><time>2026-05-18T10:29:47Z</time></trkpt><trkpt lat="-33.3256880" lon="-70.8367437"><ele>487.0</ele><time>2026-05-18T10:29:49Z</time></trkpt><trkpt lat="-33.3258418" lon="-70.8367936"><ele>487.0</ele><time>2026-05-18T10:29:52Z</time></trkpt><trkpt lat="-33.3259955" lon="-70.8368434"><ele>487.0</ele><time>2026-05-18T10:29:54Z</time></trkpt><trkpt lat="-33.3261492" lon="-70.8368933"><ele>487.0</ele><time>2026-05-18T10:29:56Z</time></trkpt><trkpt lat="-33.3261741" lon="-70.8368980"><ele>487.0</ele><time>2026-05-18T10:29:58Z</time></trkpt><trkpt lat="-33.3261991" lon="-70.8369027"><ele>487.0</ele><time>2026-05-18T10:30:01Z</time></trkpt><trkpt lat="-33.3262240" lon="-70.8369074"><ele>487.0</ele><time>2026-05-18T10:30:03Z</time></trkpt><trkpt lat="-33.3262489" lon="-70.8369121"><ele>487.0</ele><time>2026-05-18T10:30:05Z</time></trkpt><trkpt lat="-33.3262739" lon="-70.8369168"><ele>487.0</ele><time>2026-05-18T10:30:07Z</time></trkpt><trkpt lat="-33.3262988" lon="-70.8369215"><ele>487.0</ele><time>2026-05-18T10:30:10Z</time></trkpt><trkpt lat="-33.3263237" lon="-70.8369262"><ele>487.0</ele><time>2026-05-18T10:30:12Z</time></trkpt><trkpt lat="-33.3263486" lon="-70.8369309"><ele>487.0</ele><time>2026-05-18T10:30:14Z</time></trkpt><trkpt lat="-33.3263736" lon="-70.8369355"><ele>487.0</ele><time>2026-05-18T10:30:16Z</time></trkpt><trkpt lat="-33.3263985" lon="-70.8369402"><ele>487.0</ele><time>2026-05-18T10:30:19Z</time></trkpt><trkpt lat="-33.3264234" lon="-70.8369449"><ele>487.0</ele><time>2026-05-18T10:30:21Z</time></trkpt><trkpt lat="-33.3264484" lon="-70.8369496"><ele>487.0</ele><time>2026-05-18T10:30:23Z</time></trkpt><trkpt lat="-33.3264733" lon="-70.8369543"><ele>487.0</ele><time>2026-05-18T10:30:25Z</time></trkpt><trkpt lat="-33.3264982" lon="-70.8369590"><ele>487.0</ele><time>2026-05-18T10:30:28Z</time></trkpt><trkpt lat="-33.3265232" lon="-70.8369637"><ele>487.0</ele><time>2026-05-18T10:30:30Z</time></trkpt><trkpt lat="-33.3265481" lon="-70.8369684"><ele>487.0</ele><time>2026-05-18T10:30:32Z</time></trkpt><trkpt lat="-33.3266428" lon="-70.8369872"><ele>486.9</ele><time>2026-05-18T10:30:34Z</time></trkpt><trkpt lat="-33.3267375" lon="-70.8370060"><ele>486.9</ele><time>2026-05-18T10:30:37Z</time></trkpt><trkpt lat="-33.3268322" lon="-70.8370247"><ele>486.8</ele><time>2026-05-18T10:30:39Z</time></trkpt><trkpt lat="-33.3269268" lon="-70.8370435"><ele>486.8</ele><time>2026-05-18T10:30:41Z</time></trkpt><trkpt lat="-33.3270215" lon="-70.8370623"><ele>486.7</ele><time>2026-05-18T10:30:43Z</time></trkpt><trkpt lat="-33.3271162" lon="-70.8370811"><ele>486.6</ele><time>2026-05-18T10:30:46Z</time></trkpt><trkpt lat="-33.3272109" lon="-70.8370998"><ele>486.6</ele><time>2026-05-18T10:30:48Z</time></trkpt><trkpt lat="-33.3273056" lon="-70.8371186"><ele>486.5</ele><time>2026-05-18T10:30:50Z</time></trkpt><trkpt lat="-33.3274003" lon="-70.8371374"><ele>486.4</ele><time>2026-05-18T10:30:52Z</time></trkpt><trkpt lat="-33.3274950" lon="-70.8371561"><ele>486.4</ele><time>2026-05-18T10:30:55Z</time></trkpt><trkpt lat="-33.3275897" lon="-70.8371749"><ele>486.3</ele><time>2026-05-18T10:30:57Z</time></trkpt><trkpt lat="-33.3276843" lon="-70.8371937"><ele>486.2</ele><time>2026-05-18T10:30:59Z</time></trkpt><trkpt lat="-33.3277790" lon="-70.8372125"><ele>486.2</ele><time>2026-05-18T10:31:01Z</time></trkpt><trkpt lat="-33.3278737" lon="-70.8372313"><ele>486.1</ele><time>2026-05-18T10:31:04Z</time></trkpt><trkpt lat="-33.3279684" lon="-70.8372500"><ele>486.1</ele><time>2026-05-18T10:31:06Z</time></trkpt><trkpt lat="-33.3280631" lon="-70.8372688"><ele>486.0</ele><time>2026-05-18T10:31:08Z</time></trkpt><trkpt lat="-33.3285354" lon="-70.8373680"><ele>485.7</ele><time>2026-05-18T10:31:10Z</time></trkpt><trkpt lat="-33.3290077" lon="-70.8374673"><ele>485.4</ele><time>2026-05-18T10:31:13Z</time></trkpt><trkpt lat="-33.3294800" lon="-70.8375665"><ele>485.1</ele><time>2026-05-18T10:31:15Z</time></trkpt><trkpt lat="-33.3299523" lon="-70.8376658"><ele>484.8</ele><time>2026-05-18T10:31:17Z</time></trkpt><trkpt lat="-33.3304245" lon="-70.8377650"><ele>484.4</ele><time>2026-05-18T10:31:19Z</time></trkpt><trkpt lat="-33.3308968" lon="-70.8378643"><ele>484.1</ele><time>2026-05-18T10:31:22Z</time></trkpt><trkpt lat="-33.3313691" lon="-70.8379635"><ele>483.8</ele><time>2026-05-18T10:31:24Z</time></trkpt><trkpt lat="-33.3318414" lon="-70.8380628"><ele>483.5</ele><time>2026-05-18T10:31:26Z</time></trkpt><trkpt lat="-33.3323137" lon="-70.8381620"><ele>483.2</ele><time>2026-05-18T10:31:28Z</time></trkpt><trkpt lat="-33.3327860" lon="-70.8382612"><ele>482.9</ele><time>2026-05-18T10:31:31Z</time></trkpt><trkpt lat="-33.3332583" lon="-70.8383605"><ele>482.6</ele><time>2026-05-18T10:31:33Z</time></trkpt><trkpt lat="-33.3337305" lon="-70.8384597"><ele>482.2</ele><time>2026-05-18T10:31:35Z</time></trkpt><trkpt lat="-33.3342028" lon="-70.8385590"><ele>481.9</ele><time>2026-05-18T10:31:37Z</time></trkpt><trkpt lat="-33.3346751" lon="-70.8386582"><ele>481.6</ele><time>2026-05-18T10:31:40Z</time></trkpt><trkpt lat="-33.3351474" lon="-70.8387575"><ele>481.3</ele><time>2026-05-18T10:31:42Z</time></trkpt><trkpt lat="-33.3356197" lon="-70.8388567"><ele>481.0</ele><time>2026-05-18T10:31:44Z</time></trkpt><trkpt lat="-33.3357371" lon="-70.8388795"><ele>481.0</ele><time>2026-05-18T10:31:46Z</time></trkpt><trkpt lat="-33.3358544" lon="-70.8389023"><ele>481.0</ele><time>2026-05-18T10:31:49Z</time></trkpt><trkpt lat="-33.3359718" lon="-70.8389251"><ele>481.0</ele><time>2026-05-18T10:31:51Z</time></trkpt><trkpt lat="-33.3360892" lon="-70.8389479"><ele>481.0</ele><time>2026-05-18T10:31:53Z</time></trkpt><trkpt lat="-33.3362065" lon="-70.8389707"><ele>481.0</ele><time>2026-05-18T10:31:55Z</time></trkpt><trkpt lat="-33.3363239" lon="-70.8389935"><ele>481.0</ele><time>2026-05-18T10:31:58Z</time></trkpt><trkpt lat="-33.3364413" lon="-70.8390163"><ele>481.0</ele><time>2026-05-18T10:32:00Z</time></trkpt><trkpt lat="-33.3365587" lon="-70.8390391"><ele>481.0</ele><time>2026-05-18T10:32:02Z</time></trkpt><trkpt lat="-33.3366760" lon="-70.8390619"><ele>481.0</ele><time>2026-05-18T10:32:04Z</time></trkpt><trkpt lat="-33.3367934" lon="-70.8390847"><ele>481.0</ele><time>2026-05-18T10:32:07Z</time></trkpt><trkpt lat="-33.3369108" lon="-70.8391075"><ele>481.0</ele><time>2026-05-18T10:32:09Z</time></trkpt><trkpt lat="-33.3370281" lon="-70.8391303"><ele>481.0</ele><time>2026-05-18T10:32:11Z</time></trkpt><trkpt lat="-33.3371455" lon="-70.8391531"><ele>481.0</ele><time>2026-05-18T10:32:13Z</time></trkpt><trkpt lat="-33.3372629" lon="-70.8391759"><ele>481.0</ele><time>2026-05-18T10:32:16Z</time></trkpt><trkpt lat="-33.3373802" lon="-70.8391987"><ele>481.0</ele><time>2026-05-18T10:32:18Z</time></trkpt><trkpt lat="-33.3374976" lon="-70.8392215"><ele>481.0</ele><time>2026-05-18T10:32:20Z</time></trkpt><trkpt lat="-33.3376550" lon="-70.8392530"><ele>480.8</ele><time>2026-05-18T10:32:22Z</time></trkpt><trkpt lat="-33.3378124" lon="-70.8392845"><ele>480.5</ele><time>2026-05-18T10:32:25Z</time></trkpt><trkpt lat="-33.3379698" lon="-70.8393160"><ele>480.2</ele><time>2026-05-18T10:32:27Z</time></trkpt><trkpt lat="-33.3381272" lon="-70.8393475"><ele>480.0</ele><time>2026-05-18T10:32:29Z</time></trkpt><trkpt lat="-33.3382847" lon="-70.8393791"><ele>479.8</ele><time>2026-05-18T10:32:31Z</time></trkpt><trkpt lat="-33.3384421" lon="-70.8394106"><ele>479.5</ele><time>2026-05-18T10:32:34Z</time></trkpt><trkpt lat="-33.3385995" lon="-70.8394421"><ele>479.2</ele><time>2026-05-18T10:32:36Z</time></trkpt><trkpt lat="-33.3387569" lon="-70.8394736"><ele>479.0</ele><time>2026-05-18T10:32:38Z</time></trkpt><trkpt lat="-33.3389143" lon="-70.8395051"><ele>478.8</ele><time>2026-05-18T10:32:40Z</time></trkpt><trkpt lat="-33.3390717" lon="-70.8395366"><ele>478.5</ele><time>2026-05-18T10:32:43Z</time></trkpt><trkpt lat="-33.3392291" lon="-70.8395681"><ele>478.2</ele><time>2026-05-18T10:32:45Z</time></trkpt><trkpt lat="-33.3393866" lon="-70.8395996"><ele>478.0</ele><time>2026-05-18T10:32:47Z</time></trkpt><trkpt lat="-33.3395440" lon="-70.8396312"><ele>477.8</ele><time>2026-05-18T10:32:49Z</time></trkpt><trkpt lat="-33.3397014" lon="-70.8396627"><ele>477.5</ele><time>2026-05-18T10:32:52Z</time></trkpt><trkpt lat="-33.3398588" lon="-70.8396942"><ele>477.2</ele><time>2026-05-18T10:32:54Z</time></trkpt><trkpt lat="-33.3400162" lon="-70.8397257"><ele>477.0</ele><time>2026-05-18T10:32:56Z</time></trkpt><trkpt lat="-33.3411003" lon="-70.8399436"><ele>476.9</ele><time>2026-05-18T10:32:58Z</time></trkpt><trkpt lat="-33.3421845" lon="-70.8401616"><ele>476.9</ele><time>2026-05-18T10:33:01Z</time></trkpt><trkpt lat="-33.3432686" lon="-70.8403795"><ele>476.8</ele><time>2026-05-18T10:33:03Z</time></trkpt><trkpt lat="-33.3443528" lon="-70.8405974"><ele>476.8</ele><time>2026-05-18T10:33:05Z</time></trkpt><trkpt lat="-33.3454369" lon="-70.8408154"><ele>476.7</ele><time>2026-05-18T10:33:07Z</time></trkpt><trkpt lat="-33.3465211" lon="-70.8410333"><ele>476.6</ele><time>2026-05-18T10:33:10Z</time></trkpt><trkpt lat="-33.3476053" lon="-70.8412512"><ele>476.6</ele><time>2026-05-18T10:33:12Z</time></trkpt><trkpt lat="-33.3486894" lon="-70.8414691"><ele>476.5</ele><time>2026-05-18T10:33:14Z</time></trkpt><trkpt lat="-33.3497736" lon="-70.8416871"><ele>476.4</ele><time>2026-05-18T10:33:16Z</time></trkpt><trkpt lat="-33.3508577" lon="-70.8419050"><ele>476.4</ele><time>2026-05-18T10:33:19Z</time></trkpt><trkpt lat="-33.3519419" lon="-70.8421229"><ele>476.3</ele><time>2026-05-18T10:33:21Z</time></trkpt><trkpt lat="-33.3530260" lon="-70.8423409"><ele>476.2</ele><time>2026-05-18T10:33:23Z</time></trkpt><trkpt lat="-33.3541102" lon="-70.8425588"><ele>476.2</ele><time>2026-05-18T10:33:26Z</time></trkpt><trkpt lat="-33.3551943" lon="-70.8427767"><ele>476.1</ele><time>2026-05-18T10:33:28Z</time></trkpt><trkpt lat="-33.3562785" lon="-70.8429947"><ele>476.1</ele><time>2026-05-18T10:33:30Z</time></trkpt><trkpt lat="-33.3573626" lon="-70.8432126"><ele>476.0</ele><time>2026-05-18T10:33:32Z</time></trkpt><trkpt lat="-33.3579498" lon="-70.8433306"><ele>475.9</ele><time>2026-05-18T10:33:35Z</time></trkpt><trkpt lat="-33.3585370" lon="-70.8434486"><ele>475.8</ele><time>2026-05-18T10:33:37Z</time></trkpt><trkpt lat="-33.3591243" lon="-70.8435667"><ele>475.6</ele><time>2026-05-18T10:33:39Z</time></trkpt><trkpt lat="-33.3597115" lon="-70.8436847"><ele>475.5</ele><time>2026-05-18T10:33:41Z</time></trkpt><trkpt lat="-33.3602987" lon="-70.8438027"><ele>475.4</ele><time>2026-05-18T10:33:44Z</time></trkpt><trkpt lat="-33.3608859" lon="-70.8439207"><ele>475.2</ele><time>2026-05-18T10:33:46Z</time></trkpt><trkpt lat="-33.3614731" lon="-70.8440387"><ele>475.1</ele><time>2026-05-18T10:33:48Z</time></trkpt><trkpt lat="-33.3620604" lon="-70.8441567"><ele>475.0</ele><time>2026-05-18T10:33:50Z</time></trkpt><trkpt lat="-33.3626476" lon="-70.8442748"><ele>474.9</ele><time>2026-05-18T10:33:53Z</time></trkpt><trkpt lat="-33.3632348" lon="-70.8443928"><ele>474.8</ele><time>2026-05-18T10:33:55Z</time></trkpt><trkpt lat="-33.3638220" lon="-70.8445108"><ele>474.6</ele><time>2026-05-18T10:33:57Z</time></trkpt><trkpt lat="-33.3644092" lon="-70.8446288"><ele>474.5</ele><time>2026-05-18T10:33:59Z</time></trkpt><trkpt lat="-33.3649964" lon="-70.8447468"><ele>474.4</ele><time>2026-05-18T10:34:02Z</time></trkpt><trkpt lat="-33.3655837" lon="-70.8448649"><ele>474.2</ele><time>2026-05-18T10:34:04Z</time></trkpt><trkpt lat="-33.3661709" lon="-70.8449829"><ele>474.1</ele><time>2026-05-18T10:34:06Z</time></trkpt><trkpt lat="-33.3667581" lon="-70.8451009"><ele>474.0</ele><time>2026-05-18T10:34:08Z</time></trkpt><trkpt lat="-33.3668334" lon="-70.8451153"><ele>474.0</ele><time>2026-05-18T10:34:11Z</time></trkpt><trkpt lat="-33.3669087" lon="-70.8451297"><ele>474.0</ele><time>2026-05-18T10:34:13Z</time></trkpt><trkpt lat="-33.3669841" lon="-70.8451441"><ele>474.0</ele><time>2026-05-18T10:34:15Z</time></trkpt><trkpt lat="-33.3670594" lon="-70.8451586"><ele>474.0</ele><time>2026-05-18T10:34:17Z</time></trkpt><trkpt lat="-33.3671347" lon="-70.8451730"><ele>474.0</ele><time>2026-05-18T10:34:20Z</time></trkpt><trkpt lat="-33.3672100" lon="-70.8451874"><ele>474.0</ele><time>2026-05-18T10:34:22Z</time></trkpt><trkpt lat="-33.3672853" lon="-70.8452018"><ele>474.0</ele><time>2026-05-18T10:34:24Z</time></trkpt><trkpt lat="-33.3673606" lon="-70.8452162"><ele>474.0</ele><time>2026-05-18T10:34:26Z</time></trkpt><trkpt lat="-33.3674360" lon="-70.8452306"><ele>474.0</ele><time>2026-05-18T10:34:29Z</time></trkpt><trkpt lat="-33.3675113" lon="-70.8452450"><ele>474.0</ele><time>2026-05-18T10:34:31Z</time></trkpt><trkpt lat="-33.3675866" lon="-70.8452594"><ele>474.0</ele><time>2026-05-18T10:34:33Z</time></trkpt><trkpt lat="-33.3676619" lon="-70.8452738"><ele>474.0</ele><time>2026-05-18T10:34:35Z</time></trkpt><trkpt lat="-33.3677372" lon="-70.8452883"><ele>474.0</ele><time>2026-05-18T10:34:38Z</time></trkpt><trkpt lat="-33.3678126" lon="-70.8453027"><ele>474.0</ele><time>2026-05-18T10:34:40Z</time></trkpt><trkpt lat="-33.3678879" lon="-70.8453171"><ele>474.0</ele><time>2026-05-18T10:34:42Z</time></trkpt><trkpt lat="-33.3679632" lon="-70.8453315"><ele>474.0</ele><time>2026-05-18T10:34:44Z</time></trkpt><trkpt lat="-33.3680203" lon="-70.8453352"><ele>474.0</ele><time>2026-05-18T10:34:47Z</time></trkpt><trkpt lat="-33.3680775" lon="-70.8453389"><ele>474.0</ele><time>2026-05-18T10:34:49Z</time></trkpt><trkpt lat="-33.3681346" lon="-70.8453426"><ele>474.0</ele><time>2026-05-18T10:34:51Z</time></trkpt><trkpt lat="-33.3681917" lon="-70.8453463"><ele>474.0</ele><time>2026-05-18T10:34:53Z</time></trkpt><trkpt lat="-33.3682488" lon="-70.8453500"><ele>474.0</ele><time>2026-05-18T10:34:56Z</time></trkpt><trkpt lat="-33.3683059" lon="-70.8453537"><ele>474.0</ele><time>2026-05-18T10:34:58Z</time></trkpt><trkpt lat="-33.3683631" lon="-70.8453574"><ele>474.0</ele><time>2026-05-18T10:35:00Z</time></trkpt><trkpt lat="-33.3684202" lon="-70.8453611"><ele>474.0</ele><time>2026-05-18T10:35:02Z</time></trkpt><trkpt lat="-33.3684773" lon="-70.8453647"><ele>474.0</ele><time>2026-05-18T10:35:05Z</time></trkpt><trkpt lat="-33.3685344" lon="-70.8453684"><ele>474.0</ele><time>2026-05-18T10:35:07Z</time></trkpt><trkpt lat="-33.3685916" lon="-70.8453721"><ele>474.0</ele><time>2026-05-18T10:35:09Z</time></trkpt><trkpt lat="-33.3686487" lon="-70.8453758"><ele>474.0</ele><time>2026-05-18T10:35:11Z</time></trkpt><trkpt lat="-33.3687058" lon="-70.8453795"><ele>474.0</ele><time>2026-05-18T10:35:14Z</time></trkpt><trkpt lat="-33.3687629" lon="-70.8453832"><ele>474.0</ele><time>2026-05-18T10:35:16Z</time></trkpt><trkpt lat="-33.3688201" lon="-70.8453869"><ele>474.0</ele><time>2026-05-18T10:35:18Z</time></trkpt><trkpt lat="-33.3688772" lon="-70.8453906"><ele>474.0</ele><time>2026-05-18T10:35:20Z</time></trkpt><trkpt lat="-33.3690127" lon="-70.8454288"><ele>474.1</ele><time>2026-05-18T10:35:23Z</time></trkpt><trkpt lat="-33.3691482" lon="-70.8454670"><ele>474.1</ele><time>2026-05-18T10:35:25Z</time></trkpt><trkpt lat="-33.3692838" lon="-70.8455053"><ele>474.2</ele><time>2026-05-18T10:35:27Z</time></trkpt><trkpt lat="-33.3694193" lon="-70.8455435"><ele>474.2</ele><time>2026-05-18T10:35:29Z</time></trkpt><trkpt lat="-33.3695548" lon="-70.8455817"><ele>474.3</ele><time>2026-05-18T10:35:32Z</time></trkpt><trkpt lat="-33.3696903" lon="-70.8456199"><ele>474.4</ele><time>2026-05-18T10:35:34Z</time></trkpt><trkpt lat="-33.3698258" lon="-70.8456581"><ele>474.4</ele><time>2026-05-18T10:35:36Z</time></trkpt><trkpt lat="-33.3699613" lon="-70.8456963"><ele>474.5</ele><time>2026-05-18T10:35:38Z</time></trkpt><trkpt lat="-33.3700969" lon="-70.8457346"><ele>474.6</ele><time>2026-05-18T10:35:41Z</time></trkpt><trkpt lat="-33.3702324" lon="-70.8457728"><ele>474.6</ele><time>2026-05-18T10:35:43Z</time></trkpt><trkpt lat="-33.3703679" lon="-70.8458110"><ele>474.7</ele><time>2026-05-18T10:35:45Z</time></trkpt><trkpt lat="-33.3705034" lon="-70.8458492"><ele>474.8</ele><time>2026-05-18T10:35:47Z</time></trkpt><trkpt lat="-33.3706389" lon="-70.8458874"><ele>474.8</ele><time>2026-05-18T10:35:50Z</time></trkpt><trkpt lat="-33.3707745" lon="-70.8459257"><ele>474.9</ele><time>2026-05-18T10:35:52Z</time></trkpt><trkpt lat="-33.3709100" lon="-70.8459639"><ele>474.9</ele><time>2026-05-18T10:35:54Z</time></trkpt><trkpt lat="-33.3710455" lon="-70.8460021"><ele>475.0</ele><time>2026-05-18T10:35:56Z</time></trkpt><trkpt lat="-33.3712549" lon="-70.8460423"><ele>474.9</ele><time>2026-05-18T10:35:59Z</time></trkpt><trkpt lat="-33.3714644" lon="-70.8460826"><ele>474.8</ele><time>2026-05-18T10:36:01Z</time></trkpt><trkpt lat="-33.3716738" lon="-70.8461228"><ele>474.6</ele><time>2026-05-18T10:36:03Z</time></trkpt><trkpt lat="-33.3718833" lon="-70.8461630"><ele>474.5</ele><time>2026-05-18T10:36:05Z</time></trkpt><trkpt lat="-33.3720927" lon="-70.8462033"><ele>474.4</ele><time>2026-05-18T10:36:08Z</time></trkpt><trkpt lat="-33.3723021" lon="-70.8462435"><ele>474.2</ele><time>2026-05-18T10:36:10Z</time></trkpt><trkpt lat="-33.3725116" lon="-70.8462837"><ele>474.1</ele><time>2026-05-18T10:36:12Z</time></trkpt><trkpt lat="-33.3727210" lon="-70.8463239"><ele>474.0</ele><time>2026-05-18T10:36:14Z</time></trkpt><trkpt lat="-33.3729304" lon="-70.8463642"><ele>473.9</ele><time>2026-05-18T10:36:17Z</time></trkpt><trkpt lat="-33.3731399" lon="-70.8464044"><ele>473.8</ele><time>2026-05-18T10:36:19Z</time></trkpt><trkpt lat="-33.3733493" lon="-70.8464446"><ele>473.6</ele><time>2026-05-18T10:36:21Z</time></trkpt><trkpt lat="-33.3735588" lon="-70.8464849"><ele>473.5</ele><time>2026-05-18T10:36:23Z</time></trkpt><trkpt lat="-33.3737682" lon="-70.8465251"><ele>473.4</ele><time>2026-05-18T10:36:26Z</time></trkpt><trkpt lat="-33.3739776" lon="-70.8465653"><ele>473.2</ele><time>2026-05-18T10:36:28Z</time></trkpt><trkpt lat="-33.3741871" lon="-70.8466056"><ele>473.1</ele><time>2026-05-18T10:36:30Z</time></trkpt><trkpt lat="-33.3743965" lon="-70.8466458"><ele>473.0</ele><time>2026-05-18T10:36:32Z</time></trkpt><trkpt lat="-33.3745802" lon="-70.8466834"><ele>473.0</ele><time>2026-05-18T10:36:35Z</time></trkpt><trkpt lat="-33.3747638" lon="-70.8467209"><ele>473.0</ele><time>2026-05-18T10:36:37Z</time></trkpt><trkpt lat="-33.3749475" lon="-70.8467585"><ele>473.0</ele><time>2026-05-18T10:36:39Z</time></trkpt><trkpt lat="-33.3751312" lon="-70.8467960"><ele>473.0</ele><time>2026-05-18T10:36:41Z</time></trkpt><trkpt lat="-33.3753148" lon="-70.8468335"><ele>473.0</ele><time>2026-05-18T10:36:44Z</time></trkpt><trkpt lat="-33.3754985" lon="-70.8468711"><ele>473.0</ele><time>2026-05-18T10:36:46Z</time></trkpt><trkpt lat="-33.3756822" lon="-70.8469087"><ele>473.0</ele><time>2026-05-18T10:36:48Z</time></trkpt><trkpt lat="-33.3758658" lon="-70.8469462"><ele>473.0</ele><time>2026-05-18T10:36:50Z</time></trkpt><trkpt lat="-33.3760495" lon="-70.8469838"><ele>473.0</ele><time>2026-05-18T10:36:53Z</time></trkpt><trkpt lat="-33.3762332" lon="-70.8470213"><ele>473.0</ele><time>2026-05-18T10:36:55Z</time></trkpt><trkpt lat="-33.3764169" lon="-70.8470589"><ele>473.0</ele><time>2026-05-18T10:36:57Z</time></trkpt><trkpt lat="-33.3766005" lon="-70.8470964"><ele>473.0</ele><time>2026-05-18T10:36:59Z</time></trkpt><trkpt lat="-33.3767842" lon="-70.8471339"><ele>473.0</ele><time>2026-05-18T10:37:02Z</time></trkpt><trkpt lat="-33.3769679" lon="-70.8471715"><ele>473.0</ele><time>2026-05-18T10:37:04Z</time></trkpt><trkpt lat="-33.3771515" lon="-70.8472091"><ele>473.0</ele><time>2026-05-18T10:37:06Z</time></trkpt><trkpt lat="-33.3773352" lon="-70.8472466"><ele>473.0</ele><time>2026-05-18T10:37:08Z</time></trkpt><trkpt lat="-33.3774875" lon="-70.8472781"><ele>472.9</ele><time>2026-05-18T10:37:11Z</time></trkpt><trkpt lat="-33.3776398" lon="-70.8473096"><ele>472.9</ele><time>2026-05-18T10:37:13Z</time></trkpt><trkpt lat="-33.3777921" lon="-70.8473412"><ele>472.8</ele><time>2026-05-18T10:37:15Z</time></trkpt><trkpt lat="-33.3779444" lon="-70.8473727"><ele>472.8</ele><time>2026-05-18T10:37:17Z</time></trkpt><trkpt lat="-33.3780967" lon="-70.8474042"><ele>472.7</ele><time>2026-05-18T10:37:20Z</time></trkpt><trkpt lat="-33.3782490" lon="-70.8474357"><ele>472.6</ele><time>2026-05-18T10:37:22Z</time></trkpt><trkpt lat="-33.3784013" lon="-70.8474672"><ele>472.6</ele><time>2026-05-18T10:37:24Z</time></trkpt><trkpt lat="-33.3785537" lon="-70.8474987"><ele>472.5</ele><time>2026-05-18T10:37:26Z</time></trkpt><trkpt lat="-33.3787060" lon="-70.8475303"><ele>472.4</ele><time>2026-05-18T10:37:29Z</time></trkpt><trkpt lat="-33.3788583" lon="-70.8475618"><ele>472.4</ele><time>2026-05-18T10:37:31Z</time></trkpt><trkpt lat="-33.3790106" lon="-70.8475933"><ele>472.3</ele><time>2026-05-18T10:37:33Z</time></trkpt><trkpt lat="-33.3791629" lon="-70.8476248"><ele>472.2</ele><time>2026-05-18T10:37:35Z</time></trkpt><trkpt lat="-33.3793152" lon="-70.8476563"><ele>472.2</ele><time>2026-05-18T10:37:38Z</time></trkpt><trkpt lat="-33.3794675" lon="-70.8476879"><ele>472.1</ele><time>2026-05-18T10:37:40Z</time></trkpt><trkpt lat="-33.3796198" lon="-70.8477194"><ele>472.1</ele><time>2026-05-18T10:37:42Z</time></trkpt><trkpt lat="-33.3797721" lon="-70.8477509"><ele>472.0</ele><time>2026-05-18T10:37:44Z</time></trkpt><trkpt lat="-33.3797956" lon="-70.8477554"><ele>472.0</ele><time>2026-05-18T10:37:47Z</time></trkpt><trkpt lat="-33.3798191" lon="-70.8477599"><ele>472.0</ele><time>2026-05-18T10:37:49Z</time></trkpt><trkpt lat="-33.3798426" lon="-70.8477645"><ele>472.0</ele><time>2026-05-18T10:37:51Z</time></trkpt><trkpt lat="-33.3798661" lon="-70.8477690"><ele>472.0</ele><time>2026-05-18T10:37:53Z</time></trkpt><trkpt lat="-33.3798897" lon="-70.8477735"><ele>472.0</ele><time>2026-05-18T10:37:56Z</time></trkpt><trkpt lat="-33.3799132" lon="-70.8477781"><ele>472.0</ele><time>2026-05-18T10:37:58Z</time></trkpt><trkpt lat="-33.3799367" lon="-70.8477826"><ele>472.0</ele><time>2026-05-18T10:38:00Z</time></trkpt><trkpt lat="-33.3799602" lon="-70.8477871"><ele>472.0</ele><time>2026-05-18T10:38:02Z</time></trkpt><trkpt lat="-33.3799837" lon="-70.8477916"><ele>472.0</ele><time>2026-05-18T10:38:05Z</time></trkpt><trkpt lat="-33.3800072" lon="-70.8477961"><ele>472.0</ele><time>2026-05-18T10:38:07Z</time></trkpt><trkpt lat="-33.3800307" lon="-70.8478007"><ele>472.0</ele><time>2026-05-18T10:38:09Z</time></trkpt><trkpt lat="-33.3800543" lon="-70.8478052"><ele>472.0</ele><time>2026-05-18T10:38:11Z</time></trkpt><trkpt lat="-33.3800778" lon="-70.8478097"><ele>472.0</ele><time>2026-05-18T10:38:14Z</time></trkpt><trkpt lat="-33.3801013" lon="-70.8478142"><ele>472.0</ele><time>2026-05-18T10:38:16Z</time></trkpt><trkpt lat="-33.3801248" lon="-70.8478188"><ele>472.0</ele><time>2026-05-18T10:38:18Z</time></trkpt><trkpt lat="-33.3801483" lon="-70.8478233"><ele>472.0</ele><time>2026-05-18T10:38:20Z</time></trkpt><trkpt lat="-33.3801837" lon="-70.8478273"><ele>472.0</ele><time>2026-05-18T10:38:23Z</time></trkpt><trkpt lat="-33.3802191" lon="-70.8478314"><ele>472.0</ele><time>2026-05-18T10:38:25Z</time></trkpt><trkpt lat="-33.3802546" lon="-70.8478354"><ele>472.0</ele><time>2026-05-18T10:38:27Z</time></trkpt><trkpt lat="-33.3802900" lon="-70.8478394"><ele>472.0</ele><time>2026-05-18T10:38:29Z</time></trkpt><trkpt lat="-33.3803254" lon="-70.8478434"><ele>472.0</ele><time>2026-05-18T10:38:32Z</time></trkpt><trkpt lat="-33.3803608" lon="-70.8478475"><ele>472.0</ele><time>2026-05-18T10:38:34Z</time></trkpt><trkpt lat="-33.3803962" lon="-70.8478515"><ele>472.0</ele><time>2026-05-18T10:38:36Z</time></trkpt><trkpt lat="-33.3804317" lon="-70.8478555"><ele>472.0</ele><time>2026-05-18T10:38:38Z</time></trkpt><trkpt lat="-33.3804671" lon="-70.8478595"><ele>472.0</ele><time>2026-05-18T10:38:41Z</time></trkpt><trkpt lat="-33.3805025" lon="-70.8478635"><ele>472.0</ele><time>2026-05-18T10:38:43Z</time></trkpt><trkpt lat="-33.3805379" lon="-70.8478676"><ele>472.0</ele><time>2026-05-18T10:38:45Z</time></trkpt><trkpt lat="-33.3805733" lon="-70.8478716"><ele>472.0</ele><time>2026-05-18T10:38:47Z</time></trkpt><trkpt lat="-33.3806087" lon="-70.8478756"><ele>472.0</ele><time>2026-05-18T10:38:50Z</time></trkpt><trkpt lat="-33.3806442" lon="-70.8478796"><ele>472.0</ele><time>2026-05-18T10:38:52Z</time></trkpt><trkpt lat="-33.3806796" lon="-70.8478837"><ele>472.0</ele><time>2026-05-18T10:38:54Z</time></trkpt><trkpt lat="-33.3807150" lon="-70.8478877"><ele>472.0</ele><time>2026-05-18T10:38:56Z</time></trkpt><trkpt lat="-33.3807263" lon="-70.8478850"><ele>472.0</ele><time>2026-05-18T10:38:59Z</time></trkpt><trkpt lat="-33.3807377" lon="-70.8478823"><ele>472.0</ele><time>2026-05-18T10:39:01Z</time></trkpt><trkpt lat="-33.3807490" lon="-70.8478797"><ele>472.0</ele><time>2026-05-18T10:39:03Z</time></trkpt><trkpt lat="-33.3807604" lon="-70.8478770"><ele>472.0</ele><time>2026-05-18T10:39:05Z</time></trkpt><trkpt lat="-33.3807717" lon="-70.8478743"><ele>472.0</ele><time>2026-05-18T10:39:08Z</time></trkpt><trkpt lat="-33.3807830" lon="-70.8478716"><ele>472.0</ele><time>2026-05-18T10:39:10Z</time></trkpt><trkpt lat="-33.3807944" lon="-70.8478689"><ele>472.0</ele><time>2026-05-18T10:39:12Z</time></trkpt><trkpt lat="-33.3808057" lon="-70.8478663"><ele>472.0</ele><time>2026-05-18T10:39:14Z</time></trkpt><trkpt lat="-33.3808170" lon="-70.8478636"><ele>472.0</ele><time>2026-05-18T10:39:17Z</time></trkpt><trkpt lat="-33.3808284" lon="-70.8478609"><ele>472.0</ele><time>2026-05-18T10:39:19Z</time></trkpt><trkpt lat="-33.3808397" lon="-70.8478582"><ele>472.0</ele><time>2026-05-18T10:39:21Z</time></trkpt><trkpt lat="-33.3808510" lon="-70.8478555"><ele>472.0</ele><time>2026-05-18T10:39:23Z</time></trkpt><trkpt lat="-33.3808624" lon="-70.8478528"><ele>472.0</ele><time>2026-05-18T10:39:26Z</time></trkpt><trkpt lat="-33.3808737" lon="-70.8478502"><ele>472.0</ele><time>2026-05-18T10:39:28Z</time></trkpt><trkpt lat="-33.3808851" lon="-70.8478475"><ele>472.0</ele><time>2026-05-18T10:39:30Z</time></trkpt><trkpt lat="-33.3808964" lon="-70.8478448"><ele>472.0</ele><time>2026-05-18T10:39:32Z</time></trkpt><trkpt lat="-33.3809287" lon="-70.8478297"><ele>471.9</ele><time>2026-05-18T10:39:35Z</time></trkpt><trkpt lat="-33.3809611" lon="-70.8478146"><ele>471.8</ele><time>2026-05-18T10:39:37Z</time></trkpt><trkpt lat="-33.3809934" lon="-70.8477995"><ele>471.6</ele><time>2026-05-18T10:39:39Z</time></trkpt><trkpt lat="-33.3810257" lon="-70.8477845"><ele>471.5</ele><time>2026-05-18T10:39:41Z</time></trkpt><trkpt lat="-33.3810581" lon="-70.8477694"><ele>471.4</ele><time>2026-05-18T10:39:44Z</time></trkpt><trkpt lat="-33.3810904" lon="-70.8477543"><ele>471.2</ele><time>2026-05-18T10:39:46Z</time></trkpt><trkpt lat="-33.3811228" lon="-70.8477392"><ele>471.1</ele><time>2026-05-18T10:39:48Z</time></trkpt><trkpt lat="-33.3811551" lon="-70.8477241"><ele>471.0</ele><time>2026-05-18T10:39:50Z</time></trkpt><trkpt lat="-33.3811874" lon="-70.8477090"><ele>470.9</ele><time>2026-05-18T10:39:53Z</time></trkpt><trkpt lat="-33.3812198" lon="-70.8476939"><ele>470.8</ele><time>2026-05-18T10:39:55Z</time></trkpt><trkpt lat="-33.3812521" lon="-70.8476788"><ele>470.6</ele><time>2026-05-18T10:39:57Z</time></trkpt><trkpt lat="-33.3812844" lon="-70.8476637"><ele>470.5</ele><time>2026-05-18T10:39:59Z</time></trkpt><trkpt lat="-33.3813168" lon="-70.8476487"><ele>470.4</ele><time>2026-05-18T10:40:02Z</time></trkpt><trkpt lat="-33.3813491" lon="-70.8476336"><ele>470.2</ele><time>2026-05-18T10:40:04Z</time></trkpt><trkpt lat="-33.3813815" lon="-70.8476185"><ele>470.1</ele><time>2026-05-18T10:40:06Z</time></trkpt><trkpt lat="-33.3814138" lon="-70.8476034"><ele>470.0</ele><time>2026-05-18T10:40:09Z</time></trkpt><trkpt lat="-33.3814270" lon="-70.8475905"><ele>470.0</ele><time>2026-05-18T10:40:11Z</time></trkpt><trkpt lat="-33.3814401" lon="-70.8475776"><ele>470.0</ele><time>2026-05-18T10:40:13Z</time></trkpt><trkpt lat="-33.3814533" lon="-70.8475647"><ele>470.0</ele><time>2026-05-18T10:40:15Z</time></trkpt><trkpt lat="-33.3814664" lon="-70.8475518"><ele>470.0</ele><time>2026-05-18T10:40:18Z</time></trkpt><trkpt lat="-33.3814796" lon="-70.8475389"><ele>470.0</ele><time>2026-05-18T10:40:20Z</time></trkpt><trkpt lat="-33.3814927" lon="-70.8475260"><ele>470.0</ele><time>2026-05-18T10:40:22Z</time></trkpt><trkpt lat="-33.3815059" lon="-70.8475131"><ele>470.0</ele><time>2026-05-18T10:40:24Z</time></trkpt><trkpt lat="-33.3815190" lon="-70.8475002"><ele>470.0</ele><time>2026-05-18T10:40:27Z</time></trkpt><trkpt lat="-33.3815322" lon="-70.8474872"><ele>470.0</ele><time>2026-05-18T10:40:29Z</time></trkpt><trkpt lat="-33.3815454" lon="-70.8474743"><ele>470.0</ele><time>2026-05-18T10:40:31Z</time></trkpt><trkpt lat="-33.3815585" lon="-70.8474614"><ele>470.0</ele><time>2026-05-18T10:40:33Z</time></trkpt><trkpt lat="-33.3815717" lon="-70.8474485"><ele>470.0</ele><time>2026-05-18T10:40:36Z</time></trkpt><trkpt lat="-33.3815848" lon="-70.8474356"><ele>470.0</ele><time>2026-05-18T10:40:38Z</time></trkpt><trkpt lat="-33.3815980" lon="-70.8474227"><ele>470.0</ele><time>2026-05-18T10:40:40Z</time></trkpt><trkpt lat="-33.3816111" lon="-70.8474098"><ele>470.0</ele><time>2026-05-18T10:40:42Z</time></trkpt><trkpt lat="-33.3816243" lon="-70.8473969"><ele>470.0</ele><time>2026-05-18T10:40:45Z</time></trkpt><trkpt lat="-33.3816397" lon="-70.8473768"><ele>470.0</ele><time>2026-05-18T10:40:47Z</time></trkpt><trkpt lat="-33.3816551" lon="-70.8473567"><ele>470.0</ele><time>2026-05-18T10:40:49Z</time></trkpt><trkpt lat="-33.3816705" lon="-70.8473365"><ele>470.0</ele><time>2026-05-18T10:40:51Z</time></trkpt><trkpt lat="-33.3816859" lon="-70.8473164"><ele>470.0</ele><time>2026-05-18T10:40:54Z</time></trkpt><trkpt lat="-33.3817013" lon="-70.8472963"><ele>470.0</ele><time>2026-05-18T10:40:56Z</time></trkpt><trkpt lat="-33.3817167" lon="-70.8472762"><ele>470.0</ele><time>2026-05-18T10:40:58Z</time></trkpt><trkpt lat="-33.3817321" lon="-70.8472561"><ele>470.0</ele><time>2026-05-18T10:41:00Z</time></trkpt><trkpt lat="-33.3817475" lon="-70.8472359"><ele>470.0</ele><time>2026-05-18T10:41:03Z</time></trkpt><trkpt lat="-33.3817629" lon="-70.8472158"><ele>470.0</ele><time>2026-05-18T10:41:05Z</time></trkpt><trkpt lat="-33.3817783" lon="-70.8471957"><ele>470.0</ele><time>2026-05-18T10:41:07Z</time></trkpt><trkpt lat="-33.3817937" lon="-70.8471756"><ele>470.0</ele><time>2026-05-18T10:41:09Z</time></trkpt><trkpt lat="-33.3818091" lon="-70.8471555"><ele>470.0</ele><time>2026-05-18T10:41:12Z</time></trkpt><trkpt lat="-33.3818245" lon="-70.8471354"><ele>470.0</ele><time>2026-05-18T10:41:14Z</time></trkpt><trkpt lat="-33.3818399" lon="-70.8471152"><ele>470.0</ele><time>2026-05-18T10:41:16Z</time></trkpt><trkpt lat="-33.3818553" lon="-70.8470951"><ele>470.0</ele><time>2026-05-18T10:41:18Z</time></trkpt><trkpt lat="-33.3818707" lon="-70.8470750"><ele>470.0</ele><time>2026-05-18T10:41:21Z</time></trkpt><trkpt lat="-33.3818846" lon="-70.8470398"><ele>470.0</ele><time>2026-05-18T10:41:23Z</time></trkpt><trkpt lat="-33.3818984" lon="-70.8470046"><ele>470.0</ele><time>2026-05-18T10:41:25Z</time></trkpt><trkpt lat="-33.3819123" lon="-70.8469694"><ele>470.0</ele><time>2026-05-18T10:41:27Z</time></trkpt><trkpt lat="-33.3819261" lon="-70.8469342"><ele>470.0</ele><time>2026-05-18T10:41:30Z</time></trkpt><trkpt lat="-33.3819400" lon="-70.8468990"><ele>470.0</ele><time>2026-05-18T10:41:32Z</time></trkpt><trkpt lat="-33.3819538" lon="-70.8468638"><ele>470.0</ele><time>2026-05-18T10:41:34Z</time></trkpt><trkpt lat="-33.3819677" lon="-70.8468286"><ele>470.0</ele><time>2026-05-18T10:41:36Z</time></trkpt><trkpt lat="-33.3819815" lon="-70.8467933"><ele>470.0</ele><time>2026-05-18T10:41:39Z</time></trkpt><trkpt lat="-33.3819954" lon="-70.8467581"><ele>470.0</ele><time>2026-05-18T10:41:41Z</time></trkpt><trkpt lat="-33.3820093" lon="-70.8467229"><ele>470.0</ele><time>2026-05-18T10:41:43Z</time></trkpt><trkpt lat="-33.3820231" lon="-70.8466877"><ele>470.0</ele><time>2026-05-18T10:41:45Z</time></trkpt><trkpt lat="-33.3820370" lon="-70.8466525"><ele>470.0</ele><time>2026-05-18T10:41:48Z</time></trkpt><trkpt lat="-33.3820508" lon="-70.8466173"><ele>470.0</ele><time>2026-05-18T10:41:50Z</time></trkpt><trkpt lat="-33.3820647" lon="-70.8465821"><ele>470.0</ele><time>2026-05-18T10:41:52Z</time></trkpt><trkpt lat="-33.3820785" lon="-70.8465469"><ele>470.0</ele><time>2026-05-18T10:41:54Z</time></trkpt><trkpt lat="-33.3820924" lon="-70.8465117"><ele>470.0</ele><time>2026-05-18T10:41:57Z</time></trkpt><trkpt lat="-33.3821246" lon="-70.8464309"><ele>470.2</ele><time>2026-05-18T10:41:59Z</time></trkpt><trkpt lat="-33.3821568" lon="-70.8463501"><ele>470.4</ele><time>2026-05-18T10:42:01Z</time></trkpt><trkpt lat="-33.3821890" lon="-70.8462693"><ele>470.6</ele><time>2026-05-18T10:42:03Z</time></trkpt><trkpt lat="-33.3822212" lon="-70.8461885"><ele>470.8</ele><time>2026-05-18T10:42:06Z</time></trkpt><trkpt lat="-33.3822534" lon="-70.8461077"><ele>470.9</ele><time>2026-05-18T10:42:08Z</time></trkpt><trkpt lat="-33.3822856" lon="-70.8460269"><ele>471.1</ele><time>2026-05-18T10:42:10Z</time></trkpt><trkpt lat="-33.3823178" lon="-70.8459461"><ele>471.3</ele><time>2026-05-18T10:42:12Z</time></trkpt><trkpt lat="-33.3823499" lon="-70.8458653"><ele>471.5</ele><time>2026-05-18T10:42:15Z</time></trkpt><trkpt lat="-33.3823821" lon="-70.8457845"><ele>471.7</ele><time>2026-05-18T10:42:17Z</time></trkpt><trkpt lat="-33.3824143" lon="-70.8457037"><ele>471.9</ele><time>2026-05-18T10:42:19Z</time></trkpt><trkpt lat="-33.3824465" lon="-70.8456229"><ele>472.1</ele><time>2026-05-18T10:42:21Z</time></trkpt><trkpt lat="-33.3824787" lon="-70.8455421"><ele>472.2</ele><time>2026-05-18T10:42:24Z</time></trkpt><trkpt lat="-33.3825109" lon="-70.8454613"><ele>472.4</ele><time>2026-05-18T10:42:26Z</time></trkpt><trkpt lat="-33.3825431" lon="-70.8453805"><ele>472.6</ele><time>2026-05-18T10:42:28Z</time></trkpt><trkpt lat="-33.3825753" lon="-70.8452997"><ele>472.8</ele><time>2026-05-18T10:42:30Z</time></trkpt><trkpt lat="-33.3826075" lon="-70.8452189"><ele>473.0</ele><time>2026-05-18T10:42:33Z</time></trkpt><trkpt lat="-33.3826277" lon="-70.8451832"><ele>473.0</ele><time>2026-05-18T10:42:35Z</time></trkpt><trkpt lat="-33.3826478" lon="-70.8451475"><ele>473.0</ele><time>2026-05-18T10:42:37Z</time></trkpt><trkpt lat="-33.3826680" lon="-70.8451118"><ele>473.0</ele><time>2026-05-18T10:42:39Z</time></trkpt><trkpt lat="-33.3826881" lon="-70.8450761"><ele>473.0</ele><time>2026-05-18T10:42:42Z</time></trkpt><trkpt lat="-33.3827083" lon="-70.8450404"><ele>473.0</ele><time>2026-05-18T10:42:44Z</time></trkpt><trkpt lat="-33.3827285" lon="-70.8450047"><ele>473.0</ele><time>2026-05-18T10:42:46Z</time></trkpt><trkpt lat="-33.3827486" lon="-70.8449690"><ele>473.0</ele><time>2026-05-18T10:42:48Z</time></trkpt><trkpt lat="-33.3827688" lon="-70.8449332"><ele>473.0</ele><time>2026-05-18T10:42:51Z</time></trkpt><trkpt lat="-33.3827890" lon="-70.8448975"><ele>473.0</ele><time>2026-05-18T10:42:53Z</time></trkpt><trkpt lat="-33.3828091" lon="-70.8448618"><ele>473.0</ele><time>2026-05-18T10:42:55Z</time></trkpt><trkpt lat="-33.3828293" lon="-70.8448261"><ele>473.0</ele><time>2026-05-18T10:42:57Z</time></trkpt><trkpt lat="-33.3828495" lon="-70.8447904"><ele>473.0</ele><time>2026-05-18T10:43:00Z</time></trkpt><trkpt lat="-33.3828696" lon="-70.8447547"><ele>473.0</ele><time>2026-05-18T10:43:02Z</time></trkpt><trkpt lat="-33.3828898" lon="-70.8447190"><ele>473.0</ele><time>2026-05-18T10:43:04Z</time></trkpt><trkpt lat="-33.3829099" lon="-70.8446833"><ele>473.0</ele><time>2026-05-18T10:43:06Z</time></trkpt><trkpt lat="-33.3829301" lon="-70.8446476"><ele>473.0</ele><time>2026-05-18T10:43:09Z</time></trkpt><trkpt lat="-33.3829713" lon="-70.8445857"><ele>473.1</ele><time>2026-05-18T10:43:11Z</time></trkpt><trkpt lat="-33.3830124" lon="-70.8445239"><ele>473.2</ele><time>2026-05-18T10:43:13Z</time></trkpt><trkpt lat="-33.3830535" lon="-70.8444620"><ele>473.4</ele><time>2026-05-18T10:43:15Z</time></trkpt><trkpt lat="-33.3830947" lon="-70.8444002"><ele>473.5</ele><time>2026-05-18T10:43:18Z</time></trkpt><trkpt lat="-33.3831359" lon="-70.8443383"><ele>473.6</ele><time>2026-05-18T10:43:20Z</time></trkpt><trkpt lat="-33.3831770" lon="-70.8442765"><ele>473.8</ele><time>2026-05-18T10:43:22Z</time></trkpt><trkpt lat="-33.3832182" lon="-70.8442146"><ele>473.9</ele><time>2026-05-18T10:43:24Z</time></trkpt><trkpt lat="-33.3832593" lon="-70.8441528"><ele>474.0</ele><time>2026-05-18T10:43:27Z</time></trkpt><trkpt lat="-33.3833005" lon="-70.8440909"><ele>474.1</ele><time>2026-05-18T10:43:29Z</time></trkpt><trkpt lat="-33.3833416" lon="-70.8440290"><ele>474.2</ele><time>2026-05-18T10:43:31Z</time></trkpt><trkpt lat="-33.3833828" lon="-70.8439672"><ele>474.4</ele><time>2026-05-18T10:43:33Z</time></trkpt><trkpt lat="-33.3834239" lon="-70.8439053"><ele>474.5</ele><time>2026-05-18T10:43:36Z</time></trkpt><trkpt lat="-33.3834651" lon="-70.8438435"><ele>474.6</ele><time>2026-05-18T10:43:38Z</time></trkpt><trkpt lat="-33.3835062" lon="-70.8437816"><ele>474.8</ele><time>2026-05-18T10:43:40Z</time></trkpt><trkpt lat="-33.3835474" lon="-70.8437198"><ele>474.9</ele><time>2026-05-18T10:43:42Z</time></trkpt><trkpt lat="-33.3835885" lon="-70.8436579"><ele>475.0</ele><time>2026-05-18T10:43:45Z</time></trkpt><trkpt lat="-33.3836087" lon="-70.8436198"><ele>475.0</ele><time>2026-05-18T10:43:47Z</time></trkpt><trkpt lat="-33.3836288" lon="-70.8435818"><ele>475.0</ele><time>2026-05-18T10:43:49Z</time></trkpt><trkpt lat="-33.3836490" lon="-70.8435437"><ele>475.0</ele><time>2026-05-18T10:43:51Z</time></trkpt><trkpt lat="-33.3836691" lon="-70.8435057"><ele>475.0</ele><time>2026-05-18T10:43:54Z</time></trkpt><trkpt lat="-33.3836893" lon="-70.8434676"><ele>475.0</ele><time>2026-05-18T10:43:56Z</time></trkpt><trkpt lat="-33.3837094" lon="-70.8434296"><ele>475.0</ele><time>2026-05-18T10:43:58Z</time></trkpt><trkpt lat="-33.3837296" lon="-70.8433915"><ele>475.0</ele><time>2026-05-18T10:44:00Z</time></trkpt><trkpt lat="-33.3837497" lon="-70.8433534"><ele>475.0</ele><time>2026-05-18T10:44:03Z</time></trkpt><trkpt lat="-33.3837699" lon="-70.8433154"><ele>475.0</ele><time>2026-05-18T10:44:05Z</time></trkpt><trkpt lat="-33.3837901" lon="-70.8432773"><ele>475.0</ele><time>2026-05-18T10:44:07Z</time></trkpt><trkpt lat="-33.3838102" lon="-70.8432393"><ele>475.0</ele><time>2026-05-18T10:44:09Z</time></trkpt><trkpt lat="-33.3838304" lon="-70.8432012"><ele>475.0</ele><time>2026-05-18T10:44:12Z</time></trkpt><trkpt lat="-33.3838505" lon="-70.8431632"><ele>475.0</ele><time>2026-05-18T10:44:14Z</time></trkpt><trkpt lat="-33.3838707" lon="-70.8431251"><ele>475.0</ele><time>2026-05-18T10:44:16Z</time></trkpt><trkpt lat="-33.3838908" lon="-70.8430871"><ele>475.0</ele><time>2026-05-18T10:44:18Z</time></trkpt><trkpt lat="-33.3839110" lon="-70.8430490"><ele>475.0</ele><time>2026-05-18T10:44:21Z</time></trkpt><trkpt lat="-33.3839298" lon="-70.8430160"><ele>475.0</ele><time>2026-05-18T10:44:23Z</time></trkpt><trkpt lat="-33.3839485" lon="-70.8429829"><ele>475.0</ele><time>2026-05-18T10:44:25Z</time></trkpt><trkpt lat="-33.3839673" lon="-70.8429499"><ele>475.0</ele><time>2026-05-18T10:44:27Z</time></trkpt><trkpt lat="-33.3839860" lon="-70.8429169"><ele>475.0</ele><time>2026-05-18T10:44:30Z</time></trkpt><trkpt lat="-33.3840048" lon="-70.8428839"><ele>475.0</ele><time>2026-05-18T10:44:32Z</time></trkpt><trkpt lat="-33.3840235" lon="-70.8428508"><ele>475.0</ele><time>2026-05-18T10:44:34Z</time></trkpt><trkpt lat="-33.3840423" lon="-70.8428178"><ele>475.0</ele><time>2026-05-18T10:44:36Z</time></trkpt><trkpt lat="-33.3840610" lon="-70.8427848"><ele>475.0</ele><time>2026-05-18T10:44:39Z</time></trkpt><trkpt lat="-33.3840798" lon="-70.8427518"><ele>475.0</ele><time>2026-05-18T10:44:41Z</time></trkpt><trkpt lat="-33.3840986" lon="-70.8427188"><ele>475.0</ele><time>2026-05-18T10:44:43Z</time></trkpt><trkpt lat="-33.3841173" lon="-70.8426857"><ele>475.0</ele><time>2026-05-18T10:44:45Z</time></trkpt><trkpt lat="-33.3841361" lon="-70.8426527"><ele>475.0</ele><time>2026-05-18T10:44:48Z</time></trkpt><trkpt lat="-33.3841548" lon="-70.8426197"><ele>475.0</ele><time>2026-05-18T10:44:50Z</time></trkpt><trkpt lat="-33.3841736" lon="-70.8425867"><ele>475.0</ele><time>2026-05-18T10:44:52Z</time></trkpt><trkpt lat="-33.3841923" lon="-70.8425536"><ele>475.0</ele><time>2026-05-18T10:44:54Z</time></trkpt><trkpt lat="-33.3842111" lon="-70.8425206"><ele>475.0</ele><time>2026-05-18T10:44:57Z</time></trkpt><trkpt lat="-33.3842272" lon="-70.8425084"><ele>475.0</ele><time>2026-05-18T10:44:59Z</time></trkpt><trkpt lat="-33.3842433" lon="-70.8424961"><ele>475.0</ele><time>2026-05-18T10:45:01Z</time></trkpt><trkpt lat="-33.3842594" lon="-70.8424839"><ele>475.0</ele><time>2026-05-18T10:45:03Z</time></trkpt><trkpt lat="-33.3842755" lon="-70.8424716"><ele>475.0</ele><time>2026-05-18T10:45:06Z</time></trkpt><trkpt lat="-33.3842916" lon="-70.8424594"><ele>475.0</ele><time>2026-05-18T10:45:08Z</time></trkpt><trkpt lat="-33.3843077" lon="-70.8424472"><ele>475.0</ele><time>2026-05-18T10:45:10Z</time></trkpt><trkpt lat="-33.3843238" lon="-70.8424349"><ele>475.0</ele><time>2026-05-18T10:45:12Z</time></trkpt><trkpt lat="-33.3843399" lon="-70.8424227"><ele>475.0</ele><time>2026-05-18T10:45:15Z</time></trkpt><trkpt lat="-33.3843560" lon="-70.8424105"><ele>475.0</ele><time>2026-05-18T10:45:17Z</time></trkpt><trkpt lat="-33.3843721" lon="-70.8423982"><ele>475.0</ele><time>2026-05-18T10:45:19Z</time></trkpt><trkpt lat="-33.3843882" lon="-70.8423860"><ele>475.0</ele><time>2026-05-18T10:45:21Z</time></trkpt><trkpt lat="-33.3844043" lon="-70.8423738"><ele>475.0</ele><time>2026-05-18T10:45:24Z</time></trkpt><trkpt lat="-33.3844204" lon="-70.8423615"><ele>475.0</ele><time>2026-05-18T10:45:26Z</time></trkpt><trkpt lat="-33.3844365" lon="-70.8423493"><ele>475.0</ele><time>2026-05-18T10:45:28Z</time></trkpt><trkpt lat="-33.3844526" lon="-70.8423370"><ele>475.0</ele><time>2026-05-18T10:45:30Z</time></trkpt><trkpt lat="-33.3844687" lon="-70.8423248"><ele>475.0</ele><time>2026-05-18T10:45:33Z</time></trkpt><trkpt lat="-33.3844777" lon="-70.8423233"><ele>475.0</ele><time>2026-05-18T10:45:35Z</time></trkpt><trkpt lat="-33.3844866" lon="-70.8423218"><ele>475.0</ele><time>2026-05-18T10:45:37Z</time></trkpt><trkpt lat="-33.3844956" lon="-70.8423203"><ele>475.0</ele><time>2026-05-18T10:45:39Z</time></trkpt><trkpt lat="-33.3845045" lon="-70.8423188"><ele>475.0</ele><time>2026-05-18T10:45:42Z</time></trkpt><trkpt lat="-33.3845135" lon="-70.8423173"><ele>475.0</ele><time>2026-05-18T10:45:44Z</time></trkpt><trkpt lat="-33.3845224" lon="-70.8423158"><ele>475.0</ele><time>2026-05-18T10:45:46Z</time></trkpt><trkpt lat="-33.3845314" lon="-70.8423143"><ele>475.0</ele><time>2026-05-18T10:45:48Z</time></trkpt><trkpt lat="-33.3845403" lon="-70.8423127"><ele>475.0</ele><time>2026-05-18T10:45:51Z</time></trkpt><trkpt lat="-33.3845493" lon="-70.8423112"><ele>475.0</ele><time>2026-05-18T10:45:53Z</time></trkpt><trkpt lat="-33.3845583" lon="-70.8423097"><ele>475.0</ele><time>2026-05-18T10:45:55Z</time></trkpt><trkpt lat="-33.3845672" lon="-70.8423082"><ele>475.0</ele><time>2026-05-18T10:45:57Z</time></trkpt><trkpt lat="-33.3845762" lon="-70.8423067"><ele>475.0</ele><time>2026-05-18T10:46:00Z</time></trkpt><trkpt lat="-33.3845851" lon="-70.8423052"><ele>475.0</ele><time>2026-05-18T10:46:02Z</time></trkpt><trkpt lat="-33.3845941" lon="-70.8423037"><ele>475.0</ele><time>2026-05-18T10:46:04Z</time></trkpt><trkpt lat="-33.3846030" lon="-70.8423022"><ele>475.0</ele><time>2026-05-18T10:46:06Z</time></trkpt><trkpt lat="-33.3846120" lon="-70.8423007"><ele>475.0</ele><time>2026-05-18T10:46:09Z</time></trkpt><trkpt lat="-33.3846341" lon="-70.8423019"><ele>475.0</ele><time>2026-05-18T10:46:11Z</time></trkpt><trkpt lat="-33.3846562" lon="-70.8423030"><ele>475.0</ele><time>2026-05-18T10:46:13Z</time></trkpt><trkpt lat="-33.3846784" lon="-70.8423042"><ele>475.0</ele><time>2026-05-18T10:46:15Z</time></trkpt><trkpt lat="-33.3847005" lon="-70.8423054"><ele>475.0</ele><time>2026-05-18T10:46:18Z</time></trkpt><trkpt lat="-33.3847226" lon="-70.8423065"><ele>475.0</ele><time>2026-05-18T10:46:20Z</time></trkpt><trkpt lat="-33.3847447" lon="-70.8423077"><ele>475.0</ele><time>2026-05-18T10:46:22Z</time></trkpt><trkpt lat="-33.3847668" lon="-70.8423089"><ele>475.0</ele><time>2026-05-18T10:46:24Z</time></trkpt><trkpt lat="-33.3847890" lon="-70.8423100"><ele>475.0</ele><time>2026-05-18T10:46:27Z</time></trkpt><trkpt lat="-33.3848111" lon="-70.8423112"><ele>475.0</ele><time>2026-05-18T10:46:29Z</time></trkpt><trkpt lat="-33.3848332" lon="-70.8423124"><ele>475.0</ele><time>2026-05-18T10:46:31Z</time></trkpt><trkpt lat="-33.3848553" lon="-70.8423136"><ele>475.0</ele><time>2026-05-18T10:46:33Z</time></trkpt><trkpt lat="-33.3848774" lon="-70.8423147"><ele>475.0</ele><time>2026-05-18T10:46:36Z</time></trkpt><trkpt lat="-33.3848995" lon="-70.8423159"><ele>475.0</ele><time>2026-05-18T10:46:38Z</time></trkpt><trkpt lat="-33.3849217" lon="-70.8423171"><ele>475.0</ele><time>2026-05-18T10:46:40Z</time></trkpt><trkpt lat="-33.3849438" lon="-70.8423182"><ele>475.0</ele><time>2026-05-18T10:46:43Z</time></trkpt><trkpt lat="-33.3849659" lon="-70.8423194"><ele>475.0</ele><time>2026-05-18T10:46:45Z</time></trkpt><trkpt lat="-33.3849830" lon="-70.8423333"><ele>475.0</ele><time>2026-05-18T10:46:47Z</time></trkpt><trkpt lat="-33.3850000" lon="-70.8423472"><ele>475.0</ele><time>2026-05-18T10:46:49Z</time></trkpt><trkpt lat="-33.3850171" lon="-70.8423612"><ele>475.0</ele><time>2026-05-18T10:46:52Z</time></trkpt><trkpt lat="-33.3850342" lon="-70.8423751"><ele>475.0</ele><time>2026-05-18T10:46:54Z</time></trkpt><trkpt lat="-33.3850513" lon="-70.8423890"><ele>475.0</ele><time>2026-05-18T10:46:56Z</time></trkpt><trkpt lat="-33.3850683" lon="-70.8424029"><ele>475.0</ele><time>2026-05-18T10:46:58Z</time></trkpt><trkpt lat="-33.3850854" lon="-70.8424168"><ele>475.0</ele><time>2026-05-18T10:47:01Z</time></trkpt><trkpt lat="-33.3851025" lon="-70.8424308"><ele>475.0</ele><time>2026-05-18T10:47:03Z</time></trkpt><trkpt lat="-33.3851196" lon="-70.8424447"><ele>475.0</ele><time>2026-05-18T10:47:05Z</time></trkpt><trkpt lat="-33.3851366" lon="-70.8424586"><ele>475.0</ele><time>2026-05-18T10:47:07Z</time></trkpt><trkpt lat="-33.3851537" lon="-70.8424725"><ele>475.0</ele><time>2026-05-18T10:47:10Z</time></trkpt><trkpt lat="-33.3851708" lon="-70.8424864"><ele>475.0</ele><time>2026-05-18T10:47:12Z</time></trkpt><trkpt lat="-33.3851879" lon="-70.8425003"><ele>475.0</ele><time>2026-05-18T10:47:14Z</time></trkpt><trkpt lat="-33.3852050" lon="-70.8425143"><ele>475.0</ele><time>2026-05-18T10:47:16Z</time></trkpt><trkpt lat="-33.3852220" lon="-70.8425282"><ele>475.0</ele><time>2026-05-18T10:47:19Z</time></trkpt><trkpt lat="-33.3852391" lon="-70.8425421"><ele>475.0</ele><time>2026-05-18T10:47:21Z</time></trkpt><trkpt lat="-33.3852986" lon="-70.8426154"><ele>474.8</ele><time>2026-05-18T10:47:23Z</time></trkpt><trkpt lat="-33.3853581" lon="-70.8426886"><ele>474.5</ele><time>2026-05-18T10:47:25Z</time></trkpt><trkpt lat="-33.3854176" lon="-70.8427619"><ele>474.2</ele><time>2026-05-18T10:47:28Z</time></trkpt><trkpt lat="-33.3854771" lon="-70.8428351"><ele>474.0</ele><time>2026-05-18T10:47:30Z</time></trkpt><trkpt lat="-33.3855366" lon="-70.8429084"><ele>473.8</ele><time>2026-05-18T10:47:32Z</time></trkpt><trkpt lat="-33.3855961" lon="-70.8429816"><ele>473.5</ele><time>2026-05-18T10:47:34Z</time></trkpt><trkpt lat="-33.3856556" lon="-70.8430549"><ele>473.2</ele><time>2026-05-18T10:47:37Z</time></trkpt><trkpt lat="-33.3857151" lon="-70.8431281"><ele>473.0</ele><time>2026-05-18T10:47:39Z</time></trkpt><trkpt lat="-33.3857745" lon="-70.8432014"><ele>472.8</ele><time>2026-05-18T10:47:41Z</time></trkpt><trkpt lat="-33.3858340" lon="-70.8432747"><ele>472.5</ele><time>2026-05-18T10:47:43Z</time></trkpt><trkpt lat="-33.3858935" lon="-70.8433479"><ele>472.2</ele><time>2026-05-18T10:47:46Z</time></trkpt><trkpt lat="-33.3859530" lon="-70.8434212"><ele>472.0</ele><time>2026-05-18T10:47:48Z</time></trkpt><trkpt lat="-33.3860125" lon="-70.8434944"><ele>471.8</ele><time>2026-05-18T10:47:50Z</time></trkpt><trkpt lat="-33.3860720" lon="-70.8435677"><ele>471.5</ele><time>2026-05-18T10:47:52Z</time></trkpt><trkpt lat="-33.3861315" lon="-70.8436409"><ele>471.2</ele><time>2026-05-18T10:47:55Z</time></trkpt><trkpt lat="-33.3861910" lon="-70.8437142"><ele>471.0</ele><time>2026-05-18T10:47:57Z</time></trkpt><trkpt lat="-33.3864889" lon="-70.8439802"><ele>471.1</ele><time>2026-05-18T10:47:59Z</time></trkpt><trkpt lat="-33.3867867" lon="-70.8442463"><ele>471.1</ele><time>2026-05-18T10:48:01Z</time></trkpt><trkpt lat="-33.3870846" lon="-70.8445123"><ele>471.2</ele><time>2026-05-18T10:48:04Z</time></trkpt><trkpt lat="-33.3873824" lon="-70.8447783"><ele>471.2</ele><time>2026-05-18T10:48:06Z</time></trkpt><trkpt lat="-33.3876803" lon="-70.8450444"><ele>471.3</ele><time>2026-05-18T10:48:08Z</time></trkpt><trkpt lat="-33.3879781" lon="-70.8453104"><ele>471.4</ele><time>2026-05-18T10:48:10Z</time></trkpt><trkpt lat="-33.3882760" lon="-70.8455765"><ele>471.4</ele><time>2026-05-18T10:48:13Z</time></trkpt><trkpt lat="-33.3885739" lon="-70.8458425"><ele>471.5</ele><time>2026-05-18T10:48:15Z</time></trkpt><trkpt lat="-33.3888717" lon="-70.8461085"><ele>471.6</ele><time>2026-05-18T10:48:17Z</time></trkpt><trkpt lat="-33.3891696" lon="-70.8463746"><ele>471.6</ele><time>2026-05-18T10:48:19Z</time></trkpt><trkpt lat="-33.3894674" lon="-70.8466406"><ele>471.7</ele><time>2026-05-18T10:48:22Z</time></trkpt><trkpt lat="-33.3897653" lon="-70.8469066"><ele>471.8</ele><time>2026-05-18T10:48:24Z</time></trkpt><trkpt lat="-33.3900631" lon="-70.8471727"><ele>471.8</ele><time>2026-05-18T10:48:26Z</time></trkpt><trkpt lat="-33.3903610" lon="-70.8474387"><ele>471.9</ele><time>2026-05-18T10:48:28Z</time></trkpt><trkpt lat="-33.3906588" lon="-70.8477048"><ele>471.9</ele><time>2026-05-18T10:48:31Z</time></trkpt><trkpt lat="-33.3909567" lon="-70.8479708"><ele>472.0</ele><time>2026-05-18T10:48:33Z</time></trkpt><trkpt lat="-33.3913664" lon="-70.8482461"><ele>472.0</ele><time>2026-05-18T10:48:35Z</time></trkpt><trkpt lat="-33.3917760" lon="-70.8485213"><ele>472.0</ele><time>2026-05-18T10:48:37Z</time></trkpt><trkpt lat="-33.3921857" lon="-70.8487966"><ele>472.0</ele><time>2026-05-18T10:48:40Z</time></trkpt><trkpt lat="-33.3925954" lon="-70.8490719"><ele>472.0</ele><time>2026-05-18T10:48:42Z</time></trkpt><trkpt lat="-33.3930050" lon="-70.8493471"><ele>472.0</ele><time>2026-05-18T10:48:44Z</time></trkpt><trkpt lat="-33.3934147" lon="-70.8496224"><ele>472.0</ele><time>2026-05-18T10:48:46Z</time></trkpt><trkpt lat="-33.3938244" lon="-70.8498976"><ele>472.0</ele><time>2026-05-18T10:48:49Z</time></trkpt><trkpt lat="-33.3942340" lon="-70.8501729"><ele>472.0</ele><time>2026-05-18T10:48:51Z</time></trkpt><trkpt lat="-33.3946437" lon="-70.8504482"><ele>472.0</ele><time>2026-05-18T10:48:53Z</time></trkpt><trkpt lat="-33.3950534" lon="-70.8507234"><ele>472.0</ele><time>2026-05-18T10:48:55Z</time></trkpt><trkpt lat="-33.3954631" lon="-70.8509987"><ele>472.0</ele><time>2026-05-18T10:48:58Z</time></trkpt><trkpt lat="-33.3958727" lon="-70.8512739"><ele>472.0</ele><time>2026-05-18T10:49:00Z</time></trkpt><trkpt lat="-33.3962824" lon="-70.8515492"><ele>472.0</ele><time>2026-05-18T10:49:02Z</time></trkpt><trkpt lat="-33.3966921" lon="-70.8518245"><ele>472.0</ele><time>2026-05-18T10:49:04Z</time></trkpt><trkpt lat="-33.3971017" lon="-70.8520997"><ele>472.0</ele><time>2026-05-18T10:49:07Z</time></trkpt><trkpt lat="-33.3975114" lon="-70.8523750"><ele>472.0</ele><time>2026-05-18T10:49:09Z</time></trkpt><trkpt lat="-33.3975560" lon="-70.8523886"><ele>472.0</ele><time>2026-05-18T10:49:11Z</time></trkpt><trkpt lat="-33.3976007" lon="-70.8524022"><ele>472.0</ele><time>2026-05-18T10:49:13Z</time></trkpt><trkpt lat="-33.3976453" lon="-70.8524157"><ele>472.0</ele><time>2026-05-18T10:49:16Z</time></trkpt><trkpt lat="-33.3976900" lon="-70.8524293"><ele>472.0</ele><time>2026-05-18T10:49:18Z</time></trkpt><trkpt lat="-33.3977346" lon="-70.8524429"><ele>472.0</ele><time>2026-05-18T10:49:20Z</time></trkpt><trkpt lat="-33.3977793" lon="-70.8524565"><ele>472.0</ele><time>2026-05-18T10:49:22Z</time></trkpt><trkpt lat="-33.3978239" lon="-70.8524701"><ele>472.0</ele><time>2026-05-18T10:49:25Z</time></trkpt><trkpt lat="-33.3978685" lon="-70.8524836"><ele>472.0</ele><time>2026-05-18T10:49:27Z</time></trkpt><trkpt lat="-33.3979132" lon="-70.8524972"><ele>472.0</ele><time>2026-05-18T10:49:29Z</time></trkpt><trkpt lat="-33.3979578" lon="-70.8525108"><ele>472.0</ele><time>2026-05-18T10:49:31Z</time></trkpt><trkpt lat="-33.3980025" lon="-70.8525244"><ele>472.0</ele><time>2026-05-18T10:49:34Z</time></trkpt><trkpt lat="-33.3980471" lon="-70.8525380"><ele>472.0</ele><time>2026-05-18T10:49:36Z</time></trkpt><trkpt lat="-33.3980918" lon="-70.8525516"><ele>472.0</ele><time>2026-05-18T10:49:38Z</time></trkpt><trkpt lat="-33.3981364" lon="-70.8525651"><ele>472.0</ele><time>2026-05-18T10:49:40Z</time></trkpt><trkpt lat="-33.3981811" lon="-70.8525787"><ele>472.0</ele><time>2026-05-18T10:49:43Z</time></trkpt><trkpt lat="-33.3982257" lon="-70.8525923"><ele>472.0</ele><time>2026-05-18T10:49:45Z</time></trkpt><trkpt lat="-33.3982452" lon="-70.8525963"><ele>472.0</ele><time>2026-05-18T10:49:47Z</time></trkpt><trkpt lat="-33.3982646" lon="-70.8526004"><ele>472.0</ele><time>2026-05-18T10:49:49Z</time></trkpt><trkpt lat="-33.3982841" lon="-70.8526044"><ele>472.0</ele><time>2026-05-18T10:49:52Z</time></trkpt><trkpt lat="-33.3983035" lon="-70.8526084"><ele>472.0</ele><time>2026-05-18T10:49:54Z</time></trkpt><trkpt lat="-33.3983230" lon="-70.8526124"><ele>472.0</ele><time>2026-05-18T10:49:56Z</time></trkpt><trkpt lat="-33.3983424" lon="-70.8526164"><ele>472.0</ele><time>2026-05-18T10:49:58Z</time></trkpt><trkpt lat="-33.3983619" lon="-70.8526205"><ele>472.0</ele><time>2026-05-18T10:50:01Z</time></trkpt><trkpt lat="-33.3983813" lon="-70.8526245"><ele>472.0</ele><time>2026-05-18T10:50:03Z</time></trkpt><trkpt lat="-33.3984008" lon="-70.8526285"><ele>472.0</ele><time>2026-05-18T10:50:05Z</time></trkpt><trkpt lat="-33.3984203" lon="-70.8526325"><ele>472.0</ele><time>2026-05-18T10:50:07Z</time></trkpt><trkpt lat="-33.3984397" lon="-70.8526366"><ele>472.0</ele><time>2026-05-18T10:50:10Z</time></trkpt><trkpt lat="-33.3984592" lon="-70.8526406"><ele>472.0</ele><time>2026-05-18T10:50:12Z</time></trkpt><trkpt lat="-33.3984786" lon="-70.8526446"><ele>472.0</ele><time>2026-05-18T10:50:14Z</time></trkpt><trkpt lat="-33.3984981" lon="-70.8526486"><ele>472.0</ele><time>2026-05-18T10:50:16Z</time></trkpt><trkpt lat="-33.3985175" lon="-70.8526527"><ele>472.0</ele><time>2026-05-18T10:50:19Z</time></trkpt><trkpt lat="-33.3985370" lon="-70.8526567"><ele>472.0</ele><time>2026-05-18T10:50:21Z</time></trkpt><trkpt lat="-33.3985797" lon="-70.8526560"><ele>472.0</ele><time>2026-05-18T10:50:23Z</time></trkpt><trkpt lat="-33.3986224" lon="-70.8526553"><ele>472.0</ele><time>2026-05-18T10:50:25Z</time></trkpt><trkpt lat="-33.3986650" lon="-70.8526547"><ele>472.0</ele><time>2026-05-18T10:50:28Z</time></trkpt><trkpt lat="-33.3987077" lon="-70.8526540"><ele>472.0</ele><time>2026-05-18T10:50:30Z</time></trkpt><trkpt lat="-33.3987504" lon="-70.8526533"><ele>472.0</ele><time>2026-05-18T10:50:32Z</time></trkpt><trkpt lat="-33.3987931" lon="-70.8526526"><ele>472.0</ele><time>2026-05-18T10:50:34Z</time></trkpt><trkpt lat="-33.3988358" lon="-70.8526520"><ele>472.0</ele><time>2026-05-18T10:50:37Z</time></trkpt><trkpt lat="-33.3988784" lon="-70.8526513"><ele>472.0</ele><time>2026-05-18T10:50:39Z</time></trkpt><trkpt lat="-33.3989211" lon="-70.8526506"><ele>472.0</ele><time>2026-05-18T10:50:41Z</time></trkpt><trkpt lat="-33.3989638" lon="-70.8526499"><ele>472.0</ele><time>2026-05-18T10:50:43Z</time></trkpt><trkpt lat="-33.3990065" lon="-70.8526493"><ele>472.0</ele><time>2026-05-18T10:50:46Z</time></trkpt><trkpt lat="-33.3990492" lon="-70.8526486"><ele>472.0</ele><time>2026-05-18T10:50:48Z</time></trkpt><trkpt lat="-33.3990919" lon="-70.8526479"><ele>472.0</ele><time>2026-05-18T10:50:50Z</time></trkpt><trkpt lat="-33.3991345" lon="-70.8526473"><ele>472.0</ele><time>2026-05-18T10:50:52Z</time></trkpt><trkpt lat="-33.3991772" lon="-70.8526466"><ele>472.0</ele><time>2026-05-18T10:50:55Z</time></trkpt><trkpt lat="-33.3992199" lon="-70.8526459"><ele>472.0</ele><time>2026-05-18T10:50:57Z</time></trkpt><trkpt lat="-33.3992500" lon="-70.8526399"><ele>472.0</ele><time>2026-05-18T10:50:59Z</time></trkpt><trkpt lat="-33.3992801" lon="-70.8526338"><ele>472.0</ele><time>2026-05-18T10:51:01Z</time></trkpt><trkpt lat="-33.3993102" lon="-70.8526278"><ele>472.0</ele><time>2026-05-18T10:51:04Z</time></trkpt><trkpt lat="-33.3993403" lon="-70.8526218"><ele>472.0</ele><time>2026-05-18T10:51:06Z</time></trkpt><trkpt lat="-33.3993704" lon="-70.8526157"><ele>472.0</ele><time>2026-05-18T10:51:08Z</time></trkpt><trkpt lat="-33.3994005" lon="-70.8526097"><ele>472.0</ele><time>2026-05-18T10:51:10Z</time></trkpt><trkpt lat="-33.3994306" lon="-70.8526037"><ele>472.0</ele><time>2026-05-18T10:51:13Z</time></trkpt><trkpt lat="-33.3994606" lon="-70.8525977"><ele>472.0</ele><time>2026-05-18T10:51:15Z</time></trkpt><trkpt lat="-33.3994907" lon="-70.8525916"><ele>472.0</ele><time>2026-05-18T10:51:17Z</time></trkpt><trkpt lat="-33.3995208" lon="-70.8525856"><ele>472.0</ele><time>2026-05-18T10:51:19Z</time></trkpt><trkpt lat="-33.3995509" lon="-70.8525796"><ele>472.0</ele><time>2026-05-18T10:51:22Z</time></trkpt><trkpt lat="-33.3995810" lon="-70.8525735"><ele>472.0</ele><time>2026-05-18T10:51:24Z</time></trkpt><trkpt lat="-33.3996111" lon="-70.8525675"><ele>472.0</ele><time>2026-05-18T10:51:26Z</time></trkpt><trkpt lat="-33.3996412" lon="-70.8525615"><ele>472.0</ele><time>2026-05-18T10:51:28Z</time></trkpt><trkpt lat="-33.3996713" lon="-70.8525554"><ele>472.0</ele><time>2026-05-18T10:51:31Z</time></trkpt><trkpt lat="-33.3997014" lon="-70.8525494"><ele>472.0</ele><time>2026-05-18T10:51:33Z</time></trkpt><trkpt lat="-33.3997473" lon="-70.8525385"><ele>472.0</ele><time>2026-05-18T10:51:35Z</time></trkpt><trkpt lat="-33.3997932" lon="-70.8525276"><ele>472.0</ele><time>2026-05-18T10:51:37Z</time></trkpt><trkpt lat="-33.3998391" lon="-70.8525167"><ele>472.0</ele><time>2026-05-18T10:51:40Z</time></trkpt><trkpt lat="-33.3998850" lon="-70.8525058"><ele>472.0</ele><time>2026-05-18T10:51:42Z</time></trkpt><trkpt lat="-33.3999309" lon="-70.8524949"><ele>472.0</ele><time>2026-05-18T10:51:44Z</time></trkpt><trkpt lat="-33.3999768" lon="-70.8524840"><ele>472.0</ele><time>2026-05-18T10:51:46Z</time></trkpt><trkpt lat="-33.4000227" lon="-70.8524731"><ele>472.0</ele><time>2026-05-18T10:51:49Z</time></trkpt><trkpt lat="-33.4000686" lon="-70.8524622"><ele>472.0</ele><time>2026-05-18T10:51:51Z</time></trkpt><trkpt lat="-33.4001145" lon="-70.8524513"><ele>472.0</ele><time>2026-05-18T10:51:53Z</time></trkpt><trkpt lat="-33.4001604" lon="-70.8524404"><ele>472.0</ele><time>2026-05-18T10:51:55Z</time></trkpt><trkpt lat="-33.4002063" lon="-70.8524295"><ele>472.0</ele><time>2026-05-18T10:51:58Z</time></trkpt><trkpt lat="-33.4002522" lon="-70.8524186"><ele>472.0</ele><time>2026-05-18T10:52:00Z</time></trkpt><trkpt lat="-33.4002981" lon="-70.8524077"><ele>472.0</ele><time>2026-05-18T10:52:02Z</time></trkpt><trkpt lat="-33.4003440" lon="-70.8523968"><ele>472.0</ele><time>2026-05-18T10:52:04Z</time></trkpt><trkpt lat="-33.4003899" lon="-70.8523859"><ele>472.0</ele><time>2026-05-18T10:52:07Z</time></trkpt><trkpt lat="-33.4004358" lon="-70.8523750"><ele>472.0</ele><time>2026-05-18T10:52:09Z</time></trkpt><trkpt lat="-33.4004691" lon="-70.8523691"><ele>472.0</ele><time>2026-05-18T10:52:11Z</time></trkpt><trkpt lat="-33.4005024" lon="-70.8523633"><ele>472.0</ele><time>2026-05-18T10:52:13Z</time></trkpt><trkpt lat="-33.4005357" lon="-70.8523574"><ele>472.0</ele><time>2026-05-18T10:52:16Z</time></trkpt><trkpt lat="-33.4005691" lon="-70.8523515"><ele>472.0</ele><time>2026-05-18T10:52:18Z</time></trkpt><trkpt lat="-33.4006024" lon="-70.8523457"><ele>472.0</ele><time>2026-05-18T10:52:20Z</time></trkpt><trkpt lat="-33.4006357" lon="-70.8523398"><ele>472.0</ele><time>2026-05-18T10:52:22Z</time></trkpt><trkpt lat="-33.4006690" lon="-70.8523340"><ele>472.0</ele><time>2026-05-18T10:52:25Z</time></trkpt><trkpt lat="-33.4007023" lon="-70.8523281"><ele>472.0</ele><time>2026-05-18T10:52:27Z</time></trkpt><trkpt lat="-33.4007356" lon="-70.8523222"><ele>472.0</ele><time>2026-05-18T10:52:29Z</time></trkpt><trkpt lat="-33.4007689" lon="-70.8523164"><ele>472.0</ele><time>2026-05-18T10:52:31Z</time></trkpt><trkpt lat="-33.4008022" lon="-70.8523105"><ele>472.0</ele><time>2026-05-18T10:52:34Z</time></trkpt><trkpt lat="-33.4008355" lon="-70.8523046"><ele>472.0</ele><time>2026-05-18T10:52:36Z</time></trkpt><trkpt lat="-33.4008689" lon="-70.8522988"><ele>472.0</ele><time>2026-05-18T10:52:38Z</time></trkpt><trkpt lat="-33.4009022" lon="-70.8522929"><ele>472.0</ele><time>2026-05-18T10:52:40Z</time></trkpt><trkpt lat="-33.4009355" lon="-70.8522871"><ele>472.0</ele><time>2026-05-18T10:52:43Z</time></trkpt><trkpt lat="-33.4009688" lon="-70.8522812"><ele>472.0</ele><time>2026-05-18T10:52:45Z</time></trkpt><trkpt lat="-33.4010890" lon="-70.8522757"><ele>472.1</ele><time>2026-05-18T10:52:47Z</time></trkpt><trkpt lat="-33.4012092" lon="-70.8522701"><ele>472.2</ele><time>2026-05-18T10:52:49Z</time></trkpt><trkpt lat="-33.4013294" lon="-70.8522646"><ele>472.4</ele><time>2026-05-18T10:52:52Z</time></trkpt><trkpt lat="-33.4014497" lon="-70.8522590"><ele>472.5</ele><time>2026-05-18T10:52:54Z</time></trkpt><trkpt lat="-33.4015699" lon="-70.8522535"><ele>472.6</ele><time>2026-05-18T10:52:56Z</time></trkpt><trkpt lat="-33.4016901" lon="-70.8522480"><ele>472.8</ele><time>2026-05-18T10:52:58Z</time></trkpt><trkpt lat="-33.4018103" lon="-70.8522424"><ele>472.9</ele><time>2026-05-18T10:53:01Z</time></trkpt><trkpt lat="-33.4019305" lon="-70.8522369"><ele>473.0</ele><time>2026-05-18T10:53:03Z</time></trkpt><trkpt lat="-33.4020507" lon="-70.8522314"><ele>473.1</ele><time>2026-05-18T10:53:05Z</time></trkpt><trkpt lat="-33.4021709" lon="-70.8522258"><ele>473.2</ele><time>2026-05-18T10:53:07Z</time></trkpt><trkpt lat="-33.4022911" lon="-70.8522203"><ele>473.4</ele><time>2026-05-18T10:53:10Z</time></trkpt><trkpt lat="-33.4024113" lon="-70.8522148"><ele>473.5</ele><time>2026-05-18T10:53:12Z</time></trkpt><trkpt lat="-33.4025316" lon="-70.8522092"><ele>473.6</ele><time>2026-05-18T10:53:14Z</time></trkpt><trkpt lat="-33.4026518" lon="-70.8522037"><ele>473.8</ele><time>2026-05-18T10:53:16Z</time></trkpt><trkpt lat="-33.4027720" lon="-70.8521981"><ele>473.9</ele><time>2026-05-18T10:53:19Z</time></trkpt><trkpt lat="-33.4028922" lon="-70.8521926"><ele>474.0</ele><time>2026-05-18T10:53:21Z</time></trkpt><trkpt lat="-33.4030335" lon="-70.8522082"><ele>473.9</ele><time>2026-05-18T10:53:23Z</time></trkpt><trkpt lat="-33.4031749" lon="-70.8522238"><ele>473.9</ele><time>2026-05-18T10:53:26Z</time></trkpt><trkpt lat="-33.4033162" lon="-70.8522394"><ele>473.8</ele><time>2026-05-18T10:53:28Z</time></trkpt><trkpt lat="-33.4034576" lon="-70.8522550"><ele>473.8</ele><time>2026-05-18T10:53:30Z</time></trkpt><trkpt lat="-33.4035989" lon="-70.8522706"><ele>473.7</ele><time>2026-05-18T10:53:32Z</time></trkpt><trkpt lat="-33.4037403" lon="-70.8522862"><ele>473.6</ele><time>2026-05-18T10:53:35Z</time></trkpt><trkpt lat="-33.4038816" lon="-70.8523018"><ele>473.6</ele><time>2026-05-18T10:53:37Z</time></trkpt><trkpt lat="-33.4040230" lon="-70.8523173"><ele>473.5</ele><time>2026-05-18T10:53:39Z</time></trkpt><trkpt lat="-33.4041644" lon="-70.8523329"><ele>473.4</ele><time>2026-05-18T10:53:41Z</time></trkpt><trkpt lat="-33.4043057" lon="-70.8523485"><ele>473.4</ele><time>2026-05-18T10:53:44Z</time></trkpt><trkpt lat="-33.4044471" lon="-70.8523641"><ele>473.3</ele><time>2026-05-18T10:53:46Z</time></trkpt><trkpt lat="-33.4045884" lon="-70.8523797"><ele>473.2</ele><time>2026-05-18T10:53:48Z</time></trkpt><trkpt lat="-33.4047298" lon="-70.8523953"><ele>473.2</ele><time>2026-05-18T10:53:50Z</time></trkpt><trkpt lat="-33.4048711" lon="-70.8524109"><ele>473.1</ele><time>2026-05-18T10:53:53Z</time></trkpt><trkpt lat="-33.4050125" lon="-70.8524265"><ele>473.1</ele><time>2026-05-18T10:53:55Z</time></trkpt><trkpt lat="-33.4051538" lon="-70.8524421"><ele>473.0</ele><time>2026-05-18T10:53:57Z</time></trkpt><trkpt lat="-33.4051802" lon="-70.8524393"><ele>473.0</ele><time>2026-05-18T10:53:59Z</time></trkpt><trkpt lat="-33.4052067" lon="-70.8524364"><ele>473.0</ele><time>2026-05-18T10:54:02Z</time></trkpt><trkpt lat="-33.4052331" lon="-70.8524336"><ele>473.0</ele><time>2026-05-18T10:54:04Z</time></trkpt><trkpt lat="-33.4052596" lon="-70.8524307"><ele>473.0</ele><time>2026-05-18T10:54:06Z</time></trkpt><trkpt lat="-33.4052860" lon="-70.8524278"><ele>473.0</ele><time>2026-05-18T10:54:08Z</time></trkpt><trkpt lat="-33.4053125" lon="-70.8524250"><ele>473.0</ele><time>2026-05-18T10:54:11Z</time></trkpt><trkpt lat="-33.4053389" lon="-70.8524221"><ele>473.0</ele><time>2026-05-18T10:54:13Z</time></trkpt><trkpt lat="-33.4053653" lon="-70.8524193"><ele>473.0</ele><time>2026-05-18T10:54:15Z</time></trkpt><trkpt lat="-33.4053918" lon="-70.8524165"><ele>473.0</ele><time>2026-05-18T10:54:17Z</time></trkpt><trkpt lat="-33.4054182" lon="-70.8524136"><ele>473.0</ele><time>2026-05-18T10:54:20Z</time></trkpt><trkpt lat="-33.4054447" lon="-70.8524108"><ele>473.0</ele><time>2026-05-18T10:54:22Z</time></trkpt><trkpt lat="-33.4054711" lon="-70.8524079"><ele>473.0</ele><time>2026-05-18T10:54:24Z</time></trkpt><trkpt lat="-33.4054976" lon="-70.8524051"><ele>473.0</ele><time>2026-05-18T10:54:26Z</time></trkpt><trkpt lat="-33.4055240" lon="-70.8524022"><ele>473.0</ele><time>2026-05-18T10:54:29Z</time></trkpt><trkpt lat="-33.4055505" lon="-70.8523993"><ele>473.0</ele><time>2026-05-18T10:54:31Z</time></trkpt><trkpt lat="-33.4055769" lon="-70.8523965"><ele>473.0</ele><time>2026-05-18T10:54:33Z</time></trkpt><trkpt lat="-33.4056099" lon="-70.8523883"><ele>473.0</ele><time>2026-05-18T10:54:35Z</time></trkpt><trkpt lat="-33.4056430" lon="-70.8523801"><ele>473.0</ele><time>2026-05-18T10:54:38Z</time></trkpt><trkpt lat="-33.4056760" lon="-70.8523719"><ele>473.0</ele><time>2026-05-18T10:54:40Z</time></trkpt><trkpt lat="-33.4057090" lon="-70.8523637"><ele>473.0</ele><time>2026-05-18T10:54:42Z</time></trkpt><trkpt lat="-33.4057421" lon="-70.8523554"><ele>473.0</ele><time>2026-05-18T10:54:44Z</time></trkpt><trkpt lat="-33.4057751" lon="-70.8523472"><ele>473.0</ele><time>2026-05-18T10:54:47Z</time></trkpt><trkpt lat="-33.4058081" lon="-70.8523390"><ele>473.0</ele><time>2026-05-18T10:54:49Z</time></trkpt><trkpt lat="-33.4058412" lon="-70.8523308"><ele>473.0</ele><time>2026-05-18T10:54:51Z</time></trkpt><trkpt lat="-33.4058742" lon="-70.8523226"><ele>473.0</ele><time>2026-05-18T10:54:53Z</time></trkpt><trkpt lat="-33.4059072" lon="-70.8523144"><ele>473.0</ele><time>2026-05-18T10:54:56Z</time></trkpt><trkpt lat="-33.4059402" lon="-70.8523062"><ele>473.0</ele><time>2026-05-18T10:54:58Z</time></trkpt><trkpt lat="-33.4059733" lon="-70.8522979"><ele>473.0</ele><time>2026-05-18T10:55:00Z</time></trkpt><trkpt lat="-33.4060063" lon="-70.8522897"><ele>473.0</ele><time>2026-05-18T10:55:02Z</time></trkpt><trkpt lat="-33.4060393" lon="-70.8522815"><ele>473.0</ele><time>2026-05-18T10:55:05Z</time></trkpt><trkpt lat="-33.4060724" lon="-70.8522733"><ele>473.0</ele><time>2026-05-18T10:55:07Z</time></trkpt><trkpt lat="-33.4061054" lon="-70.8522651"><ele>473.0</ele><time>2026-05-18T10:55:09Z</time></trkpt><trkpt lat="-33.4061334" lon="-70.8522519"><ele>472.9</ele><time>2026-05-18T10:55:11Z</time></trkpt><trkpt lat="-33.4061614" lon="-70.8522386"><ele>472.8</ele><time>2026-05-18T10:55:14Z</time></trkpt><trkpt lat="-33.4061894" lon="-70.8522254"><ele>472.6</ele><time>2026-05-18T10:55:16Z</time></trkpt><trkpt lat="-33.4062173" lon="-70.8522121"><ele>472.5</ele><time>2026-05-18T10:55:18Z</time></trkpt><trkpt lat="-33.4062453" lon="-70.8521989"><ele>472.4</ele><time>2026-05-18T10:55:20Z</time></trkpt><trkpt lat="-33.4062733" lon="-70.8521856"><ele>472.2</ele><time>2026-05-18T10:55:23Z</time></trkpt><trkpt lat="-33.4063013" lon="-70.8521724"><ele>472.1</ele><time>2026-05-18T10:55:25Z</time></trkpt><trkpt lat="-33.4063293" lon="-70.8521592"><ele>472.0</ele><time>2026-05-18T10:55:27Z</time></trkpt><trkpt lat="-33.4063573" lon="-70.8521459"><ele>471.9</ele><time>2026-05-18T10:55:29Z</time></trkpt><trkpt lat="-33.4063853" lon="-70.8521327"><ele>471.8</ele><time>2026-05-18T10:55:32Z</time></trkpt><trkpt lat="-33.4064133" lon="-70.8521194"><ele>471.6</ele><time>2026-05-18T10:55:34Z</time></trkpt><trkpt lat="-33.4064413" lon="-70.8521062"><ele>471.5</ele><time>2026-05-18T10:55:36Z</time></trkpt><trkpt lat="-33.4064692" lon="-70.8520929"><ele>471.4</ele><time>2026-05-18T10:55:38Z</time></trkpt><trkpt lat="-33.4064972" lon="-70.8520797"><ele>471.2</ele><time>2026-05-18T10:55:41Z</time></trkpt><trkpt lat="-33.4065252" lon="-70.8520664"><ele>471.1</ele><time>2026-05-18T10:55:43Z</time></trkpt><trkpt lat="-33.4065532" lon="-70.8520532"><ele>471.0</ele><time>2026-05-18T10:55:45Z</time></trkpt><trkpt lat="-33.4066390" lon="-70.8519821"><ele>471.0</ele><time>2026-05-18T10:55:47Z</time></trkpt><trkpt lat="-33.4067248" lon="-70.8519110"><ele>471.0</ele><time>2026-05-18T10:55:50Z</time></trkpt><trkpt lat="-33.4068105" lon="-70.8518400"><ele>471.0</ele><time>2026-05-18T10:55:52Z</time></trkpt><trkpt lat="-33.4068963" lon="-70.8517689"><ele>471.0</ele><time>2026-05-18T10:55:54Z</time></trkpt><trkpt lat="-33.4069821" lon="-70.8516978"><ele>471.0</ele><time>2026-05-18T10:55:56Z</time></trkpt><trkpt lat="-33.4070679" lon="-70.8516267"><ele>471.0</ele><time>2026-05-18T10:55:59Z</time></trkpt><trkpt lat="-33.4071537" lon="-70.8515556"><ele>471.0</ele><time>2026-05-18T10:56:01Z</time></trkpt><trkpt lat="-33.4072394" lon="-70.8514846"><ele>471.0</ele><time>2026-05-18T10:56:03Z</time></trkpt><trkpt lat="-33.4073252" lon="-70.8514135"><ele>471.0</ele><time>2026-05-18T10:56:05Z</time></trkpt><trkpt lat="-33.4074110" lon="-70.8513424"><ele>471.0</ele><time>2026-05-18T10:56:08Z</time></trkpt><trkpt lat="-33.4074968" lon="-70.8512713"><ele>471.0</ele><time>2026-05-18T10:56:10Z</time></trkpt><trkpt lat="-33.4075826" lon="-70.8512002"><ele>471.0</ele><time>2026-05-18T10:56:12Z</time></trkpt><trkpt lat="-33.4076684" lon="-70.8511291"><ele>471.0</ele><time>2026-05-18T10:56:14Z</time></trkpt><trkpt lat="-33.4077541" lon="-70.8510581"><ele>471.0</ele><time>2026-05-18T10:56:17Z</time></trkpt><trkpt lat="-33.4078399" lon="-70.8509870"><ele>471.0</ele><time>2026-05-18T10:56:19Z</time></trkpt><trkpt lat="-33.4079257" lon="-70.8509159"><ele>471.0</ele><time>2026-05-18T10:56:21Z</time></trkpt><trkpt lat="-33.4080740" lon="-70.8507825"><ele>471.5</ele><time>2026-05-18T10:56:23Z</time></trkpt><trkpt lat="-33.4082224" lon="-70.8506490"><ele>472.0</ele><time>2026-05-18T10:56:26Z</time></trkpt><trkpt lat="-33.4083707" lon="-70.8505156"><ele>472.5</ele><time>2026-05-18T10:56:28Z</time></trkpt><trkpt lat="-33.4085191" lon="-70.8503822"><ele>473.0</ele><time>2026-05-18T10:56:30Z</time></trkpt><trkpt lat="-33.4086674" lon="-70.8502487"><ele>473.5</ele><time>2026-05-18T10:56:32Z</time></trkpt><trkpt lat="-33.4088157" lon="-70.8501153"><ele>474.0</ele><time>2026-05-18T10:56:35Z</time></trkpt><trkpt lat="-33.4089641" lon="-70.8499818"><ele>474.5</ele><time>2026-05-18T10:56:37Z</time></trkpt><trkpt lat="-33.4091124" lon="-70.8498484"><ele>475.0</ele><time>2026-05-18T10:56:39Z</time></trkpt><trkpt lat="-33.4092607" lon="-70.8497150"><ele>475.5</ele><time>2026-05-18T10:56:41Z</time></trkpt><trkpt lat="-33.4094091" lon="-70.8495815"><ele>476.0</ele><time>2026-05-18T10:56:44Z</time></trkpt><trkpt lat="-33.4095574" lon="-70.8494481"><ele>476.5</ele><time>2026-05-18T10:56:46Z</time></trkpt><trkpt lat="-33.4097058" lon="-70.8493146"><ele>477.0</ele><time>2026-05-18T10:56:48Z</time></trkpt><trkpt lat="-33.4098541" lon="-70.8491812"><ele>477.5</ele><time>2026-05-18T10:56:50Z</time></trkpt><trkpt lat="-33.4100024" lon="-70.8490478"><ele>478.0</ele><time>2026-05-18T10:56:53Z</time></trkpt><trkpt lat="-33.4101508" lon="-70.8489143"><ele>478.5</ele><time>2026-05-18T10:56:55Z</time></trkpt><trkpt lat="-33.4102991" lon="-70.8487809"><ele>479.0</ele><time>2026-05-18T10:56:57Z</time></trkpt><trkpt lat="-33.4082435" lon="-70.8506424"><ele>481.1</ele><time>2026-05-18T10:56:59Z</time></trkpt><trkpt lat="-33.4096181" lon="-70.8493817"><ele>480.1</ele><time>2026-05-18T10:57:02Z</time></trkpt><trkpt lat="-33.4109927" lon="-70.8481211"><ele>479.2</ele><time>2026-05-18T10:57:04Z</time></trkpt><trkpt lat="-33.4123673" lon="-70.8468604"><ele>478.2</ele><time>2026-05-18T10:57:06Z</time></trkpt><trkpt lat="-33.4137419" lon="-70.8455998"><ele>477.3</ele><time>2026-05-18T10:57:08Z</time></trkpt><trkpt lat="-33.4151165" lon="-70.8443391"><ele>476.4</ele><time>2026-05-18T10:57:11Z</time></trkpt><trkpt lat="-33.4164911" lon="-70.8430785"><ele>475.4</ele><time>2026-05-18T10:57:13Z</time></trkpt><trkpt lat="-33.4178658" lon="-70.8418178"><ele>474.5</ele><time>2026-05-18T10:57:15Z</time></trkpt><trkpt lat="-33.4192404" lon="-70.8405572"><ele>473.6</ele><time>2026-05-18T10:57:17Z</time></trkpt><trkpt lat="-33.4206150" lon="-70.8392966"><ele>472.6</ele><time>2026-05-18T10:57:20Z</time></trkpt><trkpt lat="-33.4219896" lon="-70.8380359"><ele>471.7</ele><time>2026-05-18T10:57:22Z</time></trkpt><trkpt lat="-33.4233642" lon="-70.8367753"><ele>470.8</ele><time>2026-05-18T10:57:24Z</time></trkpt><trkpt lat="-33.4247388" lon="-70.8355146"><ele>469.8</ele><time>2026-05-18T10:57:26Z</time></trkpt><trkpt lat="-33.4261134" lon="-70.8342540"><ele>468.9</ele><time>2026-05-18T10:57:29Z</time></trkpt><trkpt lat="-33.4274880" lon="-70.8329933"><ele>467.9</ele><time>2026-05-18T10:57:31Z</time></trkpt><trkpt lat="-33.4288626" lon="-70.8317327"><ele>467.0</ele><time>2026-05-18T10:57:33Z</time></trkpt><trkpt lat="-33.4290303" lon="-70.8315865"><ele>466.9</ele><time>2026-05-18T10:57:35Z</time></trkpt><trkpt lat="-33.4291981" lon="-70.8314404"><ele>466.8</ele><time>2026-05-18T10:57:38Z</time></trkpt><trkpt lat="-33.4293658" lon="-70.8312942"><ele>466.6</ele><time>2026-05-18T10:57:40Z</time></trkpt><trkpt lat="-33.4295336" lon="-70.8311480"><ele>466.5</ele><time>2026-05-18T10:57:42Z</time></trkpt><trkpt lat="-33.4297013" lon="-70.8310018"><ele>466.4</ele><time>2026-05-18T10:57:44Z</time></trkpt><trkpt lat="-33.4298691" lon="-70.8308557"><ele>466.2</ele><time>2026-05-18T10:57:47Z</time></trkpt><trkpt lat="-33.4300368" lon="-70.8307095"><ele>466.1</ele><time>2026-05-18T10:57:49Z</time></trkpt><trkpt lat="-33.4302045" lon="-70.8305633"><ele>466.0</ele><time>2026-05-18T10:57:51Z</time></trkpt><trkpt lat="-33.4303723" lon="-70.8304171"><ele>465.9</ele><time>2026-05-18T10:57:53Z</time></trkpt><trkpt lat="-33.4305400" lon="-70.8302709"><ele>465.8</ele><time>2026-05-18T10:57:56Z</time></trkpt><trkpt lat="-33.4307078" lon="-70.8301248"><ele>465.6</ele><time>2026-05-18T10:57:58Z</time></trkpt><trkpt lat="-33.4308755" lon="-70.8299786"><ele>465.5</ele><time>2026-05-18T10:58:00Z</time></trkpt><trkpt lat="-33.4310433" lon="-70.8298324"><ele>465.4</ele><time>2026-05-18T10:58:02Z</time></trkpt><trkpt lat="-33.4312110" lon="-70.8296862"><ele>465.2</ele><time>2026-05-18T10:58:05Z</time></trkpt><trkpt lat="-33.4313788" lon="-70.8295401"><ele>465.1</ele><time>2026-05-18T10:58:07Z</time></trkpt><trkpt lat="-33.4315465" lon="-70.8293939"><ele>465.0</ele><time>2026-05-18T10:58:09Z</time></trkpt><trkpt lat="-33.4315476" lon="-70.8293959"><ele>465.0</ele><time>2026-05-18T10:58:11Z</time></trkpt><trkpt lat="-33.4315487" lon="-70.8293979"><ele>465.0</ele><time>2026-05-18T10:58:14Z</time></trkpt><trkpt lat="-33.4315499" lon="-70.8293999"><ele>465.0</ele><time>2026-05-18T10:58:16Z</time></trkpt><trkpt lat="-33.4315510" lon="-70.8294020"><ele>465.0</ele><time>2026-05-18T10:58:18Z</time></trkpt><trkpt lat="-33.4315521" lon="-70.8294040"><ele>465.0</ele><time>2026-05-18T10:58:20Z</time></trkpt><trkpt lat="-33.4315532" lon="-70.8294060"><ele>465.0</ele><time>2026-05-18T10:58:23Z</time></trkpt><trkpt lat="-33.4315543" lon="-70.8294080"><ele>465.0</ele><time>2026-05-18T10:58:25Z</time></trkpt><trkpt lat="-33.4315555" lon="-70.8294100"><ele>465.0</ele><time>2026-05-18T10:58:27Z</time></trkpt><trkpt lat="-33.4315566" lon="-70.8294120"><ele>465.0</ele><time>2026-05-18T10:58:29Z</time></trkpt><trkpt lat="-33.4315577" lon="-70.8294140"><ele>465.0</ele><time>2026-05-18T10:58:32Z</time></trkpt><trkpt lat="-33.4315588" lon="-70.8294160"><ele>465.0</ele><time>2026-05-18T10:58:34Z</time></trkpt><trkpt lat="-33.4315599" lon="-70.8294181"><ele>465.0</ele><time>2026-05-18T10:58:36Z</time></trkpt><trkpt lat="-33.4315610" lon="-70.8294201"><ele>465.0</ele><time>2026-05-18T10:58:38Z</time></trkpt><trkpt lat="-33.4315622" lon="-70.8294221"><ele>465.0</ele><time>2026-05-18T10:58:41Z</time></trkpt><trkpt lat="-33.4315633" lon="-70.8294241"><ele>465.0</ele><time>2026-05-18T10:58:43Z</time></trkpt><trkpt lat="-33.4315644" lon="-70.8294261"><ele>465.0</ele><time>2026-05-18T10:58:45Z</time></trkpt><trkpt lat="-33.4315339" lon="-70.8294519"><ele>464.9</ele><time>2026-05-18T10:58:47Z</time></trkpt><trkpt lat="-33.4315034" lon="-70.8294777"><ele>464.9</ele><time>2026-05-18T10:58:50Z</time></trkpt><trkpt lat="-33.4314729" lon="-70.8295035"><ele>464.8</ele><time>2026-05-18T10:58:52Z</time></trkpt><trkpt lat="-33.4314424" lon="-70.8295294"><ele>464.8</ele><time>2026-05-18T10:58:54Z</time></trkpt><trkpt lat="-33.4314119" lon="-70.8295552"><ele>464.7</ele><time>2026-05-18T10:58:56Z</time></trkpt><trkpt lat="-33.4313814" lon="-70.8295810"><ele>464.6</ele><time>2026-05-18T10:58:59Z</time></trkpt><trkpt lat="-33.4313509" lon="-70.8296068"><ele>464.6</ele><time>2026-05-18T10:59:01Z</time></trkpt><trkpt lat="-33.4313205" lon="-70.8296326"><ele>464.5</ele><time>2026-05-18T10:59:03Z</time></trkpt><trkpt lat="-33.4312900" lon="-70.8296584"><ele>464.4</ele><time>2026-05-18T10:59:05Z</time></trkpt><trkpt lat="-33.4312595" lon="-70.8296842"><ele>464.4</ele><time>2026-05-18T10:59:08Z</time></trkpt><trkpt lat="-33.4312290" lon="-70.8297100"><ele>464.3</ele><time>2026-05-18T10:59:10Z</time></trkpt><trkpt lat="-33.4311985" lon="-70.8297359"><ele>464.2</ele><time>2026-05-18T10:59:12Z</time></trkpt><trkpt lat="-33.4311680" lon="-70.8297617"><ele>464.2</ele><time>2026-05-18T10:59:14Z</time></trkpt><trkpt lat="-33.4311375" lon="-70.8297875"><ele>464.1</ele><time>2026-05-18T10:59:17Z</time></trkpt><trkpt lat="-33.4311070" lon="-70.8298133"><ele>464.1</ele><time>2026-05-18T10:59:19Z</time></trkpt><trkpt lat="-33.4310765" lon="-70.8298391"><ele>464.0</ele><time>2026-05-18T10:59:21Z</time></trkpt><trkpt lat="-33.4296128" lon="-70.8311671"><ele>464.1</ele><time>2026-05-18T10:59:23Z</time></trkpt><trkpt lat="-33.4281491" lon="-70.8324952"><ele>464.2</ele><time>2026-05-18T10:59:26Z</time></trkpt><trkpt lat="-33.4266853" lon="-70.8338232"><ele>464.4</ele><time>2026-05-18T10:59:28Z</time></trkpt><trkpt lat="-33.4252216" lon="-70.8351512"><ele>464.5</ele><time>2026-05-18T10:59:30Z</time></trkpt><trkpt lat="-33.4237579" lon="-70.8364793"><ele>464.6</ele><time>2026-05-18T10:59:32Z</time></trkpt><trkpt lat="-33.4222942" lon="-70.8378073"><ele>464.8</ele><time>2026-05-18T10:59:35Z</time></trkpt><trkpt lat="-33.4208305" lon="-70.8391353"><ele>464.9</ele><time>2026-05-18T10:59:37Z</time></trkpt><trkpt lat="-33.4193668" lon="-70.8404633"><ele>465.0</ele><time>2026-05-18T10:59:39Z</time></trkpt><trkpt lat="-33.4179030" lon="-70.8417914"><ele>465.1</ele><time>2026-05-18T10:59:41Z</time></trkpt><trkpt lat="-33.4164393" lon="-70.8431194"><ele>465.2</ele><time>2026-05-18T10:59:44Z</time></trkpt><trkpt lat="-33.4149756" lon="-70.8444474"><ele>465.4</ele><time>2026-05-18T10:59:46Z</time></trkpt><trkpt lat="-33.4135119" lon="-70.8457755"><ele>465.5</ele><time>2026-05-18T10:59:48Z</time></trkpt><trkpt lat="-33.4120482" lon="-70.8471035"><ele>465.6</ele><time>2026-05-18T10:59:50Z</time></trkpt><trkpt lat="-33.4105844" lon="-70.8484315"><ele>465.8</ele><time>2026-05-18T10:59:53Z</time></trkpt><trkpt lat="-33.4091207" lon="-70.8497596"><ele>465.9</ele><time>2026-05-18T10:59:55Z</time></trkpt><trkpt lat="-33.4076570" lon="-70.8510876"><ele>466.0</ele><time>2026-05-18T10:59:57Z</time></trkpt><trkpt lat="-33.4075980" lon="-70.8511426"><ele>466.3</ele><time>2026-05-18T10:59:59Z</time></trkpt><trkpt lat="-33.4075389" lon="-70.8511976"><ele>466.6</ele><time>2026-05-18T11:00:02Z</time></trkpt><trkpt lat="-33.4074799" lon="-70.8512525"><ele>466.9</ele><time>2026-05-18T11:00:04Z</time></trkpt><trkpt lat="-33.4074208" lon="-70.8513075"><ele>467.2</ele><time>2026-05-18T11:00:06Z</time></trkpt><trkpt lat="-33.4073617" lon="-70.8513625"><ele>467.6</ele><time>2026-05-18T11:00:09Z</time></trkpt><trkpt lat="-33.4073027" lon="-70.8514175"><ele>467.9</ele><time>2026-05-18T11:00:11Z</time></trkpt><trkpt lat="-33.4072436" lon="-70.8514725"><ele>468.2</ele><time>2026-05-18T11:00:13Z</time></trkpt><trkpt lat="-33.4071846" lon="-70.8515274"><ele>468.5</ele><time>2026-05-18T11:00:15Z</time></trkpt><trkpt lat="-33.4071256" lon="-70.8515824"><ele>468.8</ele><time>2026-05-18T11:00:18Z</time></trkpt><trkpt lat="-33.4070665" lon="-70.8516374"><ele>469.1</ele><time>2026-05-18T11:00:20Z</time></trkpt><trkpt lat="-33.4070075" lon="-70.8516924"><ele>469.4</ele><time>2026-05-18T11:00:22Z</time></trkpt><trkpt lat="-33.4069484" lon="-70.8517474"><ele>469.8</ele><time>2026-05-18T11:00:24Z</time></trkpt><trkpt lat="-33.4068894" lon="-70.8518024"><ele>470.1</ele><time>2026-05-18T11:00:27Z</time></trkpt><trkpt lat="-33.4068303" lon="-70.8518573"><ele>470.4</ele><time>2026-05-18T11:00:29Z</time></trkpt><trkpt lat="-33.4067712" lon="-70.8519123"><ele>470.7</ele><time>2026-05-18T11:00:31Z</time></trkpt><trkpt lat="-33.4067122" lon="-70.8519673"><ele>471.0</ele><time>2026-05-18T11:00:33Z</time></trkpt><trkpt lat="-33.4066489" lon="-70.8519945"><ele>471.1</ele><time>2026-05-18T11:00:36Z</time></trkpt><trkpt lat="-33.4065857" lon="-70.8520216"><ele>471.2</ele><time>2026-05-18T11:00:38Z</time></trkpt><trkpt lat="-33.4065224" lon="-70.8520488"><ele>471.4</ele><time>2026-05-18T11:00:40Z</time></trkpt><trkpt lat="-33.4064592" lon="-70.8520759"><ele>471.5</ele><time>2026-05-18T11:00:42Z</time></trkpt><trkpt lat="-33.4063959" lon="-70.8521031"><ele>471.6</ele><time>2026-05-18T11:00:45Z</time></trkpt><trkpt lat="-33.4063327" lon="-70.8521303"><ele>471.8</ele><time>2026-05-18T11:00:47Z</time></trkpt><trkpt lat="-33.4062694" lon="-70.8521574"><ele>471.9</ele><time>2026-05-18T11:00:49Z</time></trkpt><trkpt lat="-33.4062062" lon="-70.8521846"><ele>472.0</ele><time>2026-05-18T11:00:51Z</time></trkpt><trkpt lat="-33.4061429" lon="-70.8522118"><ele>472.1</ele><time>2026-05-18T11:00:54Z</time></trkpt><trkpt lat="-33.4060796" lon="-70.8522389"><ele>472.2</ele><time>2026-05-18T11:00:56Z</time></trkpt><trkpt lat="-33.4060164" lon="-70.8522661"><ele>472.4</ele><time>2026-05-18T11:00:58Z</time></trkpt><trkpt lat="-33.4059531" lon="-70.8522933"><ele>472.5</ele><time>2026-05-18T11:01:00Z</time></trkpt><trkpt lat="-33.4058899" lon="-70.8523204"><ele>472.6</ele><time>2026-05-18T11:01:03Z</time></trkpt><trkpt lat="-33.4058266" lon="-70.8523476"><ele>472.8</ele><time>2026-05-18T11:01:05Z</time></trkpt><trkpt lat="-33.4057634" lon="-70.8523747"><ele>472.9</ele><time>2026-05-18T11:01:07Z</time></trkpt><trkpt lat="-33.4057001" lon="-70.8524019"><ele>473.0</ele><time>2026-05-18T11:01:09Z</time></trkpt><trkpt lat="-33.4056282" lon="-70.8523996"><ele>473.0</ele><time>2026-05-18T11:01:12Z</time></trkpt><trkpt lat="-33.4055562" lon="-70.8523972"><ele>473.0</ele><time>2026-05-18T11:01:14Z</time></trkpt><trkpt lat="-33.4054843" lon="-70.8523949"><ele>473.0</ele><time>2026-05-18T11:01:16Z</time></trkpt><trkpt lat="-33.4054124" lon="-70.8523925"><ele>473.0</ele><time>2026-05-18T11:01:18Z</time></trkpt><trkpt lat="-33.4053404" lon="-70.8523902"><ele>473.0</ele><time>2026-05-18T11:01:21Z</time></trkpt><trkpt lat="-33.4052685" lon="-70.8523878"><ele>473.0</ele><time>2026-05-18T11:01:23Z</time></trkpt><trkpt lat="-33.4051966" lon="-70.8523854"><ele>473.0</ele><time>2026-05-18T11:01:25Z</time></trkpt><trkpt lat="-33.4051246" lon="-70.8523831"><ele>473.0</ele><time>2026-05-18T11:01:27Z</time></trkpt><trkpt lat="-33.4050527" lon="-70.8523808"><ele>473.0</ele><time>2026-05-18T11:01:30Z</time></trkpt><trkpt lat="-33.4049808" lon="-70.8523784"><ele>473.0</ele><time>2026-05-18T11:01:32Z</time></trkpt><trkpt lat="-33.4049089" lon="-70.8523761"><ele>473.0</ele><time>2026-05-18T11:01:34Z</time></trkpt><trkpt lat="-33.4048369" lon="-70.8523737"><ele>473.0</ele><time>2026-05-18T11:01:36Z</time></trkpt><trkpt lat="-33.4047650" lon="-70.8523713"><ele>473.0</ele><time>2026-05-18T11:01:39Z</time></trkpt><trkpt lat="-33.4046931" lon="-70.8523690"><ele>473.0</ele><time>2026-05-18T11:01:41Z</time></trkpt><trkpt lat="-33.4046211" lon="-70.8523667"><ele>473.0</ele><time>2026-05-18T11:01:43Z</time></trkpt><trkpt lat="-33.4045492" lon="-70.8523643"><ele>473.0</ele><time>2026-05-18T11:01:45Z</time></trkpt><trkpt lat="-33.4044364" lon="-70.8523549"><ele>473.1</ele><time>2026-05-18T11:01:48Z</time></trkpt><trkpt lat="-33.4043236" lon="-70.8523455"><ele>473.1</ele><time>2026-05-18T11:01:50Z</time></trkpt><trkpt lat="-33.4042108" lon="-70.8523361"><ele>473.2</ele><time>2026-05-18T11:01:52Z</time></trkpt><trkpt lat="-33.4040980" lon="-70.8523268"><ele>473.2</ele><time>2026-05-18T11:01:54Z</time></trkpt><trkpt lat="-33.4039852" lon="-70.8523174"><ele>473.3</ele><time>2026-05-18T11:01:57Z</time></trkpt><trkpt lat="-33.4038724" lon="-70.8523080"><ele>473.4</ele><time>2026-05-18T11:01:59Z</time></trkpt><trkpt lat="-33.4037596" lon="-70.8522986"><ele>473.4</ele><time>2026-05-18T11:02:01Z</time></trkpt><trkpt lat="-33.4036469" lon="-70.8522892"><ele>473.5</ele><time>2026-05-18T11:02:03Z</time></trkpt><trkpt lat="-33.4035341" lon="-70.8522798"><ele>473.6</ele><time>2026-05-18T11:02:06Z</time></trkpt><trkpt lat="-33.4034213" lon="-70.8522704"><ele>473.6</ele><time>2026-05-18T11:02:08Z</time></trkpt><trkpt lat="-33.4033085" lon="-70.8522610"><ele>473.7</ele><time>2026-05-18T11:02:10Z</time></trkpt><trkpt lat="-33.4031957" lon="-70.8522516"><ele>473.8</ele><time>2026-05-18T11:02:12Z</time></trkpt><trkpt lat="-33.4030829" lon="-70.8522423"><ele>473.8</ele><time>2026-05-18T11:02:15Z</time></trkpt><trkpt lat="-33.4029701" lon="-70.8522329"><ele>473.9</ele><time>2026-05-18T11:02:17Z</time></trkpt><trkpt lat="-33.4028573" lon="-70.8522235"><ele>473.9</ele><time>2026-05-18T11:02:19Z</time></trkpt><trkpt lat="-33.4027445" lon="-70.8522141"><ele>474.0</ele><time>2026-05-18T11:02:21Z</time></trkpt><trkpt lat="-33.4026717" lon="-70.8522128"><ele>473.9</ele><time>2026-05-18T11:02:24Z</time></trkpt><trkpt lat="-33.4025989" lon="-70.8522114"><ele>473.8</ele><time>2026-05-18T11:02:26Z</time></trkpt><trkpt lat="-33.4025262" lon="-70.8522101"><ele>473.6</ele><time>2026-05-18T11:02:28Z</time></trkpt><trkpt lat="-33.4024534" lon="-70.8522087"><ele>473.5</ele><time>2026-05-18T11:02:30Z</time></trkpt><trkpt lat="-33.4023806" lon="-70.8522074"><ele>473.4</ele><time>2026-05-18T11:02:33Z</time></trkpt><trkpt lat="-33.4023078" lon="-70.8522060"><ele>473.2</ele><time>2026-05-18T11:02:35Z</time></trkpt><trkpt lat="-33.4022351" lon="-70.8522047"><ele>473.1</ele><time>2026-05-18T11:02:37Z</time></trkpt><trkpt lat="-33.4021623" lon="-70.8522033"><ele>473.0</ele><time>2026-05-18T11:02:39Z</time></trkpt><trkpt lat="-33.4020895" lon="-70.8522020"><ele>472.9</ele><time>2026-05-18T11:02:42Z</time></trkpt><trkpt lat="-33.4020167" lon="-70.8522007"><ele>472.8</ele><time>2026-05-18T11:02:44Z</time></trkpt><trkpt lat="-33.4019440" lon="-70.8521993"><ele>472.6</ele><time>2026-05-18T11:02:46Z</time></trkpt><trkpt lat="-33.4018712" lon="-70.8521980"><ele>472.5</ele><time>2026-05-18T11:02:48Z</time></trkpt><trkpt lat="-33.4017984" lon="-70.8521966"><ele>472.4</ele><time>2026-05-18T11:02:51Z</time></trkpt><trkpt lat="-33.4017256" lon="-70.8521953"><ele>472.2</ele><time>2026-05-18T11:02:53Z</time></trkpt><trkpt lat="-33.4016529" lon="-70.8521939"><ele>472.1</ele><time>2026-05-18T11:02:55Z</time></trkpt><trkpt lat="-33.4015801" lon="-70.8521926"><ele>472.0</ele><time>2026-05-18T11:02:57Z</time></trkpt><trkpt lat="-33.4014897" lon="-70.8522110"><ele>472.0</ele><time>2026-05-18T11:03:00Z</time></trkpt><trkpt lat="-33.4013993" lon="-70.8522295"><ele>472.0</ele><time>2026-05-18T11:03:02Z</time></trkpt><trkpt lat="-33.4013089" lon="-70.8522479"><ele>472.0</ele><time>2026-05-18T11:03:04Z</time></trkpt><trkpt lat="-33.4012185" lon="-70.8522664"><ele>472.0</ele><time>2026-05-18T11:03:06Z</time></trkpt><trkpt lat="-33.4011280" lon="-70.8522848"><ele>472.0</ele><time>2026-05-18T11:03:09Z</time></trkpt><trkpt lat="-33.4010376" lon="-70.8523033"><ele>472.0</ele><time>2026-05-18T11:03:11Z</time></trkpt><trkpt lat="-33.4009472" lon="-70.8523217"><ele>472.0</ele><time>2026-05-18T11:03:13Z</time></trkpt><trkpt lat="-33.4008568" lon="-70.8523402"><ele>472.0</ele><time>2026-05-18T11:03:15Z</time></trkpt><trkpt lat="-33.4007664" lon="-70.8523586"><ele>472.0</ele><time>2026-05-18T11:03:18Z</time></trkpt><trkpt lat="-33.4006760" lon="-70.8523770"><ele>472.0</ele><time>2026-05-18T11:03:20Z</time></trkpt><trkpt lat="-33.4005856" lon="-70.8523955"><ele>472.0</ele><time>2026-05-18T11:03:22Z</time></trkpt><trkpt lat="-33.4004951" lon="-70.8524139"><ele>472.0</ele><time>2026-05-18T11:03:24Z</time></trkpt><trkpt lat="-33.4004047" lon="-70.8524324"><ele>472.0</ele><time>2026-05-18T11:03:27Z</time></trkpt><trkpt lat="-33.4003143" lon="-70.8524508"><ele>472.0</ele><time>2026-05-18T11:03:29Z</time></trkpt><trkpt lat="-33.4002239" lon="-70.8524693"><ele>472.0</ele><time>2026-05-18T11:03:31Z</time></trkpt><trkpt lat="-33.4001335" lon="-70.8524877"><ele>472.0</ele><time>2026-05-18T11:03:33Z</time></trkpt><trkpt lat="-33.4000565" lon="-70.8524998"><ele>472.0</ele><time>2026-05-18T11:03:36Z</time></trkpt><trkpt lat="-33.3999796" lon="-70.8525118"><ele>472.0</ele><time>2026-05-18T11:03:38Z</time></trkpt><trkpt lat="-33.3999026" lon="-70.8525239"><ele>472.0</ele><time>2026-05-18T11:03:40Z</time></trkpt><trkpt lat="-33.3998256" lon="-70.8525360"><ele>472.0</ele><time>2026-05-18T11:03:42Z</time></trkpt><trkpt lat="-33.3997487" lon="-70.8525480"><ele>472.0</ele><time>2026-05-18T11:03:45Z</time></trkpt><trkpt lat="-33.3996717" lon="-70.8525601"><ele>472.0</ele><time>2026-05-18T11:03:47Z</time></trkpt><trkpt lat="-33.3995947" lon="-70.8525722"><ele>472.0</ele><time>2026-05-18T11:03:49Z</time></trkpt><trkpt lat="-33.3995178" lon="-70.8525843"><ele>472.0</ele><time>2026-05-18T11:03:51Z</time></trkpt><trkpt lat="-33.3994408" lon="-70.8525963"><ele>472.0</ele><time>2026-05-18T11:03:54Z</time></trkpt><trkpt lat="-33.3993638" lon="-70.8526084"><ele>472.0</ele><time>2026-05-18T11:03:56Z</time></trkpt><trkpt lat="-33.3992868" lon="-70.8526205"><ele>472.0</ele><time>2026-05-18T11:03:58Z</time></trkpt><trkpt lat="-33.3992099" lon="-70.8526325"><ele>472.0</ele><time>2026-05-18T11:04:00Z</time></trkpt><trkpt lat="-33.3991329" lon="-70.8526446"><ele>472.0</ele><time>2026-05-18T11:04:03Z</time></trkpt><trkpt lat="-33.3990559" lon="-70.8526567"><ele>472.0</ele><time>2026-05-18T11:04:05Z</time></trkpt><trkpt lat="-33.3989790" lon="-70.8526687"><ele>472.0</ele><time>2026-05-18T11:04:07Z</time></trkpt><trkpt lat="-33.3989020" lon="-70.8526808"><ele>472.0</ele><time>2026-05-18T11:04:09Z</time></trkpt><trkpt lat="-33.3988634" lon="-70.8526788"><ele>472.0</ele><time>2026-05-18T11:04:12Z</time></trkpt><trkpt lat="-33.3988247" lon="-70.8526768"><ele>472.0</ele><time>2026-05-18T11:04:14Z</time></trkpt><trkpt lat="-33.3987861" lon="-70.8526748"><ele>472.0</ele><time>2026-05-18T11:04:16Z</time></trkpt><trkpt lat="-33.3987475" lon="-70.8526727"><ele>472.0</ele><time>2026-05-18T11:04:18Z</time></trkpt><trkpt lat="-33.3987088" lon="-70.8526707"><ele>472.0</ele><time>2026-05-18T11:04:21Z</time></trkpt><trkpt lat="-33.3986702" lon="-70.8526687"><ele>472.0</ele><time>2026-05-18T11:04:23Z</time></trkpt><trkpt lat="-33.3986316" lon="-70.8526667"><ele>472.0</ele><time>2026-05-18T11:04:25Z</time></trkpt><trkpt lat="-33.3985930" lon="-70.8526647"><ele>472.0</ele><time>2026-05-18T11:04:27Z</time></trkpt><trkpt lat="-33.3985543" lon="-70.8526627"><ele>472.0</ele><time>2026-05-18T11:04:30Z</time></trkpt><trkpt lat="-33.3985157" lon="-70.8526607"><ele>472.0</ele><time>2026-05-18T11:04:32Z</time></trkpt><trkpt lat="-33.3984771" lon="-70.8526587"><ele>472.0</ele><time>2026-05-18T11:04:34Z</time></trkpt><trkpt lat="-33.3984384" lon="-70.8526567"><ele>472.0</ele><time>2026-05-18T11:04:36Z</time></trkpt><trkpt lat="-33.3983998" lon="-70.8526546"><ele>472.0</ele><time>2026-05-18T11:04:39Z</time></trkpt><trkpt lat="-33.3983612" lon="-70.8526526"><ele>472.0</ele><time>2026-05-18T11:04:41Z</time></trkpt><trkpt lat="-33.3983225" lon="-70.8526506"><ele>472.0</ele><time>2026-05-18T11:04:43Z</time></trkpt><trkpt lat="-33.3982839" lon="-70.8526486"><ele>472.0</ele><time>2026-05-18T11:04:45Z</time></trkpt><trkpt lat="-33.3982486" lon="-70.8526375"><ele>472.0</ele><time>2026-05-18T11:04:48Z</time></trkpt><trkpt lat="-33.3982134" lon="-70.8526265"><ele>472.0</ele><time>2026-05-18T11:04:50Z</time></trkpt><trkpt lat="-33.3981781" lon="-70.8526154"><ele>472.0</ele><time>2026-05-18T11:04:52Z</time></trkpt><trkpt lat="-33.3981428" lon="-70.8526043"><ele>472.0</ele><time>2026-05-18T11:04:54Z</time></trkpt><trkpt lat="-33.3981076" lon="-70.8525933"><ele>472.0</ele><time>2026-05-18T11:04:57Z</time></trkpt><trkpt lat="-33.3980723" lon="-70.8525822"><ele>472.0</ele><time>2026-05-18T11:04:59Z</time></trkpt><trkpt lat="-33.3980370" lon="-70.8525712"><ele>472.0</ele><time>2026-05-18T11:05:01Z</time></trkpt><trkpt lat="-33.3980018" lon="-70.8525601"><ele>472.0</ele><time>2026-05-18T11:05:03Z</time></trkpt><trkpt lat="-33.3979665" lon="-70.8525490"><ele>472.0</ele><time>2026-05-18T11:05:06Z</time></trkpt><trkpt lat="-33.3979312" lon="-70.8525380"><ele>472.0</ele><time>2026-05-18T11:05:08Z</time></trkpt><trkpt lat="-33.3978959" lon="-70.8525269"><ele>472.0</ele><time>2026-05-18T11:05:10Z</time></trkpt><trkpt lat="-33.3978607" lon="-70.8525159"><ele>472.0</ele><time>2026-05-18T11:05:12Z</time></trkpt><trkpt lat="-33.3978254" lon="-70.8525048"><ele>472.0</ele><time>2026-05-18T11:05:15Z</time></trkpt><trkpt lat="-33.3977901" lon="-70.8524937"><ele>472.0</ele><time>2026-05-18T11:05:17Z</time></trkpt><trkpt lat="-33.3977549" lon="-70.8524827"><ele>472.0</ele><time>2026-05-18T11:05:19Z</time></trkpt><trkpt lat="-33.3977196" lon="-70.8524716"><ele>472.0</ele><time>2026-05-18T11:05:21Z</time></trkpt><trkpt lat="-33.3976600" lon="-70.8524387"><ele>472.0</ele><time>2026-05-18T11:05:24Z</time></trkpt><trkpt lat="-33.3976004" lon="-70.8524059"><ele>472.0</ele><time>2026-05-18T11:05:26Z</time></trkpt><trkpt lat="-33.3975407" lon="-70.8523730"><ele>472.0</ele><time>2026-05-18T11:05:28Z</time></trkpt><trkpt lat="-33.3974811" lon="-70.8523402"><ele>472.0</ele><time>2026-05-18T11:05:30Z</time></trkpt><trkpt lat="-33.3974215" lon="-70.8523073"><ele>472.0</ele><time>2026-05-18T11:05:33Z</time></trkpt><trkpt lat="-33.3973619" lon="-70.8522745"><ele>472.0</ele><time>2026-05-18T11:05:35Z</time></trkpt><trkpt lat="-33.3973023" lon="-70.8522416"><ele>472.0</ele><time>2026-05-18T11:05:37Z</time></trkpt><trkpt lat="-33.3972427" lon="-70.8522088"><ele>472.0</ele><time>2026-05-18T11:05:39Z</time></trkpt><trkpt lat="-33.3971830" lon="-70.8521759"><ele>472.0</ele><time>2026-05-18T11:05:42Z</time></trkpt><trkpt lat="-33.3971234" lon="-70.8521430"><ele>472.0</ele><time>2026-05-18T11:05:44Z</time></trkpt><trkpt lat="-33.3970638" lon="-70.8521102"><ele>472.0</ele><time>2026-05-18T11:05:46Z</time></trkpt><trkpt lat="-33.3970042" lon="-70.8520773"><ele>472.0</ele><time>2026-05-18T11:05:48Z</time></trkpt><trkpt lat="-33.3969446" lon="-70.8520445"><ele>472.0</ele><time>2026-05-18T11:05:51Z</time></trkpt><trkpt lat="-33.3968849" lon="-70.8520116"><ele>472.0</ele><time>2026-05-18T11:05:53Z</time></trkpt><trkpt lat="-33.3968253" lon="-70.8519788"><ele>472.0</ele><time>2026-05-18T11:05:55Z</time></trkpt><trkpt lat="-33.3967657" lon="-70.8519459"><ele>472.0</ele><time>2026-05-18T11:05:57Z</time></trkpt><trkpt lat="-33.3966879" lon="-70.8518936"><ele>472.0</ele><time>2026-05-18T11:06:00Z</time></trkpt><trkpt lat="-33.3966101" lon="-70.8518413"><ele>472.0</ele><time>2026-05-18T11:06:02Z</time></trkpt><trkpt lat="-33.3965322" lon="-70.8517890"><ele>472.0</ele><time>2026-05-18T11:06:04Z</time></trkpt><trkpt lat="-33.3964544" lon="-70.8517367"><ele>472.0</ele><time>2026-05-18T11:06:06Z</time></trkpt><trkpt lat="-33.3963766" lon="-70.8516844"><ele>472.0</ele><time>2026-05-18T11:06:09Z</time></trkpt><trkpt lat="-33.3962988" lon="-70.8516321"><ele>472.0</ele><time>2026-05-18T11:06:11Z</time></trkpt><trkpt lat="-33.3962210" lon="-70.8515798"><ele>472.0</ele><time>2026-05-18T11:06:13Z</time></trkpt><trkpt lat="-33.3961432" lon="-70.8515274"><ele>472.0</ele><time>2026-05-18T11:06:15Z</time></trkpt><trkpt lat="-33.3960653" lon="-70.8514751"><ele>472.0</ele><time>2026-05-18T11:06:18Z</time></trkpt><trkpt lat="-33.3959875" lon="-70.8514228"><ele>472.0</ele><time>2026-05-18T11:06:20Z</time></trkpt><trkpt lat="-33.3959097" lon="-70.8513705"><ele>472.0</ele><time>2026-05-18T11:06:22Z</time></trkpt><trkpt lat="-33.3958319" lon="-70.8513182"><ele>472.0</ele><time>2026-05-18T11:06:24Z</time></trkpt><trkpt lat="-33.3957541" lon="-70.8512659"><ele>472.0</ele><time>2026-05-18T11:06:27Z</time></trkpt><trkpt lat="-33.3956762" lon="-70.8512136"><ele>472.0</ele><time>2026-05-18T11:06:29Z</time></trkpt><trkpt lat="-33.3955984" lon="-70.8511613"><ele>472.0</ele><time>2026-05-18T11:06:31Z</time></trkpt><trkpt lat="-33.3955206" lon="-70.8511090"><ele>472.0</ele><time>2026-05-18T11:06:33Z</time></trkpt><trkpt lat="-33.3952289" lon="-70.8509092"><ele>472.0</ele><time>2026-05-18T11:06:36Z</time></trkpt><trkpt lat="-33.3949372" lon="-70.8507093"><ele>472.0</ele><time>2026-05-18T11:06:38Z</time></trkpt><trkpt lat="-33.3946456" lon="-70.8505095"><ele>472.0</ele><time>2026-05-18T11:06:40Z</time></trkpt><trkpt lat="-33.3943539" lon="-70.8503097"><ele>472.0</ele><time>2026-05-18T11:06:43Z</time></trkpt><trkpt lat="-33.3940622" lon="-70.8501099"><ele>472.0</ele><time>2026-05-18T11:06:45Z</time></trkpt><trkpt lat="-33.3937705" lon="-70.8499101"><ele>472.0</ele><time>2026-05-18T11:06:47Z</time></trkpt><trkpt lat="-33.3934788" lon="-70.8497102"><ele>472.0</ele><time>2026-05-18T11:06:49Z</time></trkpt><trkpt lat="-33.3931872" lon="-70.8495104"><ele>472.0</ele><time>2026-05-18T11:06:52Z</time></trkpt><trkpt lat="-33.3928955" lon="-70.8493106"><ele>472.0</ele><time>2026-05-18T11:06:54Z</time></trkpt><trkpt lat="-33.3926038" lon="-70.8491107"><ele>472.0</ele><time>2026-05-18T11:06:56Z</time></trkpt><trkpt lat="-33.3923121" lon="-70.8489109"><ele>472.0</ele><time>2026-05-18T11:06:58Z</time></trkpt><trkpt lat="-33.3920204" lon="-70.8487111"><ele>472.0</ele><time>2026-05-18T11:07:01Z</time></trkpt><trkpt lat="-33.3917287" lon="-70.8485113"><ele>472.0</ele><time>2026-05-18T11:07:03Z</time></trkpt><trkpt lat="-33.3914371" lon="-70.8483115"><ele>472.0</ele><time>2026-05-18T11:07:05Z</time></trkpt><trkpt lat="-33.3911454" lon="-70.8481116"><ele>472.0</ele><time>2026-05-18T11:07:07Z</time></trkpt><trkpt lat="-33.3908537" lon="-70.8479118"><ele>472.0</ele><time>2026-05-18T11:07:10Z</time></trkpt><trkpt lat="-33.3906102" lon="-70.8477066"><ele>472.1</ele><time>2026-05-18T11:07:12Z</time></trkpt><trkpt lat="-33.3903666" lon="-70.8475014"><ele>472.2</ele><time>2026-05-18T11:07:14Z</time></trkpt><trkpt lat="-33.3901230" lon="-70.8472962"><ele>472.4</ele><time>2026-05-18T11:07:16Z</time></trkpt><trkpt lat="-33.3898795" lon="-70.8470911"><ele>472.5</ele><time>2026-05-18T11:07:19Z</time></trkpt><trkpt lat="-33.3896359" lon="-70.8468859"><ele>472.6</ele><time>2026-05-18T11:07:21Z</time></trkpt><trkpt lat="-33.3893924" lon="-70.8466807"><ele>472.8</ele><time>2026-05-18T11:07:23Z</time></trkpt><trkpt lat="-33.3891488" lon="-70.8464755"><ele>472.9</ele><time>2026-05-18T11:07:25Z</time></trkpt><trkpt lat="-33.3889053" lon="-70.8462703"><ele>473.0</ele><time>2026-05-18T11:07:28Z</time></trkpt><trkpt lat="-33.3886618" lon="-70.8460651"><ele>473.1</ele><time>2026-05-18T11:07:30Z</time></trkpt><trkpt lat="-33.3884182" lon="-70.8458599"><ele>473.2</ele><time>2026-05-18T11:07:32Z</time></trkpt><trkpt lat="-33.3881747" lon="-70.8456547"><ele>473.4</ele><time>2026-05-18T11:07:34Z</time></trkpt><trkpt lat="-33.3879311" lon="-70.8454495"><ele>473.5</ele><time>2026-05-18T11:07:37Z</time></trkpt><trkpt lat="-33.3876876" lon="-70.8452444"><ele>473.6</ele><time>2026-05-18T11:07:39Z</time></trkpt><trkpt lat="-33.3874440" lon="-70.8450392"><ele>473.8</ele><time>2026-05-18T11:07:41Z</time></trkpt><trkpt lat="-33.3872005" lon="-70.8448340"><ele>473.9</ele><time>2026-05-18T11:07:43Z</time></trkpt><trkpt lat="-33.3869569" lon="-70.8446288"><ele>474.0</ele><time>2026-05-18T11:07:46Z</time></trkpt><trkpt lat="-33.3868875" lon="-70.8445503"><ele>473.8</ele><time>2026-05-18T11:07:48Z</time></trkpt><trkpt lat="-33.3868181" lon="-70.8444719"><ele>473.6</ele><time>2026-05-18T11:07:50Z</time></trkpt><trkpt lat="-33.3867486" lon="-70.8443934"><ele>473.4</ele><time>2026-05-18T11:07:52Z</time></trkpt><trkpt lat="-33.3866792" lon="-70.8443150"><ele>473.2</ele><time>2026-05-18T11:07:55Z</time></trkpt><trkpt lat="-33.3866098" lon="-70.8442365"><ele>473.1</ele><time>2026-05-18T11:07:57Z</time></trkpt><trkpt lat="-33.3865404" lon="-70.8441581"><ele>472.9</ele><time>2026-05-18T11:07:59Z</time></trkpt><trkpt lat="-33.3864709" lon="-70.8440796"><ele>472.7</ele><time>2026-05-18T11:08:01Z</time></trkpt><trkpt lat="-33.3864015" lon="-70.8440011"><ele>472.5</ele><time>2026-05-18T11:08:04Z</time></trkpt><trkpt lat="-33.3863321" lon="-70.8439227"><ele>472.3</ele><time>2026-05-18T11:08:06Z</time></trkpt><trkpt lat="-33.3862626" lon="-70.8438442"><ele>472.1</ele><time>2026-05-18T11:08:08Z</time></trkpt><trkpt lat="-33.3861932" lon="-70.8437658"><ele>471.9</ele><time>2026-05-18T11:08:10Z</time></trkpt><trkpt lat="-33.3861238" lon="-70.8436873"><ele>471.8</ele><time>2026-05-18T11:08:13Z</time></trkpt><trkpt lat="-33.3860544" lon="-70.8436089"><ele>471.6</ele><time>2026-05-18T11:08:15Z</time></trkpt><trkpt lat="-33.3859850" lon="-70.8435304"><ele>471.4</ele><time>2026-05-18T11:08:17Z</time></trkpt><trkpt lat="-33.3859155" lon="-70.8434520"><ele>471.2</ele><time>2026-05-18T11:08:19Z</time></trkpt><trkpt lat="-33.3858461" lon="-70.8433735"><ele>471.0</ele><time>2026-05-18T11:08:22Z</time></trkpt><trkpt lat="-33.3858097" lon="-70.8433286"><ele>471.2</ele><time>2026-05-18T11:08:24Z</time></trkpt><trkpt lat="-33.3857733" lon="-70.8432837"><ele>471.5</ele><time>2026-05-18T11:08:26Z</time></trkpt><trkpt lat="-33.3857369" lon="-70.8432387"><ele>471.8</ele><time>2026-05-18T11:08:28Z</time></trkpt><trkpt lat="-33.3857005" lon="-70.8431938"><ele>472.0</ele><time>2026-05-18T11:08:31Z</time></trkpt><trkpt lat="-33.3856641" lon="-70.8431489"><ele>472.2</ele><time>2026-05-18T11:08:33Z</time></trkpt><trkpt lat="-33.3856277" lon="-70.8431039"><ele>472.5</ele><time>2026-05-18T11:08:35Z</time></trkpt><trkpt lat="-33.3855913" lon="-70.8430590"><ele>472.8</ele><time>2026-05-18T11:08:37Z</time></trkpt><trkpt lat="-33.3855549" lon="-70.8430141"><ele>473.0</ele><time>2026-05-18T11:08:40Z</time></trkpt><trkpt lat="-33.3855186" lon="-70.8429692"><ele>473.2</ele><time>2026-05-18T11:08:42Z</time></trkpt><trkpt lat="-33.3854822" lon="-70.8429242"><ele>473.5</ele><time>2026-05-18T11:08:44Z</time></trkpt><trkpt lat="-33.3854458" lon="-70.8428793"><ele>473.8</ele><time>2026-05-18T11:08:46Z</time></trkpt><trkpt lat="-33.3854094" lon="-70.8428344"><ele>474.0</ele><time>2026-05-18T11:08:49Z</time></trkpt><trkpt lat="-33.3853730" lon="-70.8427895"><ele>474.2</ele><time>2026-05-18T11:08:51Z</time></trkpt><trkpt lat="-33.3853366" lon="-70.8427445"><ele>474.5</ele><time>2026-05-18T11:08:53Z</time></trkpt><trkpt lat="-33.3853002" lon="-70.8426996"><ele>474.8</ele><time>2026-05-18T11:08:55Z</time></trkpt><trkpt lat="-33.3852638" lon="-70.8426547"><ele>475.0</ele><time>2026-05-18T11:08:58Z</time></trkpt><trkpt lat="-33.3852341" lon="-70.8426279"><ele>475.0</ele><time>2026-05-18T11:09:00Z</time></trkpt><trkpt lat="-33.3852044" lon="-70.8426011"><ele>475.0</ele><time>2026-05-18T11:09:02Z</time></trkpt><trkpt lat="-33.3851748" lon="-70.8425742"><ele>475.0</ele><time>2026-05-18T11:09:04Z</time></trkpt><trkpt lat="-33.3851451" lon="-70.8425474"><ele>475.0</ele><time>2026-05-18T11:09:07Z</time></trkpt><trkpt lat="-33.3851154" lon="-70.8425206"><ele>475.0</ele><time>2026-05-18T11:09:09Z</time></trkpt><trkpt lat="-33.3850857" lon="-70.8424938"><ele>475.0</ele><time>2026-05-18T11:09:11Z</time></trkpt><trkpt lat="-33.3850561" lon="-70.8424670"><ele>475.0</ele><time>2026-05-18T11:09:13Z</time></trkpt><trkpt lat="-33.3850264" lon="-70.8424402"><ele>475.0</ele><time>2026-05-18T11:09:16Z</time></trkpt><trkpt lat="-33.3849967" lon="-70.8424133"><ele>475.0</ele><time>2026-05-18T11:09:18Z</time></trkpt><trkpt lat="-33.3849671" lon="-70.8423865"><ele>475.0</ele><time>2026-05-18T11:09:20Z</time></trkpt><trkpt lat="-33.3849374" lon="-70.8423597"><ele>475.0</ele><time>2026-05-18T11:09:22Z</time></trkpt><trkpt lat="-33.3849077" lon="-70.8423329"><ele>475.0</ele><time>2026-05-18T11:09:25Z</time></trkpt><trkpt lat="-33.3848780" lon="-70.8423061"><ele>475.0</ele><time>2026-05-18T11:09:27Z</time></trkpt><trkpt lat="-33.3848483" lon="-70.8422792"><ele>475.0</ele><time>2026-05-18T11:09:29Z</time></trkpt><trkpt lat="-33.3848187" lon="-70.8422524"><ele>475.0</ele><time>2026-05-18T11:09:31Z</time></trkpt><trkpt lat="-33.3847890" lon="-70.8422256"><ele>475.0</ele><time>2026-05-18T11:09:34Z</time></trkpt><trkpt lat="-33.3847662" lon="-70.8422321"><ele>475.0</ele><time>2026-05-18T11:09:36Z</time></trkpt><trkpt lat="-33.3847434" lon="-70.8422387"><ele>475.0</ele><time>2026-05-18T11:09:38Z</time></trkpt><trkpt lat="-33.3847205" lon="-70.8422452"><ele>475.0</ele><time>2026-05-18T11:09:40Z</time></trkpt><trkpt lat="-33.3846977" lon="-70.8422518"><ele>475.0</ele><time>2026-05-18T11:09:43Z</time></trkpt><trkpt lat="-33.3846749" lon="-70.8422583"><ele>475.0</ele><time>2026-05-18T11:09:45Z</time></trkpt><trkpt lat="-33.3846521" lon="-70.8422648"><ele>475.0</ele><time>2026-05-18T11:09:47Z</time></trkpt><trkpt lat="-33.3846293" lon="-70.8422714"><ele>475.0</ele><time>2026-05-18T11:09:49Z</time></trkpt><trkpt lat="-33.3846064" lon="-70.8422779"><ele>475.0</ele><time>2026-05-18T11:09:52Z</time></trkpt><trkpt lat="-33.3845836" lon="-70.8422844"><ele>475.0</ele><time>2026-05-18T11:09:54Z</time></trkpt><trkpt lat="-33.3845608" lon="-70.8422910"><ele>475.0</ele><time>2026-05-18T11:09:56Z</time></trkpt><trkpt lat="-33.3845380" lon="-70.8422975"><ele>475.0</ele><time>2026-05-18T11:09:58Z</time></trkpt><trkpt lat="-33.3845152" lon="-70.8423041"><ele>475.0</ele><time>2026-05-18T11:10:01Z</time></trkpt><trkpt lat="-33.3844924" lon="-70.8423106"><ele>475.0</ele><time>2026-05-18T11:10:03Z</time></trkpt><trkpt lat="-33.3844695" lon="-70.8423171"><ele>475.0</ele><time>2026-05-18T11:10:05Z</time></trkpt><trkpt lat="-33.3844467" lon="-70.8423237"><ele>475.0</ele><time>2026-05-18T11:10:07Z</time></trkpt><trkpt lat="-33.3844239" lon="-70.8423302"><ele>475.0</ele><time>2026-05-18T11:10:10Z</time></trkpt><trkpt lat="-33.3844149" lon="-70.8423376"><ele>475.0</ele><time>2026-05-18T11:10:12Z</time></trkpt><trkpt lat="-33.3844060" lon="-70.8423450"><ele>475.0</ele><time>2026-05-18T11:10:14Z</time></trkpt><trkpt lat="-33.3843970" lon="-70.8423523"><ele>475.0</ele><time>2026-05-18T11:10:16Z</time></trkpt><trkpt lat="-33.3843881" lon="-70.8423597"><ele>475.0</ele><time>2026-05-18T11:10:19Z</time></trkpt><trkpt lat="-33.3843791" lon="-70.8423671"><ele>475.0</ele><time>2026-05-18T11:10:21Z</time></trkpt><trkpt lat="-33.3843702" lon="-70.8423745"><ele>475.0</ele><time>2026-05-18T11:10:23Z</time></trkpt><trkpt lat="-33.3843612" lon="-70.8423818"><ele>475.0</ele><time>2026-05-18T11:10:25Z</time></trkpt><trkpt lat="-33.3843522" lon="-70.8423892"><ele>475.0</ele><time>2026-05-18T11:10:28Z</time></trkpt><trkpt lat="-33.3843433" lon="-70.8423966"><ele>475.0</ele><time>2026-05-18T11:10:30Z</time></trkpt><trkpt lat="-33.3843343" lon="-70.8424040"><ele>475.0</ele><time>2026-05-18T11:10:32Z</time></trkpt><trkpt lat="-33.3843254" lon="-70.8424113"><ele>475.0</ele><time>2026-05-18T11:10:34Z</time></trkpt><trkpt lat="-33.3843164" lon="-70.8424187"><ele>475.0</ele><time>2026-05-18T11:10:37Z</time></trkpt><trkpt lat="-33.3843075" lon="-70.8424261"><ele>475.0</ele><time>2026-05-18T11:10:39Z</time></trkpt><trkpt lat="-33.3842985" lon="-70.8424335"><ele>475.0</ele><time>2026-05-18T11:10:41Z</time></trkpt><trkpt lat="-33.3842896" lon="-70.8424408"><ele>475.0</ele><time>2026-05-18T11:10:43Z</time></trkpt><trkpt lat="-33.3842806" lon="-70.8424482"><ele>475.0</ele><time>2026-05-18T11:10:46Z</time></trkpt><trkpt lat="-33.3842676" lon="-70.8424643"><ele>475.0</ele><time>2026-05-18T11:10:48Z</time></trkpt><trkpt lat="-33.3842546" lon="-70.8424804"><ele>475.0</ele><time>2026-05-18T11:10:50Z</time></trkpt><trkpt lat="-33.3842415" lon="-70.8424965"><ele>475.0</ele><time>2026-05-18T11:10:52Z</time></trkpt><trkpt lat="-33.3842285" lon="-70.8425126"><ele>475.0</ele><time>2026-05-18T11:10:55Z</time></trkpt><trkpt lat="-33.3842155" lon="-70.8425287"><ele>475.0</ele><time>2026-05-18T11:10:57Z</time></trkpt><trkpt lat="-33.3842025" lon="-70.8425448"><ele>475.0</ele><time>2026-05-18T11:10:59Z</time></trkpt><trkpt lat="-33.3841895" lon="-70.8425609"><ele>475.0</ele><time>2026-05-18T11:11:01Z</time></trkpt><trkpt lat="-33.3841764" lon="-70.8425769"><ele>475.0</ele><time>2026-05-18T11:11:04Z</time></trkpt><trkpt lat="-33.3841634" lon="-70.8425930"><ele>475.0</ele><time>2026-05-18T11:11:06Z</time></trkpt><trkpt lat="-33.3841504" lon="-70.8426091"><ele>475.0</ele><time>2026-05-18T11:11:08Z</time></trkpt><trkpt lat="-33.3841374" lon="-70.8426252"><ele>475.0</ele><time>2026-05-18T11:11:10Z</time></trkpt><trkpt lat="-33.3841244" lon="-70.8426413"><ele>475.0</ele><time>2026-05-18T11:11:13Z</time></trkpt><trkpt lat="-33.3841114" lon="-70.8426574"><ele>475.0</ele><time>2026-05-18T11:11:15Z</time></trkpt><trkpt lat="-33.3840983" lon="-70.8426735"><ele>475.0</ele><time>2026-05-18T11:11:17Z</time></trkpt><trkpt lat="-33.3840853" lon="-70.8426896"><ele>475.0</ele><time>2026-05-18T11:11:19Z</time></trkpt><trkpt lat="-33.3840723" lon="-70.8427057"><ele>475.0</ele><time>2026-05-18T11:11:22Z</time></trkpt><trkpt lat="-33.3840541" lon="-70.8427468"><ele>475.0</ele><time>2026-05-18T11:11:24Z</time></trkpt><trkpt lat="-33.3840359" lon="-70.8427878"><ele>475.0</ele><time>2026-05-18T11:11:26Z</time></trkpt><trkpt lat="-33.3840177" lon="-70.8428289"><ele>475.0</ele><time>2026-05-18T11:11:28Z</time></trkpt><trkpt lat="-33.3839995" lon="-70.8428700"><ele>475.0</ele><time>2026-05-18T11:11:31Z</time></trkpt><trkpt lat="-33.3839813" lon="-70.8429110"><ele>475.0</ele><time>2026-05-18T11:11:33Z</time></trkpt><trkpt lat="-33.3839631" lon="-70.8429521"><ele>475.0</ele><time>2026-05-18T11:11:35Z</time></trkpt><trkpt lat="-33.3839449" lon="-70.8429932"><ele>475.0</ele><time>2026-05-18T11:11:37Z</time></trkpt><trkpt lat="-33.3839267" lon="-70.8430342"><ele>475.0</ele><time>2026-05-18T11:11:40Z</time></trkpt><trkpt lat="-33.3839085" lon="-70.8430753"><ele>475.0</ele><time>2026-05-18T11:11:42Z</time></trkpt><trkpt lat="-33.3838903" lon="-70.8431164"><ele>475.0</ele><time>2026-05-18T11:11:44Z</time></trkpt><trkpt lat="-33.3838721" lon="-70.8431575"><ele>475.0</ele><time>2026-05-18T11:11:46Z</time></trkpt><trkpt lat="-33.3838539" lon="-70.8431985"><ele>475.0</ele><time>2026-05-18T11:11:49Z</time></trkpt><trkpt lat="-33.3838357" lon="-70.8432396"><ele>475.0</ele><time>2026-05-18T11:11:51Z</time></trkpt><trkpt lat="-33.3838175" lon="-70.8432807"><ele>475.0</ele><time>2026-05-18T11:11:53Z</time></trkpt><trkpt lat="-33.3837993" lon="-70.8433217"><ele>475.0</ele><time>2026-05-18T11:11:55Z</time></trkpt><trkpt lat="-33.3837811" lon="-70.8433628"><ele>475.0</ele><time>2026-05-18T11:11:58Z</time></trkpt><trkpt lat="-33.3837366" lon="-70.8434258"><ele>474.9</ele><time>2026-05-18T11:12:00Z</time></trkpt><trkpt lat="-33.3836921" lon="-70.8434889"><ele>474.8</ele><time>2026-05-18T11:12:02Z</time></trkpt><trkpt lat="-33.3836476" lon="-70.8435519"><ele>474.6</ele><time>2026-05-18T11:12:04Z</time></trkpt><trkpt lat="-33.3836030" lon="-70.8436149"><ele>474.5</ele><time>2026-05-18T11:12:07Z</time></trkpt><trkpt lat="-33.3835585" lon="-70.8436780"><ele>474.4</ele><time>2026-05-18T11:12:09Z</time></trkpt><trkpt lat="-33.3835140" lon="-70.8437410"><ele>474.2</ele><time>2026-05-18T11:12:11Z</time></trkpt><trkpt lat="-33.3834695" lon="-70.8438040"><ele>474.1</ele><time>2026-05-18T11:12:13Z</time></trkpt><trkpt lat="-33.3834250" lon="-70.8438671"><ele>474.0</ele><time>2026-05-18T11:12:16Z</time></trkpt><trkpt lat="-33.3833805" lon="-70.8439301"><ele>473.9</ele><time>2026-05-18T11:12:18Z</time></trkpt><trkpt lat="-33.3833360" lon="-70.8439931"><ele>473.8</ele><time>2026-05-18T11:12:20Z</time></trkpt><trkpt lat="-33.3832915" lon="-70.8440561"><ele>473.6</ele><time>2026-05-18T11:12:22Z</time></trkpt><trkpt lat="-33.3832470" lon="-70.8441192"><ele>473.5</ele><time>2026-05-18T11:12:25Z</time></trkpt><trkpt lat="-33.3832024" lon="-70.8441822"><ele>473.4</ele><time>2026-05-18T11:12:27Z</time></trkpt><trkpt lat="-33.3831579" lon="-70.8442452"><ele>473.2</ele><time>2026-05-18T11:12:29Z</time></trkpt><trkpt lat="-33.3831134" lon="-70.8443083"><ele>473.1</ele><time>2026-05-18T11:12:31Z</time></trkpt><trkpt lat="-33.3830689" lon="-70.8443713"><ele>473.0</ele><time>2026-05-18T11:12:34Z</time></trkpt><trkpt lat="-33.3830364" lon="-70.8444270"><ele>473.0</ele><time>2026-05-18T11:12:36Z</time></trkpt><trkpt lat="-33.3830039" lon="-70.8444826"><ele>473.0</ele><time>2026-05-18T11:12:38Z</time></trkpt><trkpt lat="-33.3829715" lon="-70.8445383"><ele>473.0</ele><time>2026-05-18T11:12:40Z</time></trkpt><trkpt lat="-33.3829390" lon="-70.8445939"><ele>473.0</ele><time>2026-05-18T11:12:43Z</time></trkpt><trkpt lat="-33.3829065" lon="-70.8446496"><ele>473.0</ele><time>2026-05-18T11:12:45Z</time></trkpt><trkpt lat="-33.3828740" lon="-70.8447052"><ele>473.0</ele><time>2026-05-18T11:12:47Z</time></trkpt><trkpt lat="-33.3828416" lon="-70.8447609"><ele>473.0</ele><time>2026-05-18T11:12:49Z</time></trkpt><trkpt lat="-33.3828091" lon="-70.8448166"><ele>473.0</ele><time>2026-05-18T11:12:52Z</time></trkpt><trkpt lat="-33.3827766" lon="-70.8448722"><ele>473.0</ele><time>2026-05-18T11:12:54Z</time></trkpt><trkpt lat="-33.3827442" lon="-70.8449279"><ele>473.0</ele><time>2026-05-18T11:12:56Z</time></trkpt><trkpt lat="-33.3827117" lon="-70.8449835"><ele>473.0</ele><time>2026-05-18T11:12:58Z</time></trkpt><trkpt lat="-33.3826792" lon="-70.8450392"><ele>473.0</ele><time>2026-05-18T11:13:01Z</time></trkpt><trkpt lat="-33.3826467" lon="-70.8450948"><ele>473.0</ele><time>2026-05-18T11:13:03Z</time></trkpt><trkpt lat="-33.3826143" lon="-70.8451505"><ele>473.0</ele><time>2026-05-18T11:13:05Z</time></trkpt><trkpt lat="-33.3825818" lon="-70.8452061"><ele>473.0</ele><time>2026-05-18T11:13:07Z</time></trkpt><trkpt lat="-33.3825493" lon="-70.8452618"><ele>473.0</ele><time>2026-05-18T11:13:10Z</time></trkpt><trkpt lat="-33.3825241" lon="-70.8453352"><ele>472.8</ele><time>2026-05-18T11:13:12Z</time></trkpt><trkpt lat="-33.3824989" lon="-70.8454086"><ele>472.6</ele><time>2026-05-18T11:13:14Z</time></trkpt><trkpt lat="-33.3824737" lon="-70.8454821"><ele>472.4</ele><time>2026-05-18T11:13:16Z</time></trkpt><trkpt lat="-33.3824485" lon="-70.8455555"><ele>472.2</ele><time>2026-05-18T11:13:19Z</time></trkpt><trkpt lat="-33.3824233" lon="-70.8456289"><ele>472.1</ele><time>2026-05-18T11:13:21Z</time></trkpt><trkpt lat="-33.3823981" lon="-70.8457024"><ele>471.9</ele><time>2026-05-18T11:13:23Z</time></trkpt><trkpt lat="-33.3823729" lon="-70.8457758"><ele>471.7</ele><time>2026-05-18T11:13:26Z</time></trkpt><trkpt lat="-33.3823478" lon="-70.8458492"><ele>471.5</ele><time>2026-05-18T11:13:28Z</time></trkpt><trkpt lat="-33.3823226" lon="-70.8459226"><ele>471.3</ele><time>2026-05-18T11:13:30Z</time></trkpt><trkpt lat="-33.3822974" lon="-70.8459960"><ele>471.1</ele><time>2026-05-18T11:13:32Z</time></trkpt><trkpt lat="-33.3822722" lon="-70.8460695"><ele>470.9</ele><time>2026-05-18T11:13:35Z</time></trkpt><trkpt lat="-33.3822470" lon="-70.8461429"><ele>470.8</ele><time>2026-05-18T11:13:37Z</time></trkpt><trkpt lat="-33.3822218" lon="-70.8462163"><ele>470.6</ele><time>2026-05-18T11:13:39Z</time></trkpt><trkpt lat="-33.3821966" lon="-70.8462898"><ele>470.4</ele><time>2026-05-18T11:13:41Z</time></trkpt><trkpt lat="-33.3821714" lon="-70.8463632"><ele>470.2</ele><time>2026-05-18T11:13:44Z</time></trkpt><trkpt lat="-33.3821462" lon="-70.8464366"><ele>470.0</ele><time>2026-05-18T11:13:46Z</time></trkpt><trkpt lat="-33.3821252" lon="-70.8464829"><ele>470.0</ele><time>2026-05-18T11:13:48Z</time></trkpt><trkpt lat="-33.3821042" lon="-70.8465291"><ele>470.0</ele><time>2026-05-18T11:13:50Z</time></trkpt><trkpt lat="-33.3820832" lon="-70.8465754"><ele>470.0</ele><time>2026-05-18T11:13:53Z</time></trkpt><trkpt lat="-33.3820622" lon="-70.8466217"><ele>470.0</ele><time>2026-05-18T11:13:55Z</time></trkpt><trkpt lat="-33.3820412" lon="-70.8466679"><ele>470.0</ele><time>2026-05-18T11:13:57Z</time></trkpt><trkpt lat="-33.3820202" lon="-70.8467142"><ele>470.0</ele><time>2026-05-18T11:13:59Z</time></trkpt><trkpt lat="-33.3819992" lon="-70.8467605"><ele>470.0</ele><time>2026-05-18T11:14:02Z</time></trkpt><trkpt lat="-33.3819782" lon="-70.8468067"><ele>470.0</ele><time>2026-05-18T11:14:04Z</time></trkpt><trkpt lat="-33.3819572" lon="-70.8468530"><ele>470.0</ele><time>2026-05-18T11:14:06Z</time></trkpt><trkpt lat="-33.3819362" lon="-70.8468993"><ele>470.0</ele><time>2026-05-18T11:14:08Z</time></trkpt><trkpt lat="-33.3819152" lon="-70.8469456"><ele>470.0</ele><time>2026-05-18T11:14:11Z</time></trkpt><trkpt lat="-33.3818942" lon="-70.8469918"><ele>470.0</ele><time>2026-05-18T11:14:13Z</time></trkpt><trkpt lat="-33.3818732" lon="-70.8470381"><ele>470.0</ele><time>2026-05-18T11:14:15Z</time></trkpt><trkpt lat="-33.3818522" lon="-70.8470844"><ele>470.0</ele><time>2026-05-18T11:14:17Z</time></trkpt><trkpt lat="-33.3818312" lon="-70.8471306"><ele>470.0</ele><time>2026-05-18T11:14:20Z</time></trkpt><trkpt lat="-33.3818102" lon="-70.8471769"><ele>470.0</ele><time>2026-05-18T11:14:22Z</time></trkpt><trkpt lat="-33.3817774" lon="-70.8472094"><ele>470.0</ele><time>2026-05-18T11:14:24Z</time></trkpt><trkpt lat="-33.3817447" lon="-70.8472419"><ele>470.0</ele><time>2026-05-18T11:14:26Z</time></trkpt><trkpt lat="-33.3817119" lon="-70.8472745"><ele>470.0</ele><time>2026-05-18T11:14:29Z</time></trkpt><trkpt lat="-33.3816792" lon="-70.8473070"><ele>470.0</ele><time>2026-05-18T11:14:31Z</time></trkpt><trkpt lat="-33.3816464" lon="-70.8473395"><ele>470.0</ele><time>2026-05-18T11:14:33Z</time></trkpt><trkpt lat="-33.3816137" lon="-70.8473720"><ele>470.0</ele><time>2026-05-18T11:14:35Z</time></trkpt><trkpt lat="-33.3815809" lon="-70.8474046"><ele>470.0</ele><time>2026-05-18T11:14:38Z</time></trkpt><trkpt lat="-33.3815482" lon="-70.8474371"><ele>470.0</ele><time>2026-05-18T11:14:40Z</time></trkpt><trkpt lat="-33.3815154" lon="-70.8474696"><ele>470.0</ele><time>2026-05-18T11:14:42Z</time></trkpt><trkpt lat="-33.3814826" lon="-70.8475021"><ele>470.0</ele><time>2026-05-18T11:14:44Z</time></trkpt><trkpt lat="-33.3814499" lon="-70.8475347"><ele>470.0</ele><time>2026-05-18T11:14:47Z</time></trkpt><trkpt lat="-33.3814171" lon="-70.8475672"><ele>470.0</ele><time>2026-05-18T11:14:49Z</time></trkpt><trkpt lat="-33.3813844" lon="-70.8475997"><ele>470.0</ele><time>2026-05-18T11:14:51Z</time></trkpt><trkpt lat="-33.3813516" lon="-70.8476322"><ele>470.0</ele><time>2026-05-18T11:14:53Z</time></trkpt><trkpt lat="-33.3813189" lon="-70.8476648"><ele>470.0</ele><time>2026-05-18T11:14:56Z</time></trkpt><trkpt lat="-33.3812861" lon="-70.8476973"><ele>470.0</ele><time>2026-05-18T11:14:58Z</time></trkpt><trkpt lat="-33.3812430" lon="-70.8477110"><ele>470.1</ele><time>2026-05-18T11:15:00Z</time></trkpt><trkpt lat="-33.3811999" lon="-70.8477248"><ele>470.2</ele><time>2026-05-18T11:15:02Z</time></trkpt><trkpt lat="-33.3811568" lon="-70.8477385"><ele>470.4</ele><time>2026-05-18T11:15:05Z</time></trkpt><trkpt lat="-33.3811136" lon="-70.8477523"><ele>470.5</ele><time>2026-05-18T11:15:07Z</time></trkpt><trkpt lat="-33.3810705" lon="-70.8477660"><ele>470.6</ele><time>2026-05-18T11:15:09Z</time></trkpt><trkpt lat="-33.3810274" lon="-70.8477798"><ele>470.8</ele><time>2026-05-18T11:15:11Z</time></trkpt><trkpt lat="-33.3809843" lon="-70.8477935"><ele>470.9</ele><time>2026-05-18T11:15:14Z</time></trkpt><trkpt lat="-33.3809412" lon="-70.8478072"><ele>471.0</ele><time>2026-05-18T11:15:16Z</time></trkpt><trkpt lat="-33.3808981" lon="-70.8478210"><ele>471.1</ele><time>2026-05-18T11:15:18Z</time></trkpt><trkpt lat="-33.3808550" lon="-70.8478347"><ele>471.2</ele><time>2026-05-18T11:15:20Z</time></trkpt><trkpt lat="-33.3808119" lon="-70.8478485"><ele>471.4</ele><time>2026-05-18T11:15:23Z</time></trkpt><trkpt lat="-33.3807688" lon="-70.8478622"><ele>471.5</ele><time>2026-05-18T11:15:25Z</time></trkpt><trkpt lat="-33.3807256" lon="-70.8478760"><ele>471.6</ele><time>2026-05-18T11:15:27Z</time></trkpt><trkpt lat="-33.3806825" lon="-70.8478897"><ele>471.8</ele><time>2026-05-18T11:15:29Z</time></trkpt><trkpt lat="-33.3806394" lon="-70.8479035"><ele>471.9</ele><time>2026-05-18T11:15:32Z</time></trkpt><trkpt lat="-33.3805963" lon="-70.8479172"><ele>472.0</ele><time>2026-05-18T11:15:34Z</time></trkpt><trkpt lat="-33.3805313" lon="-70.8479071"><ele>472.0</ele><time>2026-05-18T11:15:36Z</time></trkpt><trkpt lat="-33.3804664" lon="-70.8478971"><ele>472.0</ele><time>2026-05-18T11:15:38Z</time></trkpt><trkpt lat="-33.3804014" lon="-70.8478870"><ele>472.0</ele><time>2026-05-18T11:15:41Z</time></trkpt><trkpt lat="-33.3803365" lon="-70.8478770"><ele>472.0</ele><time>2026-05-18T11:15:43Z</time></trkpt><trkpt lat="-33.3802715" lon="-70.8478669"><ele>472.0</ele><time>2026-05-18T11:15:45Z</time></trkpt><trkpt lat="-33.3802066" lon="-70.8478569"><ele>472.0</ele><time>2026-05-18T11:15:47Z</time></trkpt><trkpt lat="-33.3801416" lon="-70.8478468"><ele>472.0</ele><time>2026-05-18T11:15:50Z</time></trkpt><trkpt lat="-33.3800766" lon="-70.8478367"><ele>472.0</ele><time>2026-05-18T11:15:52Z</time></trkpt><trkpt lat="-33.3800117" lon="-70.8478267"><ele>472.0</ele><time>2026-05-18T11:15:54Z</time></trkpt><trkpt lat="-33.3799467" lon="-70.8478166"><ele>472.0</ele><time>2026-05-18T11:15:56Z</time></trkpt><trkpt lat="-33.3798818" lon="-70.8478066"><ele>472.0</ele><time>2026-05-18T11:15:59Z</time></trkpt><trkpt lat="-33.3798168" lon="-70.8477965"><ele>472.0</ele><time>2026-05-18T11:16:01Z</time></trkpt><trkpt lat="-33.3797519" lon="-70.8477865"><ele>472.0</ele><time>2026-05-18T11:16:03Z</time></trkpt><trkpt lat="-33.3796869" lon="-70.8477764"><ele>472.0</ele><time>2026-05-18T11:16:05Z</time></trkpt><trkpt lat="-33.3796220" lon="-70.8477664"><ele>472.0</ele><time>2026-05-18T11:16:08Z</time></trkpt><trkpt lat="-33.3795570" lon="-70.8477563"><ele>472.0</ele><time>2026-05-18T11:16:10Z</time></trkpt><trkpt lat="-33.3793901" lon="-70.8477177"><ele>472.0</ele><time>2026-05-18T11:16:12Z</time></trkpt><trkpt lat="-33.3792233" lon="-70.8476792"><ele>472.0</ele><time>2026-05-18T11:16:14Z</time></trkpt><trkpt lat="-33.3790564" lon="-70.8476406"><ele>472.0</ele><time>2026-05-18T11:16:17Z</time></trkpt><trkpt lat="-33.3788895" lon="-70.8476021"><ele>472.0</ele><time>2026-05-18T11:16:19Z</time></trkpt><trkpt lat="-33.3787227" lon="-70.8475635"><ele>472.0</ele><time>2026-05-18T11:16:21Z</time></trkpt><trkpt lat="-33.3785558" lon="-70.8475250"><ele>472.0</ele><time>2026-05-18T11:16:23Z</time></trkpt><trkpt lat="-33.3783890" lon="-70.8474864"><ele>472.0</ele><time>2026-05-18T11:16:26Z</time></trkpt><trkpt lat="-33.3782221" lon="-70.8474479"><ele>472.0</ele><time>2026-05-18T11:16:28Z</time></trkpt><trkpt lat="-33.3780552" lon="-70.8474093"><ele>472.0</ele><time>2026-05-18T11:16:30Z</time></trkpt><trkpt lat="-33.3778884" lon="-70.8473707"><ele>472.0</ele><time>2026-05-18T11:16:32Z</time></trkpt><trkpt lat="-33.3777215" lon="-70.8473322"><ele>472.0</ele><time>2026-05-18T11:16:35Z</time></trkpt><trkpt lat="-33.3775547" lon="-70.8472936"><ele>472.0</ele><time>2026-05-18T11:16:37Z</time></trkpt><trkpt lat="-33.3773878" lon="-70.8472551"><ele>472.0</ele><time>2026-05-18T11:16:39Z</time></trkpt><trkpt lat="-33.3772209" lon="-70.8472165"><ele>472.0</ele><time>2026-05-18T11:16:41Z</time></trkpt><trkpt lat="-33.3770541" lon="-70.8471780"><ele>472.0</ele><time>2026-05-18T11:16:44Z</time></trkpt><trkpt lat="-33.3768872" lon="-70.8471394"><ele>472.0</ele><time>2026-05-18T11:16:46Z</time></trkpt><trkpt lat="-33.3767464" lon="-70.8471129"><ele>472.1</ele><time>2026-05-18T11:16:48Z</time></trkpt><trkpt lat="-33.3766055" lon="-70.8470864"><ele>472.1</ele><time>2026-05-18T11:16:50Z</time></trkpt><trkpt lat="-33.3764647" lon="-70.8470599"><ele>472.2</ele><time>2026-05-18T11:16:53Z</time></trkpt><trkpt lat="-33.3763239" lon="-70.8470334"><ele>472.2</ele><time>2026-05-18T11:16:55Z</time></trkpt><trkpt lat="-33.3761830" lon="-70.8470070"><ele>472.3</ele><time>2026-05-18T11:16:57Z</time></trkpt><trkpt lat="-33.3760422" lon="-70.8469805"><ele>472.4</ele><time>2026-05-18T11:16:59Z</time></trkpt><trkpt lat="-33.3759014" lon="-70.8469540"><ele>472.4</ele><time>2026-05-18T11:17:02Z</time></trkpt><trkpt lat="-33.3757605" lon="-70.8469275"><ele>472.5</ele><time>2026-05-18T11:17:04Z</time></trkpt><trkpt lat="-33.3756197" lon="-70.8469010"><ele>472.6</ele><time>2026-05-18T11:17:06Z</time></trkpt><trkpt lat="-33.3754789" lon="-70.8468745"><ele>472.6</ele><time>2026-05-18T11:17:08Z</time></trkpt><trkpt lat="-33.3753381" lon="-70.8468480"><ele>472.7</ele><time>2026-05-18T11:17:11Z</time></trkpt><trkpt lat="-33.3751972" lon="-70.8468216"><ele>472.8</ele><time>2026-05-18T11:17:13Z</time></trkpt><trkpt lat="-33.3750564" lon="-70.8467951"><ele>472.8</ele><time>2026-05-18T11:17:15Z</time></trkpt><trkpt lat="-33.3749156" lon="-70.8467686"><ele>472.9</ele><time>2026-05-18T11:17:17Z</time></trkpt><trkpt lat="-33.3747747" lon="-70.8467421"><ele>472.9</ele><time>2026-05-18T11:17:20Z</time></trkpt><trkpt lat="-33.3746339" lon="-70.8467156"><ele>473.0</ele><time>2026-05-18T11:17:22Z</time></trkpt><trkpt lat="-33.3742058" lon="-70.8466227"><ele>473.1</ele><time>2026-05-18T11:17:24Z</time></trkpt><trkpt lat="-33.3737777" lon="-70.8465298"><ele>473.1</ele><time>2026-05-18T11:17:26Z</time></trkpt><trkpt lat="-33.3733495" lon="-70.8464370"><ele>473.2</ele><time>2026-05-18T11:17:29Z</time></trkpt><trkpt lat="-33.3729214" lon="-70.8463441"><ele>473.2</ele><time>2026-05-18T11:17:31Z</time></trkpt><trkpt lat="-33.3724933" lon="-70.8462512"><ele>473.3</ele><time>2026-05-18T11:17:33Z</time></trkpt><trkpt lat="-33.3720652" lon="-70.8461583"><ele>473.4</ele><time>2026-05-18T11:17:35Z</time></trkpt><trkpt lat="-33.3716371" lon="-70.8460655"><ele>473.4</ele><time>2026-05-18T11:17:38Z</time></trkpt><trkpt lat="-33.3712089" lon="-70.8459726"><ele>473.5</ele><time>2026-05-18T11:17:40Z</time></trkpt><trkpt lat="-33.3707808" lon="-70.8458797"><ele>473.6</ele><time>2026-05-18T11:17:42Z</time></trkpt><trkpt lat="-33.3703527" lon="-70.8457868"><ele>473.6</ele><time>2026-05-18T11:17:44Z</time></trkpt><trkpt lat="-33.3699246" lon="-70.8456940"><ele>473.7</ele><time>2026-05-18T11:17:47Z</time></trkpt><trkpt lat="-33.3694965" lon="-70.8456011"><ele>473.8</ele><time>2026-05-18T11:17:49Z</time></trkpt><trkpt lat="-33.3690684" lon="-70.8455082"><ele>473.8</ele><time>2026-05-18T11:17:51Z</time></trkpt><trkpt lat="-33.3686402" lon="-70.8454153"><ele>473.9</ele><time>2026-05-18T11:17:53Z</time></trkpt><trkpt lat="-33.3682121" lon="-70.8453225"><ele>473.9</ele><time>2026-05-18T11:17:56Z</time></trkpt><trkpt lat="-33.3677840" lon="-70.8452296"><ele>474.0</ele><time>2026-05-18T11:17:58Z</time></trkpt><trkpt lat="-33.3676546" lon="-70.8452122"><ele>474.1</ele><time>2026-05-18T11:18:00Z</time></trkpt><trkpt lat="-33.3675253" lon="-70.8451947"><ele>474.2</ele><time>2026-05-18T11:18:02Z</time></trkpt><trkpt lat="-33.3673959" lon="-70.8451773"><ele>474.4</ele><time>2026-05-18T11:18:05Z</time></trkpt><trkpt lat="-33.3672665" lon="-70.8451599"><ele>474.5</ele><time>2026-05-18T11:18:07Z</time></trkpt><trkpt lat="-33.3671372" lon="-70.8451424"><ele>474.6</ele><time>2026-05-18T11:18:09Z</time></trkpt><trkpt lat="-33.3670078" lon="-70.8451250"><ele>474.8</ele><time>2026-05-18T11:18:11Z</time></trkpt><trkpt lat="-33.3668785" lon="-70.8451076"><ele>474.9</ele><time>2026-05-18T11:18:14Z</time></trkpt><trkpt lat="-33.3667491" lon="-70.8450902"><ele>475.0</ele><time>2026-05-18T11:18:16Z</time></trkpt><trkpt lat="-33.3666197" lon="-70.8450727"><ele>475.1</ele><time>2026-05-18T11:18:18Z</time></trkpt><trkpt lat="-33.3664904" lon="-70.8450553"><ele>475.2</ele><time>2026-05-18T11:18:20Z</time></trkpt><trkpt lat="-33.3663610" lon="-70.8450379"><ele>475.4</ele><time>2026-05-18T11:18:23Z</time></trkpt><trkpt lat="-33.3662317" lon="-70.8450204"><ele>475.5</ele><time>2026-05-18T11:18:25Z</time></trkpt><trkpt lat="-33.3661023" lon="-70.8450030"><ele>475.6</ele><time>2026-05-18T11:18:27Z</time></trkpt><trkpt lat="-33.3659729" lon="-70.8449856"><ele>475.8</ele><time>2026-05-18T11:18:29Z</time></trkpt><trkpt lat="-33.3658436" lon="-70.8449681"><ele>475.9</ele><time>2026-05-18T11:18:32Z</time></trkpt><trkpt lat="-33.3657142" lon="-70.8449507"><ele>476.0</ele><time>2026-05-18T11:18:34Z</time></trkpt><trkpt lat="-33.3648831" lon="-70.8447831"><ele>476.1</ele><time>2026-05-18T11:18:36Z</time></trkpt><trkpt lat="-33.3640519" lon="-70.8446154"><ele>476.1</ele><time>2026-05-18T11:18:38Z</time></trkpt><trkpt lat="-33.3632207" lon="-70.8444478"><ele>476.2</ele><time>2026-05-18T11:18:41Z</time></trkpt><trkpt lat="-33.3623896" lon="-70.8442802"><ele>476.2</ele><time>2026-05-18T11:18:43Z</time></trkpt><trkpt lat="-33.3615585" lon="-70.8441125"><ele>476.3</ele><time>2026-05-18T11:18:45Z</time></trkpt><trkpt lat="-33.3607273" lon="-70.8439449"><ele>476.4</ele><time>2026-05-18T11:18:47Z</time></trkpt><trkpt lat="-33.3598961" lon="-70.8437772"><ele>476.4</ele><time>2026-05-18T11:18:50Z</time></trkpt><trkpt lat="-33.3590650" lon="-70.8436096"><ele>476.5</ele><time>2026-05-18T11:18:52Z</time></trkpt><trkpt lat="-33.3582339" lon="-70.8434420"><ele>476.6</ele><time>2026-05-18T11:18:54Z</time></trkpt><trkpt lat="-33.3574027" lon="-70.8432743"><ele>476.6</ele><time>2026-05-18T11:18:56Z</time></trkpt><trkpt lat="-33.3565715" lon="-70.8431067"><ele>476.7</ele><time>2026-05-18T11:18:59Z</time></trkpt><trkpt lat="-33.3557404" lon="-70.8429390"><ele>476.8</ele><time>2026-05-18T11:19:01Z</time></trkpt><trkpt lat="-33.3549093" lon="-70.8427714"><ele>476.8</ele><time>2026-05-18T11:19:03Z</time></trkpt><trkpt lat="-33.3540781" lon="-70.8426038"><ele>476.9</ele><time>2026-05-18T11:19:05Z</time></trkpt><trkpt lat="-33.3532469" lon="-70.8424361"><ele>476.9</ele><time>2026-05-18T11:19:08Z</time></trkpt><trkpt lat="-33.3524158" lon="-70.8422685"><ele>477.0</ele><time>2026-05-18T11:19:10Z</time></trkpt><trkpt lat="-33.3521985" lon="-70.8422242"><ele>477.1</ele><time>2026-05-18T11:19:12Z</time></trkpt><trkpt lat="-33.3519812" lon="-70.8421800"><ele>477.1</ele><time>2026-05-18T11:19:14Z</time></trkpt><trkpt lat="-33.3517638" lon="-70.8421357"><ele>477.2</ele><time>2026-05-18T11:19:17Z</time></trkpt><trkpt lat="-33.3515465" lon="-70.8420915"><ele>477.2</ele><time>2026-05-18T11:19:19Z</time></trkpt><trkpt lat="-33.3513292" lon="-70.8420472"><ele>477.3</ele><time>2026-05-18T11:19:21Z</time></trkpt><trkpt lat="-33.3511119" lon="-70.8420030"><ele>477.4</ele><time>2026-05-18T11:19:23Z</time></trkpt><trkpt lat="-33.3508945" lon="-70.8419587"><ele>477.4</ele><time>2026-05-18T11:19:26Z</time></trkpt><trkpt lat="-33.3506772" lon="-70.8419145"><ele>477.5</ele><time>2026-05-18T11:19:28Z</time></trkpt><trkpt lat="-33.3504599" lon="-70.8418702"><ele>477.6</ele><time>2026-05-18T11:19:30Z</time></trkpt><trkpt lat="-33.3502425" lon="-70.8418259"><ele>477.6</ele><time>2026-05-18T11:19:32Z</time></trkpt><trkpt lat="-33.3500252" lon="-70.8417817"><ele>477.7</ele><time>2026-05-18T11:19:35Z</time></trkpt><trkpt lat="-33.3498079" lon="-70.8417374"><ele>477.8</ele><time>2026-05-18T11:19:37Z</time></trkpt><trkpt lat="-33.3495906" lon="-70.8416932"><ele>477.8</ele><time>2026-05-18T11:19:39Z</time></trkpt><trkpt lat="-33.3493732" lon="-70.8416489"><ele>477.9</ele><time>2026-05-18T11:19:41Z</time></trkpt><trkpt lat="-33.3491559" lon="-70.8416047"><ele>477.9</ele><time>2026-05-18T11:19:44Z</time></trkpt><trkpt lat="-33.3489386" lon="-70.8415604"><ele>478.0</ele><time>2026-05-18T11:19:46Z</time></trkpt><trkpt lat="-33.3485650" lon="-70.8414773"><ele>478.0</ele><time>2026-05-18T11:19:48Z</time></trkpt><trkpt lat="-33.3481913" lon="-70.8413941"><ele>478.0</ele><time>2026-05-18T11:19:50Z</time></trkpt><trkpt lat="-33.3478177" lon="-70.8413110"><ele>478.0</ele><time>2026-05-18T11:19:53Z</time></trkpt><trkpt lat="-33.3474441" lon="-70.8412278"><ele>478.0</ele><time>2026-05-18T11:19:55Z</time></trkpt><trkpt lat="-33.3470705" lon="-70.8411447"><ele>478.0</ele><time>2026-05-18T11:19:57Z</time></trkpt><trkpt lat="-33.3466969" lon="-70.8410615"><ele>478.0</ele><time>2026-05-18T11:19:59Z</time></trkpt><trkpt lat="-33.3463232" lon="-70.8409784"><ele>478.0</ele><time>2026-05-18T11:20:02Z</time></trkpt><trkpt lat="-33.3459496" lon="-70.8408952"><ele>478.0</ele><time>2026-05-18T11:20:04Z</time></trkpt><trkpt lat="-33.3455760" lon="-70.8408121"><ele>478.0</ele><time>2026-05-18T11:20:06Z</time></trkpt><trkpt lat="-33.3452023" lon="-70.8407289"><ele>478.0</ele><time>2026-05-18T11:20:09Z</time></trkpt><trkpt lat="-33.3448287" lon="-70.8406458"><ele>478.0</ele><time>2026-05-18T11:20:11Z</time></trkpt><trkpt lat="-33.3444551" lon="-70.8405626"><ele>478.0</ele><time>2026-05-18T11:20:13Z</time></trkpt><trkpt lat="-33.3440815" lon="-70.8404795"><ele>478.0</ele><time>2026-05-18T11:20:15Z</time></trkpt><trkpt lat="-33.3437079" lon="-70.8403963"><ele>478.0</ele><time>2026-05-18T11:20:18Z</time></trkpt><trkpt lat="-33.3433342" lon="-70.8403132"><ele>478.0</ele><time>2026-05-18T11:20:20Z</time></trkpt><trkpt lat="-33.3429606" lon="-70.8402300"><ele>478.0</ele><time>2026-05-18T11:20:22Z</time></trkpt><trkpt lat="-33.3426637" lon="-70.8401777"><ele>478.2</ele><time>2026-05-18T11:20:24Z</time></trkpt><trkpt lat="-33.3423668" lon="-70.8401254"><ele>478.4</ele><time>2026-05-18T11:20:27Z</time></trkpt><trkpt lat="-33.3420699" lon="-70.8400731"><ele>478.6</ele><time>2026-05-18T11:20:29Z</time></trkpt><trkpt lat="-33.3417730" lon="-70.8400208"><ele>478.8</ele><time>2026-05-18T11:20:31Z</time></trkpt><trkpt lat="-33.3414761" lon="-70.8399685"><ele>478.9</ele><time>2026-05-18T11:20:33Z</time></trkpt><trkpt lat="-33.3411792" lon="-70.8399162"><ele>479.1</ele><time>2026-05-18T11:20:36Z</time></trkpt><trkpt lat="-33.3408823" lon="-70.8398639"><ele>479.3</ele><time>2026-05-18T11:20:38Z</time></trkpt><trkpt lat="-33.3405853" lon="-70.8398116"><ele>479.5</ele><time>2026-05-18T11:20:40Z</time></trkpt><trkpt lat="-33.3402884" lon="-70.8397592"><ele>479.7</ele><time>2026-05-18T11:20:42Z</time></trkpt><trkpt lat="-33.3399915" lon="-70.8397069"><ele>479.9</ele><time>2026-05-18T11:20:45Z</time></trkpt><trkpt lat="-33.3396946" lon="-70.8396546"><ele>480.1</ele><time>2026-05-18T11:20:47Z</time></trkpt><trkpt lat="-33.3393977" lon="-70.8396023"><ele>480.2</ele><time>2026-05-18T11:20:49Z</time></trkpt><trkpt lat="-33.3391008" lon="-70.8395500"><ele>480.4</ele><time>2026-05-18T11:20:51Z</time></trkpt><trkpt lat="-33.3388039" lon="-70.8394977"><ele>480.6</ele><time>2026-05-18T11:20:54Z</time></trkpt><trkpt lat="-33.3385070" lon="-70.8394454"><ele>480.8</ele><time>2026-05-18T11:20:56Z</time></trkpt><trkpt lat="-33.3382101" lon="-70.8393931"><ele>481.0</ele><time>2026-05-18T11:20:58Z</time></trkpt><trkpt lat="-33.3378426" lon="-70.8393180"><ele>481.1</ele><time>2026-05-18T11:21:00Z</time></trkpt><trkpt lat="-33.3374751" lon="-70.8392429"><ele>481.1</ele><time>2026-05-18T11:21:03Z</time></trkpt><trkpt lat="-33.3371076" lon="-70.8391678"><ele>481.2</ele><time>2026-05-18T11:21:05Z</time></trkpt><trkpt lat="-33.3367401" lon="-70.8390927"><ele>481.2</ele><time>2026-05-18T11:21:07Z</time></trkpt><trkpt lat="-33.3363726" lon="-70.8390176"><ele>481.3</ele><time>2026-05-18T11:21:09Z</time></trkpt><trkpt lat="-33.3360051" lon="-70.8389425"><ele>481.4</ele><time>2026-05-18T11:21:12Z</time></trkpt><trkpt lat="-33.3356376" lon="-70.8388674"><ele>481.4</ele><time>2026-05-18T11:21:14Z</time></trkpt><trkpt lat="-33.3352700" lon="-70.8387923"><ele>481.5</ele><time>2026-05-18T11:21:16Z</time></trkpt><trkpt lat="-33.3349025" lon="-70.8387172"><ele>481.6</ele><time>2026-05-18T11:21:18Z</time></trkpt><trkpt lat="-33.3345350" lon="-70.8386421"><ele>481.6</ele><time>2026-05-18T11:21:21Z</time></trkpt><trkpt lat="-33.3341675" lon="-70.8385670"><ele>481.7</ele><time>2026-05-18T11:21:23Z</time></trkpt><trkpt lat="-33.3338000" lon="-70.8384919"><ele>481.8</ele><time>2026-05-18T11:21:25Z</time></trkpt><trkpt lat="-33.3334325" lon="-70.8384168"><ele>481.8</ele><time>2026-05-18T11:21:27Z</time></trkpt><trkpt lat="-33.3330650" lon="-70.8383417"><ele>481.9</ele><time>2026-05-18T11:21:30Z</time></trkpt><trkpt lat="-33.3326975" lon="-70.8382666"><ele>481.9</ele><time>2026-05-18T11:21:32Z</time></trkpt><trkpt lat="-33.3323300" lon="-70.8381915"><ele>482.0</ele><time>2026-05-18T11:21:34Z</time></trkpt><trkpt lat="-33.3319541" lon="-70.8381147"><ele>482.3</ele><time>2026-05-18T11:21:36Z</time></trkpt><trkpt lat="-33.3315781" lon="-70.8380380"><ele>482.6</ele><time>2026-05-18T11:21:39Z</time></trkpt><trkpt lat="-33.3312022" lon="-70.8379612"><ele>482.9</ele><time>2026-05-18T11:21:41Z</time></trkpt><trkpt lat="-33.3308263" lon="-70.8378844"><ele>483.2</ele><time>2026-05-18T11:21:43Z</time></trkpt><trkpt lat="-33.3304503" lon="-70.8378076"><ele>483.6</ele><time>2026-05-18T11:21:45Z</time></trkpt><trkpt lat="-33.3300744" lon="-70.8377308"><ele>483.9</ele><time>2026-05-18T11:21:48Z</time></trkpt><trkpt lat="-33.3296984" lon="-70.8376541"><ele>484.2</ele><time>2026-05-18T11:21:50Z</time></trkpt><trkpt lat="-33.3293225" lon="-70.8375773"><ele>484.5</ele><time>2026-05-18T11:21:52Z</time></trkpt><trkpt lat="-33.3289466" lon="-70.8375005"><ele>484.8</ele><time>2026-05-18T11:21:54Z</time></trkpt><trkpt lat="-33.3285706" lon="-70.8374237"><ele>485.1</ele><time>2026-05-18T11:21:57Z</time></trkpt><trkpt lat="-33.3281947" lon="-70.8373470"><ele>485.4</ele><time>2026-05-18T11:21:59Z</time></trkpt><trkpt lat="-33.3278187" lon="-70.8372702"><ele>485.8</ele><time>2026-05-18T11:22:01Z</time></trkpt><trkpt lat="-33.3274428" lon="-70.8371934"><ele>486.1</ele><time>2026-05-18T11:22:03Z</time></trkpt><trkpt lat="-33.3270669" lon="-70.8371166"><ele>486.4</ele><time>2026-05-18T11:22:06Z</time></trkpt><trkpt lat="-33.3266909" lon="-70.8370399"><ele>486.7</ele><time>2026-05-18T11:22:08Z</time></trkpt><trkpt lat="-33.3263150" lon="-70.8369631"><ele>487.0</ele><time>2026-05-18T11:22:10Z</time></trkpt><trkpt lat="-33.3262618" lon="-70.8369470"><ele>487.0</ele><time>2026-05-18T11:22:12Z</time></trkpt><trkpt lat="-33.3262086" lon="-70.8369309"><ele>487.0</ele><time>2026-05-18T11:22:15Z</time></trkpt><trkpt lat="-33.3261553" lon="-70.8369148"><ele>487.0</ele><time>2026-05-18T11:22:17Z</time></trkpt><trkpt lat="-33.3261021" lon="-70.8368987"><ele>487.0</ele><time>2026-05-18T11:22:19Z</time></trkpt><trkpt lat="-33.3260489" lon="-70.8368826"><ele>487.0</ele><time>2026-05-18T11:22:21Z</time></trkpt><trkpt lat="-33.3259956" lon="-70.8368665"><ele>487.0</ele><time>2026-05-18T11:22:24Z</time></trkpt><trkpt lat="-33.3259424" lon="-70.8368504"><ele>487.0</ele><time>2026-05-18T11:22:26Z</time></trkpt><trkpt lat="-33.3258892" lon="-70.8368344"><ele>487.0</ele><time>2026-05-18T11:22:28Z</time></trkpt><trkpt lat="-33.3258360" lon="-70.8368183"><ele>487.0</ele><time>2026-05-18T11:22:30Z</time></trkpt><trkpt lat="-33.3257828" lon="-70.8368022"><ele>487.0</ele><time>2026-05-18T11:22:33Z</time></trkpt><trkpt lat="-33.3257295" lon="-70.8367861"><ele>487.0</ele><time>2026-05-18T11:22:35Z</time></trkpt><trkpt lat="-33.3256763" lon="-70.8367700"><ele>487.0</ele><time>2026-05-18T11:22:37Z</time></trkpt><trkpt lat="-33.3256231" lon="-70.8367539"><ele>487.0</ele><time>2026-05-18T11:22:39Z</time></trkpt><trkpt lat="-33.3255698" lon="-70.8367378"><ele>487.0</ele><time>2026-05-18T11:22:42Z</time></trkpt><trkpt lat="-33.3255166" lon="-70.8367217"><ele>487.0</ele><time>2026-05-18T11:22:44Z</time></trkpt><trkpt lat="-33.3254634" lon="-70.8367056"><ele>487.0</ele><time>2026-05-18T11:22:46Z</time></trkpt><trkpt lat="-33.3253662" lon="-70.8366694"><ele>487.0</ele><time>2026-05-18T11:22:48Z</time></trkpt><trkpt lat="-33.3252690" lon="-70.8366332"><ele>487.0</ele><time>2026-05-18T11:22:51Z</time></trkpt><trkpt lat="-33.3251718" lon="-70.8365970"><ele>487.0</ele><time>2026-05-18T11:22:53Z</time></trkpt><trkpt lat="-33.3250745" lon="-70.8365608"><ele>487.0</ele><time>2026-05-18T11:22:55Z</time></trkpt><trkpt lat="-33.3249773" lon="-70.8365245"><ele>487.0</ele><time>2026-05-18T11:22:57Z</time></trkpt><trkpt lat="-33.3248801" lon="-70.8364883"><ele>487.0</ele><time>2026-05-18T11:23:00Z</time></trkpt><trkpt lat="-33.3247829" lon="-70.8364521"><ele>487.0</ele><time>2026-05-18T11:23:02Z</time></trkpt><trkpt lat="-33.3246857" lon="-70.8364159"><ele>487.0</ele><time>2026-05-18T11:23:04Z</time></trkpt><trkpt lat="-33.3245885" lon="-70.8363797"><ele>487.0</ele><time>2026-05-18T11:23:06Z</time></trkpt><trkpt lat="-33.3244913" lon="-70.8363435"><ele>487.0</ele><time>2026-05-18T11:23:09Z</time></trkpt><trkpt lat="-33.3243941" lon="-70.8363073"><ele>487.0</ele><time>2026-05-18T11:23:11Z</time></trkpt><trkpt lat="-33.3242969" lon="-70.8362710"><ele>487.0</ele><time>2026-05-18T11:23:13Z</time></trkpt><trkpt lat="-33.3241996" lon="-70.8362348"><ele>487.0</ele><time>2026-05-18T11:23:15Z</time></trkpt><trkpt lat="-33.3241024" lon="-70.8361986"><ele>487.0</ele><time>2026-05-18T11:23:18Z</time></trkpt><trkpt lat="-33.3240052" lon="-70.8361624"><ele>487.0</ele><time>2026-05-18T11:23:20Z</time></trkpt><trkpt lat="-33.3239080" lon="-70.8361262"><ele>487.0</ele><time>2026-05-18T11:23:22Z</time></trkpt><trkpt lat="-33.3238657" lon="-70.8361161"><ele>487.0</ele><time>2026-05-18T11:23:24Z</time></trkpt><trkpt lat="-33.3238234" lon="-70.8361061"><ele>487.0</ele><time>2026-05-18T11:23:27Z</time></trkpt><trkpt lat="-33.3237811" lon="-70.8360960"><ele>487.0</ele><time>2026-05-18T11:23:29Z</time></trkpt><trkpt lat="-33.3237388" lon="-70.8360860"><ele>487.0</ele><time>2026-05-18T11:23:31Z</time></trkpt><trkpt lat="-33.3236965" lon="-70.8360759"><ele>487.0</ele><time>2026-05-18T11:23:33Z</time></trkpt><trkpt lat="-33.3236542" lon="-70.8360659"><ele>487.0</ele><time>2026-05-18T11:23:36Z</time></trkpt><trkpt lat="-33.3236119" lon="-70.8360558"><ele>487.0</ele><time>2026-05-18T11:23:38Z</time></trkpt><trkpt lat="-33.3235696" lon="-70.8360457"><ele>487.0</ele><time>2026-05-18T11:23:40Z</time></trkpt><trkpt lat="-33.3235273" lon="-70.8360357"><ele>487.0</ele><time>2026-05-18T11:23:42Z</time></trkpt><trkpt lat="-33.3234850" lon="-70.8360256"><ele>487.0</ele><time>2026-05-18T11:23:45Z</time></trkpt><trkpt lat="-33.3234427" lon="-70.8360156"><ele>487.0</ele><time>2026-05-18T11:23:47Z</time></trkpt><trkpt lat="-33.3234004" lon="-70.8360055"><ele>487.0</ele><time>2026-05-18T11:23:49Z</time></trkpt><trkpt lat="-33.3233581" lon="-70.8359955"><ele>487.0</ele><time>2026-05-18T11:23:51Z</time></trkpt><trkpt lat="-33.3233158" lon="-70.8359854"><ele>487.0</ele><time>2026-05-18T11:23:54Z</time></trkpt><trkpt lat="-33.3232735" lon="-70.8359754"><ele>487.0</ele><time>2026-05-18T11:23:56Z</time></trkpt><trkpt lat="-33.3232312" lon="-70.8359653"><ele>487.0</ele><time>2026-05-18T11:23:58Z</time></trkpt><trkpt lat="-33.3231771" lon="-70.8359536"><ele>487.0</ele><time>2026-05-18T11:24:00Z</time></trkpt><trkpt lat="-33.3231231" lon="-70.8359418"><ele>487.0</ele><time>2026-05-18T11:24:03Z</time></trkpt><trkpt lat="-33.3230690" lon="-70.8359301"><ele>487.0</ele><time>2026-05-18T11:24:05Z</time></trkpt><trkpt lat="-33.3230149" lon="-70.8359184"><ele>487.0</ele><time>2026-05-18T11:24:07Z</time></trkpt><trkpt lat="-33.3229609" lon="-70.8359066"><ele>487.0</ele><time>2026-05-18T11:24:09Z</time></trkpt><trkpt lat="-33.3229068" lon="-70.8358949"><ele>487.0</ele><time>2026-05-18T11:24:12Z</time></trkpt><trkpt lat="-33.3228527" lon="-70.8358831"><ele>487.0</ele><time>2026-05-18T11:24:14Z</time></trkpt><trkpt lat="-33.3227987" lon="-70.8358714"><ele>487.0</ele><time>2026-05-18T11:24:16Z</time></trkpt><trkpt lat="-33.3227446" lon="-70.8358597"><ele>487.0</ele><time>2026-05-18T11:24:18Z</time></trkpt><trkpt lat="-33.3226905" lon="-70.8358479"><ele>487.0</ele><time>2026-05-18T11:24:21Z</time></trkpt><trkpt lat="-33.3226364" lon="-70.8358362"><ele>487.0</ele><time>2026-05-18T11:24:23Z</time></trkpt><trkpt lat="-33.3225824" lon="-70.8358245"><ele>487.0</ele><time>2026-05-18T11:24:25Z</time></trkpt><trkpt lat="-33.3225283" lon="-70.8358127"><ele>487.0</ele><time>2026-05-18T11:24:27Z</time></trkpt><trkpt lat="-33.3224742" lon="-70.8358010"><ele>487.0</ele><time>2026-05-18T11:24:30Z</time></trkpt><trkpt lat="-33.3224202" lon="-70.8357892"><ele>487.0</ele><time>2026-05-18T11:24:32Z</time></trkpt><trkpt lat="-33.3223661" lon="-70.8357775"><ele>487.0</ele><time>2026-05-18T11:24:34Z</time></trkpt><trkpt lat="-33.3222420" lon="-70.8357651"><ele>486.8</ele><time>2026-05-18T11:24:36Z</time></trkpt><trkpt lat="-33.3221179" lon="-70.8357527"><ele>486.6</ele><time>2026-05-18T11:24:39Z</time></trkpt><trkpt lat="-33.3219938" lon="-70.8357403"><ele>486.4</ele><time>2026-05-18T11:24:41Z</time></trkpt><trkpt lat="-33.3218697" lon="-70.8357279"><ele>486.2</ele><time>2026-05-18T11:24:43Z</time></trkpt><trkpt lat="-33.3217455" lon="-70.8357155"><ele>486.1</ele><time>2026-05-18T11:24:45Z</time></trkpt><trkpt lat="-33.3216214" lon="-70.8357031"><ele>485.9</ele><time>2026-05-18T11:24:48Z</time></trkpt><trkpt lat="-33.3214973" lon="-70.8356907"><ele>485.7</ele><time>2026-05-18T11:24:50Z</time></trkpt><trkpt lat="-33.3213732" lon="-70.8356783"><ele>485.5</ele><time>2026-05-18T11:24:52Z</time></trkpt><trkpt lat="-33.3212491" lon="-70.8356658"><ele>485.3</ele><time>2026-05-18T11:24:54Z</time></trkpt><trkpt lat="-33.3211250" lon="-70.8356534"><ele>485.1</ele><time>2026-05-18T11:24:57Z</time></trkpt><trkpt lat="-33.3210009" lon="-70.8356410"><ele>484.9</ele><time>2026-05-18T11:24:59Z</time></trkpt><trkpt lat="-33.3208767" lon="-70.8356286"><ele>484.8</ele><time>2026-05-18T11:25:01Z</time></trkpt><trkpt lat="-33.3207526" lon="-70.8356162"><ele>484.6</ele><time>2026-05-18T11:25:03Z</time></trkpt><trkpt lat="-33.3206285" lon="-70.8356038"><ele>484.4</ele><time>2026-05-18T11:25:06Z</time></trkpt><trkpt lat="-33.3205044" lon="-70.8355914"><ele>484.2</ele><time>2026-05-18T11:25:08Z</time></trkpt><trkpt lat="-33.3203803" lon="-70.8355790"><ele>484.0</ele><time>2026-05-18T11:25:10Z</time></trkpt><trkpt lat="-33.3202682" lon="-70.8355706"><ele>484.2</ele><time>2026-05-18T11:25:12Z</time></trkpt><trkpt lat="-33.3201562" lon="-70.8355622"><ele>484.5</ele><time>2026-05-18T11:25:15Z</time></trkpt><trkpt lat="-33.3200441" lon="-70.8355539"><ele>484.8</ele><time>2026-05-18T11:25:17Z</time></trkpt><trkpt lat="-33.3199320" lon="-70.8355455"><ele>485.0</ele><time>2026-05-18T11:25:19Z</time></trkpt><trkpt lat="-33.3198200" lon="-70.8355371"><ele>485.2</ele><time>2026-05-18T11:25:21Z</time></trkpt><trkpt lat="-33.3197079" lon="-70.8355287"><ele>485.5</ele><time>2026-05-18T11:25:24Z</time></trkpt><trkpt lat="-33.3195958" lon="-70.8355203"><ele>485.8</ele><time>2026-05-18T11:25:26Z</time></trkpt><trkpt lat="-33.3194838" lon="-70.8355119"><ele>486.0</ele><time>2026-05-18T11:25:28Z</time></trkpt><trkpt lat="-33.3193717" lon="-70.8355036"><ele>486.2</ele><time>2026-05-18T11:25:30Z</time></trkpt><trkpt lat="-33.3192596" lon="-70.8354952"><ele>486.5</ele><time>2026-05-18T11:25:33Z</time></trkpt><trkpt lat="-33.3191475" lon="-70.8354868"><ele>486.8</ele><time>2026-05-18T11:25:35Z</time></trkpt><trkpt lat="-33.3190355" lon="-70.8354784"><ele>487.0</ele><time>2026-05-18T11:25:37Z</time></trkpt><trkpt lat="-33.3189234" lon="-70.8354700"><ele>487.2</ele><time>2026-05-18T11:25:39Z</time></trkpt><trkpt lat="-33.3188113" lon="-70.8354617"><ele>487.5</ele><time>2026-05-18T11:25:42Z</time></trkpt><trkpt lat="-33.3186993" lon="-70.8354533"><ele>487.8</ele><time>2026-05-18T11:25:44Z</time></trkpt><trkpt lat="-33.3185872" lon="-70.8354449"><ele>488.0</ele><time>2026-05-18T11:25:46Z</time></trkpt><trkpt lat="-33.3185148" lon="-70.8354377"><ele>487.8</ele><time>2026-05-18T11:25:48Z</time></trkpt><trkpt lat="-33.3184424" lon="-70.8354305"><ele>487.6</ele><time>2026-05-18T11:25:51Z</time></trkpt><trkpt lat="-33.3183699" lon="-70.8354233"><ele>487.4</ele><time>2026-05-18T11:25:53Z</time></trkpt><trkpt lat="-33.3182975" lon="-70.8354161"><ele>487.2</ele><time>2026-05-18T11:25:55Z</time></trkpt><trkpt lat="-33.3182251" lon="-70.8354089"><ele>487.1</ele><time>2026-05-18T11:25:57Z</time></trkpt><trkpt lat="-33.3181527" lon="-70.8354017"><ele>486.9</ele><time>2026-05-18T11:26:00Z</time></trkpt><trkpt lat="-33.3180803" lon="-70.8353945"><ele>486.7</ele><time>2026-05-18T11:26:02Z</time></trkpt><trkpt lat="-33.3180079" lon="-70.8353872"><ele>486.5</ele><time>2026-05-18T11:26:04Z</time></trkpt><trkpt lat="-33.3179354" lon="-70.8353800"><ele>486.3</ele><time>2026-05-18T11:26:06Z</time></trkpt><trkpt lat="-33.3178630" lon="-70.8353728"><ele>486.1</ele><time>2026-05-18T11:26:09Z</time></trkpt><trkpt lat="-33.3177906" lon="-70.8353656"><ele>485.9</ele><time>2026-05-18T11:26:11Z</time></trkpt><trkpt lat="-33.3177182" lon="-70.8353584"><ele>485.8</ele><time>2026-05-18T11:26:13Z</time></trkpt><trkpt lat="-33.3176458" lon="-70.8353512"><ele>485.6</ele><time>2026-05-18T11:26:15Z</time></trkpt><trkpt lat="-33.3175733" lon="-70.8353440"><ele>485.4</ele><time>2026-05-18T11:26:18Z</time></trkpt><trkpt lat="-33.3175009" lon="-70.8353368"><ele>485.2</ele><time>2026-05-18T11:26:20Z</time></trkpt><trkpt lat="-33.3174285" lon="-70.8353296"><ele>485.0</ele><time>2026-05-18T11:26:22Z</time></trkpt><trkpt lat="-33.3174251" lon="-70.8353293"><ele>485.0</ele><time>2026-05-18T11:26:24Z</time></trkpt><trkpt lat="-33.3174218" lon="-70.8353289"><ele>485.0</ele><time>2026-05-18T11:26:27Z</time></trkpt><trkpt lat="-33.3174184" lon="-70.8353286"><ele>485.0</ele><time>2026-05-18T11:26:29Z</time></trkpt><trkpt lat="-33.3174151" lon="-70.8353283"><ele>485.0</ele><time>2026-05-18T11:26:31Z</time></trkpt><trkpt lat="-33.3174117" lon="-70.8353279"><ele>485.0</ele><time>2026-05-18T11:26:33Z</time></trkpt><trkpt lat="-33.3174083" lon="-70.8353276"><ele>485.0</ele><time>2026-05-18T11:26:36Z</time></trkpt><trkpt lat="-33.3174050" lon="-70.8353272"><ele>485.0</ele><time>2026-05-18T11:26:38Z</time></trkpt><trkpt lat="-33.3174016" lon="-70.8353269"><ele>485.0</ele><time>2026-05-18T11:26:40Z</time></trkpt><trkpt lat="-33.3173982" lon="-70.8353266"><ele>485.0</ele><time>2026-05-18T11:26:43Z</time></trkpt><trkpt lat="-33.3173949" lon="-70.8353262"><ele>485.0</ele><time>2026-05-18T11:26:45Z</time></trkpt><trkpt lat="-33.3173915" lon="-70.8353259"><ele>485.0</ele><time>2026-05-18T11:26:47Z</time></trkpt><trkpt lat="-33.3173881" lon="-70.8353255"><ele>485.0</ele><time>2026-05-18T11:26:49Z</time></trkpt><trkpt lat="-33.3173848" lon="-70.8353252"><ele>485.0</ele><time>2026-05-18T11:26:52Z</time></trkpt><trkpt lat="-33.3173814" lon="-70.8353249"><ele>485.0</ele><time>2026-05-18T11:26:54Z</time></trkpt><trkpt lat="-33.3173781" lon="-70.8353245"><ele>485.0</ele><time>2026-05-18T11:26:56Z</time></trkpt><trkpt lat="-33.3173747" lon="-70.8353242"><ele>485.0</ele><time>2026-05-18T11:26:58Z</time></trkpt><trkpt lat="-33.3173778" lon="-70.8353230"><ele>485.0</ele><time>2026-05-18T11:27:01Z</time></trkpt><trkpt lat="-33.3173809" lon="-70.8353219"><ele>485.0</ele><time>2026-05-18T11:27:03Z</time></trkpt><trkpt lat="-33.3173839" lon="-70.8353207"><ele>485.0</ele><time>2026-05-18T11:27:05Z</time></trkpt><trkpt lat="-33.3173870" lon="-70.8353195"><ele>485.0</ele><time>2026-05-18T11:27:07Z</time></trkpt><trkpt lat="-33.3173901" lon="-70.8353184"><ele>485.0</ele><time>2026-05-18T11:27:10Z</time></trkpt><trkpt lat="-33.3173932" lon="-70.8353172"><ele>485.0</ele><time>2026-05-18T11:27:12Z</time></trkpt><trkpt lat="-33.3173963" lon="-70.8353160"><ele>485.0</ele><time>2026-05-18T11:27:14Z</time></trkpt><trkpt lat="-33.3173994" lon="-70.8353149"><ele>485.0</ele><time>2026-05-18T11:27:16Z</time></trkpt><trkpt lat="-33.3174024" lon="-70.8353137"><ele>485.0</ele><time>2026-05-18T11:27:19Z</time></trkpt><trkpt lat="-33.3174055" lon="-70.8353125"><ele>485.0</ele><time>2026-05-18T11:27:21Z</time></trkpt><trkpt lat="-33.3174086" lon="-70.8353113"><ele>485.0</ele><time>2026-05-18T11:27:23Z</time></trkpt><trkpt lat="-33.3174117" lon="-70.8353102"><ele>485.0</ele><time>2026-05-18T11:27:25Z</time></trkpt><trkpt lat="-33.3174148" lon="-70.8353090"><ele>485.0</ele><time>2026-05-18T11:27:28Z</time></trkpt><trkpt lat="-33.3174178" lon="-70.8353078"><ele>485.0</ele><time>2026-05-18T11:27:30Z</time></trkpt><trkpt lat="-33.3174209" lon="-70.8353067"><ele>485.0</ele><time>2026-05-18T11:27:32Z</time></trkpt><trkpt lat="-33.3174240" lon="-70.8353055"><ele>485.0</ele><time>2026-05-18T11:27:34Z</time></trkpt><trkpt lat="-33.3177102" lon="-70.8353337"><ele>485.0</ele><time>2026-05-18T11:27:37Z</time></trkpt><trkpt lat="-33.3179964" lon="-70.8353618"><ele>485.0</ele><time>2026-05-18T11:27:39Z</time></trkpt><trkpt lat="-33.3182826" lon="-70.8353900"><ele>485.0</ele><time>2026-05-18T11:27:41Z</time></trkpt><trkpt lat="-33.3185688" lon="-70.8354182"><ele>485.0</ele><time>2026-05-18T11:27:43Z</time></trkpt><trkpt lat="-33.3188549" lon="-70.8354463"><ele>485.0</ele><time>2026-05-18T11:27:46Z</time></trkpt><trkpt lat="-33.3191411" lon="-70.8354745"><ele>485.0</ele><time>2026-05-18T11:27:48Z</time></trkpt><trkpt lat="-33.3194273" lon="-70.8355026"><ele>485.0</ele><time>2026-05-18T11:27:50Z</time></trkpt><trkpt lat="-33.3197135" lon="-70.8355308"><ele>485.0</ele><time>2026-05-18T11:27:52Z</time></trkpt><trkpt lat="-33.3199997" lon="-70.8355590"><ele>485.0</ele><time>2026-05-18T11:27:55Z</time></trkpt><trkpt lat="-33.3202859" lon="-70.8355871"><ele>485.0</ele><time>2026-05-18T11:27:57Z</time></trkpt><trkpt lat="-33.3205721" lon="-70.8356153"><ele>485.0</ele><time>2026-05-18T11:27:59Z</time></trkpt><trkpt lat="-33.3208583" lon="-70.8356434"><ele>485.0</ele><time>2026-05-18T11:28:01Z</time></trkpt><trkpt lat="-33.3211444" lon="-70.8356716"><ele>485.0</ele><time>2026-05-18T11:28:04Z</time></trkpt><trkpt lat="-33.3214306" lon="-70.8356998"><ele>485.0</ele><time>2026-05-18T11:28:06Z</time></trkpt><trkpt lat="-33.3217168" lon="-70.8357279"><ele>485.0</ele><time>2026-05-18T11:28:08Z</time></trkpt><trkpt lat="-33.3220030" lon="-70.8357561"><ele>485.0</ele><time>2026-05-18T11:28:10Z</time></trkpt><trkpt lat="-33.3220770" lon="-70.8357648"><ele>485.1</ele><time>2026-05-18T11:28:13Z</time></trkpt><trkpt lat="-33.3221509" lon="-70.8357735"><ele>485.2</ele><time>2026-05-18T11:28:15Z</time></trkpt><trkpt lat="-33.3222249" lon="-70.8357822"><ele>485.4</ele><time>2026-05-18T11:28:17Z</time></trkpt><trkpt lat="-33.3222988" lon="-70.8357910"><ele>485.5</ele><time>2026-05-18T11:28:19Z</time></trkpt><trkpt lat="-33.3223728" lon="-70.8357997"><ele>485.6</ele><time>2026-05-18T11:28:22Z</time></trkpt><trkpt lat="-33.3224467" lon="-70.8358084"><ele>485.8</ele><time>2026-05-18T11:28:24Z</time></trkpt><trkpt lat="-33.3225207" lon="-70.8358171"><ele>485.9</ele><time>2026-05-18T11:28:26Z</time></trkpt><trkpt lat="-33.3225946" lon="-70.8358258"><ele>486.0</ele><time>2026-05-18T11:28:28Z</time></trkpt><trkpt lat="-33.3226686" lon="-70.8358345"><ele>486.1</ele><time>2026-05-18T11:28:31Z</time></trkpt><trkpt lat="-33.3227426" lon="-70.8358432"><ele>486.2</ele><time>2026-05-18T11:28:33Z</time></trkpt><trkpt lat="-33.3228165" lon="-70.8358519"><ele>486.4</ele><time>2026-05-18T11:28:35Z</time></trkpt><trkpt lat="-33.3228905" lon="-70.8358607"><ele>486.5</ele><time>2026-05-18T11:28:37Z</time></trkpt><trkpt lat="-33.3229644" lon="-70.8358694"><ele>486.6</ele><time>2026-05-18T11:28:40Z</time></trkpt><trkpt lat="-33.3230384" lon="-70.8358781"><ele>486.8</ele><time>2026-05-18T11:28:42Z</time></trkpt><trkpt lat="-33.3231123" lon="-70.8358868"><ele>486.9</ele><time>2026-05-18T11:28:44Z</time></trkpt><trkpt lat="-33.3231863" lon="-70.8358955"><ele>487.0</ele><time>2026-05-18T11:28:46Z</time></trkpt><trkpt lat="-33.3233051" lon="-70.8359324"><ele>487.0</ele><time>2026-05-18T11:28:49Z</time></trkpt><trkpt lat="-33.3234239" lon="-70.8359693"><ele>487.0</ele><time>2026-05-18T11:28:51Z</time></trkpt><trkpt lat="-33.3235427" lon="-70.8360061"><ele>487.0</ele><time>2026-05-18T11:28:53Z</time></trkpt><trkpt lat="-33.3236615" lon="-70.8360430"><ele>487.0</ele><time>2026-05-18T11:28:55Z</time></trkpt><trkpt lat="-33.3237802" lon="-70.8360799"><ele>487.0</ele><time>2026-05-18T11:28:58Z</time></trkpt><trkpt lat="-33.3238990" lon="-70.8361168"><ele>487.0</ele><time>2026-05-18T11:29:00Z</time></trkpt><trkpt lat="-33.3240178" lon="-70.8361537"><ele>487.0</ele><time>2026-05-18T11:29:02Z</time></trkpt><trkpt lat="-33.3241366" lon="-70.8361905"><ele>487.0</ele><time>2026-05-18T11:29:04Z</time></trkpt><trkpt lat="-33.3242554" lon="-70.8362274"><ele>487.0</ele><time>2026-05-18T11:29:07Z</time></trkpt><trkpt lat="-33.3243742" lon="-70.8362643"><ele>487.0</ele><time>2026-05-18T11:29:09Z</time></trkpt><trkpt lat="-33.3244930" lon="-70.8363012"><ele>487.0</ele><time>2026-05-18T11:29:11Z</time></trkpt><trkpt lat="-33.3246118" lon="-70.8363381"><ele>487.0</ele><time>2026-05-18T11:29:13Z</time></trkpt><trkpt lat="-33.3247305" lon="-70.8363750"><ele>487.0</ele><time>2026-05-18T11:29:16Z</time></trkpt><trkpt lat="-33.3248493" lon="-70.8364118"><ele>487.0</ele><time>2026-05-18T11:29:18Z</time></trkpt><trkpt lat="-33.3249681" lon="-70.8364487"><ele>487.0</ele><time>2026-05-18T11:29:20Z</time></trkpt><trkpt lat="-33.3250869" lon="-70.8364856"><ele>487.0</ele><time>2026-05-18T11:29:22Z</time></trkpt><trkpt lat="-33.3251567" lon="-70.8365111"><ele>487.0</ele><time>2026-05-18T11:29:25Z</time></trkpt><trkpt lat="-33.3252264" lon="-70.8365366"><ele>487.0</ele><time>2026-05-18T11:29:27Z</time></trkpt><trkpt lat="-33.3252962" lon="-70.8365620"><ele>487.0</ele><time>2026-05-18T11:29:29Z</time></trkpt><trkpt lat="-33.3253659" lon="-70.8365875"><ele>487.0</ele><time>2026-05-18T11:29:31Z</time></trkpt><trkpt lat="-33.3254357" lon="-70.8366130"><ele>487.0</ele><time>2026-05-18T11:29:34Z</time></trkpt><trkpt lat="-33.3255054" lon="-70.8366385"><ele>487.0</ele><time>2026-05-18T11:29:36Z</time></trkpt><trkpt lat="-33.3255752" lon="-70.8366640"><ele>487.0</ele><time>2026-05-18T11:29:38Z</time></trkpt><trkpt lat="-33.3256449" lon="-70.8366894"><ele>487.0</ele><time>2026-05-18T11:29:40Z</time></trkpt><trkpt lat="-33.3257147" lon="-70.8367149"><ele>487.0</ele><time>2026-05-18T11:29:43Z</time></trkpt><trkpt lat="-33.3257845" lon="-70.8367404"><ele>487.0</ele><time>2026-05-18T11:29:45Z</time></trkpt><trkpt lat="-33.3258542" lon="-70.8367659"><ele>487.0</ele><time>2026-05-18T11:29:47Z</time></trkpt><trkpt lat="-33.3259240" lon="-70.8367914"><ele>487.0</ele><time>2026-05-18T11:29:49Z</time></trkpt><trkpt lat="-33.3259937" lon="-70.8368169"><ele>487.0</ele><time>2026-05-18T11:29:52Z</time></trkpt><trkpt lat="-33.3260635" lon="-70.8368423"><ele>487.0</ele><time>2026-05-18T11:29:54Z</time></trkpt><trkpt lat="-33.3261332" lon="-70.8368678"><ele>487.0</ele><time>2026-05-18T11:29:56Z</time></trkpt><trkpt lat="-33.3262030" lon="-70.8368933"><ele>487.0</ele><time>2026-05-18T11:29:58Z</time></trkpt><trkpt lat="-33.3262611" lon="-70.8369060"><ele>486.9</ele><time>2026-05-18T11:30:01Z</time></trkpt><trkpt lat="-33.3263192" lon="-70.8369188"><ele>486.9</ele><time>2026-05-18T11:30:03Z</time></trkpt><trkpt lat="-33.3263774" lon="-70.8369315"><ele>486.8</ele><time>2026-05-18T11:30:05Z</time></trkpt><trkpt lat="-33.3264355" lon="-70.8369443"><ele>486.8</ele><time>2026-05-18T11:30:07Z</time></trkpt><trkpt lat="-33.3264936" lon="-70.8369570"><ele>486.7</ele><time>2026-05-18T11:30:10Z</time></trkpt><trkpt lat="-33.3265518" lon="-70.8369698"><ele>486.6</ele><time>2026-05-18T11:30:12Z</time></trkpt><trkpt lat="-33.3266099" lon="-70.8369825"><ele>486.6</ele><time>2026-05-18T11:30:14Z</time></trkpt><trkpt lat="-33.3266680" lon="-70.8369953"><ele>486.5</ele><time>2026-05-18T11:30:16Z</time></trkpt><trkpt lat="-33.3267261" lon="-70.8370080"><ele>486.4</ele><time>2026-05-18T11:30:19Z</time></trkpt><trkpt lat="-33.3267843" lon="-70.8370207"><ele>486.4</ele><time>2026-05-18T11:30:21Z</time></trkpt><trkpt lat="-33.3268424" lon="-70.8370335"><ele>486.3</ele><time>2026-05-18T11:30:23Z</time></trkpt><trkpt lat="-33.3269005" lon="-70.8370462"><ele>486.2</ele><time>2026-05-18T11:30:25Z</time></trkpt><trkpt lat="-33.3269586" lon="-70.8370590"><ele>486.2</ele><time>2026-05-18T11:30:28Z</time></trkpt><trkpt lat="-33.3270168" lon="-70.8370717"><ele>486.1</ele><time>2026-05-18T11:30:30Z</time></trkpt><trkpt lat="-33.3270749" lon="-70.8370845"><ele>486.1</ele><time>2026-05-18T11:30:32Z</time></trkpt><trkpt lat="-33.3271330" lon="-70.8370972"><ele>486.0</ele><time>2026-05-18T11:30:34Z</time></trkpt><trkpt lat="-33.3272329" lon="-70.8371163"><ele>486.0</ele><time>2026-05-18T11:30:37Z</time></trkpt><trkpt lat="-33.3273327" lon="-70.8371354"><ele>486.0</ele><time>2026-05-18T11:30:39Z</time></trkpt><trkpt lat="-33.3274326" lon="-70.8371545"><ele>486.0</ele><time>2026-05-18T11:30:41Z</time></trkpt><trkpt lat="-33.3275325" lon="-70.8371736"><ele>486.0</ele><time>2026-05-18T11:30:43Z</time></trkpt><trkpt lat="-33.3276323" lon="-70.8371927"><ele>486.0</ele><time>2026-05-18T11:30:46Z</time></trkpt><trkpt lat="-33.3277322" lon="-70.8372118"><ele>486.0</ele><time>2026-05-18T11:30:48Z</time></trkpt><trkpt lat="-33.3278321" lon="-70.8372309"><ele>486.0</ele><time>2026-05-18T11:30:50Z</time></trkpt><trkpt lat="-33.3279319" lon="-70.8372500"><ele>486.0</ele><time>2026-05-18T11:30:52Z</time></trkpt><trkpt lat="-33.3280318" lon="-70.8372692"><ele>486.0</ele><time>2026-05-18T11:30:55Z</time></trkpt><trkpt lat="-33.3281317" lon="-70.8372883"><ele>486.0</ele><time>2026-05-18T11:30:57Z</time></trkpt><trkpt lat="-33.3282316" lon="-70.8373074"><ele>486.0</ele><time>2026-05-18T11:30:59Z</time></trkpt><trkpt lat="-33.3283314" lon="-70.8373265"><ele>486.0</ele><time>2026-05-18T11:31:01Z</time></trkpt><trkpt lat="-33.3284313" lon="-70.8373456"><ele>486.0</ele><time>2026-05-18T11:31:04Z</time></trkpt><trkpt lat="-33.3285312" lon="-70.8373647"><ele>486.0</ele><time>2026-05-18T11:31:06Z</time></trkpt><trkpt lat="-33.3286310" lon="-70.8373838"><ele>486.0</ele><time>2026-05-18T11:31:08Z</time></trkpt><trkpt lat="-33.3287309" lon="-70.8374029"><ele>486.0</ele><time>2026-05-18T11:31:10Z</time></trkpt><trkpt lat="-33.3287922" lon="-70.8374170"><ele>485.8</ele><time>2026-05-18T11:31:13Z</time></trkpt><trkpt lat="-33.3288536" lon="-70.8374311"><ele>485.6</ele><time>2026-05-18T11:31:15Z</time></trkpt><trkpt lat="-33.3289149" lon="-70.8374451"><ele>485.4</ele><time>2026-05-18T11:31:17Z</time></trkpt><trkpt lat="-33.3289763" lon="-70.8374592"><ele>485.2</ele><time>2026-05-18T11:31:19Z</time></trkpt><trkpt lat="-33.3290376" lon="-70.8374733"><ele>485.1</ele><time>2026-05-18T11:31:22Z</time></trkpt><trkpt lat="-33.3290990" lon="-70.8374874"><ele>484.9</ele><time>2026-05-18T11:31:24Z</time></trkpt><trkpt lat="-33.3291603" lon="-70.8375015"><ele>484.7</ele><time>2026-05-18T11:31:26Z</time></trkpt><trkpt lat="-33.3292217" lon="-70.8375156"><ele>484.5</ele><time>2026-05-18T11:31:28Z</time></trkpt><trkpt lat="-33.3292831" lon="-70.8375296"><ele>484.3</ele><time>2026-05-18T11:31:31Z</time></trkpt><trkpt lat="-33.3293444" lon="-70.8375437"><ele>484.1</ele><time>2026-05-18T11:31:33Z</time></trkpt><trkpt lat="-33.3294057" lon="-70.8375578"><ele>483.9</ele><time>2026-05-18T11:31:35Z</time></trkpt><trkpt lat="-33.3294671" lon="-70.8375719"><ele>483.8</ele><time>2026-05-18T11:31:37Z</time></trkpt><trkpt lat="-33.3295284" lon="-70.8375860"><ele>483.6</ele><time>2026-05-18T11:31:40Z</time></trkpt><trkpt lat="-33.3295898" lon="-70.8376000"><ele>483.4</ele><time>2026-05-18T11:31:42Z</time></trkpt><trkpt lat="-33.3296511" lon="-70.8376141"><ele>483.2</ele><time>2026-05-18T11:31:44Z</time></trkpt><trkpt lat="-33.3297125" lon="-70.8376282"><ele>483.0</ele><time>2026-05-18T11:31:46Z</time></trkpt><trkpt lat="-33.3307539" lon="-70.8378364"><ele>483.0</ele><time>2026-05-18T11:31:49Z</time></trkpt><trkpt lat="-33.3317954" lon="-70.8380446"><ele>483.0</ele><time>2026-05-18T11:31:51Z</time></trkpt><trkpt lat="-33.3328368" lon="-70.8382528"><ele>483.0</ele><time>2026-05-18T11:31:53Z</time></trkpt><trkpt lat="-33.3338782" lon="-70.8384610"><ele>483.0</ele><time>2026-05-18T11:31:55Z</time></trkpt><trkpt lat="-33.3349196" lon="-70.8386692"><ele>483.0</ele><time>2026-05-18T11:31:58Z</time></trkpt><trkpt lat="-33.3359611" lon="-70.8388774"><ele>483.0</ele><time>2026-05-18T11:32:00Z</time></trkpt><trkpt lat="-33.3370025" lon="-70.8390856"><ele>483.0</ele><time>2026-05-18T11:32:02Z</time></trkpt><trkpt lat="-33.3380439" lon="-70.8392938"><ele>483.0</ele><time>2026-05-18T11:32:04Z</time></trkpt><trkpt lat="-33.3390853" lon="-70.8395021"><ele>483.0</ele><time>2026-05-18T11:32:07Z</time></trkpt><trkpt lat="-33.3401267" lon="-70.8397103"><ele>483.0</ele><time>2026-05-18T11:32:09Z</time></trkpt><trkpt lat="-33.3411682" lon="-70.8399185"><ele>483.0</ele><time>2026-05-18T11:32:11Z</time></trkpt><trkpt lat="-33.3422096" lon="-70.8401267"><ele>483.0</ele><time>2026-05-18T11:32:13Z</time></trkpt><trkpt lat="-33.3432510" lon="-70.8403349"><ele>483.0</ele><time>2026-05-18T11:32:16Z</time></trkpt><trkpt lat="-33.3442924" lon="-70.8405431"><ele>483.0</ele><time>2026-05-18T11:32:18Z</time></trkpt><trkpt lat="-33.3453339" lon="-70.8407513"><ele>483.0</ele><time>2026-05-18T11:32:20Z</time></trkpt><trkpt lat="-33.3463753" lon="-70.8409595"><ele>483.0</ele><time>2026-05-18T11:32:22Z</time></trkpt><trkpt lat="-33.3470430" lon="-70.8410976"><ele>482.6</ele><time>2026-05-18T11:32:25Z</time></trkpt><trkpt lat="-33.3477106" lon="-70.8412358"><ele>482.1</ele><time>2026-05-18T11:32:27Z</time></trkpt><trkpt lat="-33.3483783" lon="-70.8413739"><ele>481.7</ele><time>2026-05-18T11:32:29Z</time></trkpt><trkpt lat="-33.3490459" lon="-70.8415121"><ele>481.2</ele><time>2026-05-18T11:32:31Z</time></trkpt><trkpt lat="-33.3497136" lon="-70.8416502"><ele>480.8</ele><time>2026-05-18T11:32:34Z</time></trkpt><trkpt lat="-33.3503813" lon="-70.8417883"><ele>480.4</ele><time>2026-05-18T11:32:36Z</time></trkpt><trkpt lat="-33.3510489" lon="-70.8419265"><ele>479.9</ele><time>2026-05-18T11:32:38Z</time></trkpt><trkpt lat="-33.3517166" lon="-70.8420646"><ele>479.5</ele><time>2026-05-18T11:32:40Z</time></trkpt><trkpt lat="-33.3523843" lon="-70.8422027"><ele>479.1</ele><time>2026-05-18T11:32:43Z</time></trkpt><trkpt lat="-33.3530519" lon="-70.8423409"><ele>478.6</ele><time>2026-05-18T11:32:45Z</time></trkpt><trkpt lat="-33.3537196" lon="-70.8424790"><ele>478.2</ele><time>2026-05-18T11:32:47Z</time></trkpt><trkpt lat="-33.3543873" lon="-70.8426171"><ele>477.8</ele><time>2026-05-18T11:32:49Z</time></trkpt><trkpt lat="-33.3550549" lon="-70.8427553"><ele>477.3</ele><time>2026-05-18T11:32:52Z</time></trkpt><trkpt lat="-33.3557226" lon="-70.8428934"><ele>476.9</ele><time>2026-05-18T11:32:54Z</time></trkpt><trkpt lat="-33.3563902" lon="-70.8430316"><ele>476.4</ele><time>2026-05-18T11:32:56Z</time></trkpt><trkpt lat="-33.3570579" lon="-70.8431697"><ele>476.0</ele><time>2026-05-18T11:32:58Z</time></trkpt><trkpt lat="-33.3572707" lon="-70.8432133"><ele>476.1</ele><time>2026-05-18T11:33:01Z</time></trkpt><trkpt lat="-33.3574836" lon="-70.8432569"><ele>476.2</ele><time>2026-05-18T11:33:03Z</time></trkpt><trkpt lat="-33.3576964" lon="-70.8433005"><ele>476.4</ele><time>2026-05-18T11:33:05Z</time></trkpt><trkpt lat="-33.3579092" lon="-70.8433440"><ele>476.5</ele><time>2026-05-18T11:33:07Z</time></trkpt><trkpt lat="-33.3581221" lon="-70.8433876"><ele>476.6</ele><time>2026-05-18T11:33:10Z</time></trkpt><trkpt lat="-33.3583349" lon="-70.8434312"><ele>476.8</ele><time>2026-05-18T11:33:12Z</time></trkpt><trkpt lat="-33.3585477" lon="-70.8434748"><ele>476.9</ele><time>2026-05-18T11:33:14Z</time></trkpt><trkpt lat="-33.3587605" lon="-70.8435184"><ele>477.0</ele><time>2026-05-18T11:33:16Z</time></trkpt><trkpt lat="-33.3589734" lon="-70.8435620"><ele>477.1</ele><time>2026-05-18T11:33:19Z</time></trkpt><trkpt lat="-33.3591862" lon="-70.8436056"><ele>477.2</ele><time>2026-05-18T11:33:21Z</time></trkpt><trkpt lat="-33.3593990" lon="-70.8436492"><ele>477.4</ele><time>2026-05-18T11:33:23Z</time></trkpt><trkpt lat="-33.3596119" lon="-70.8436928"><ele>477.5</ele><time>2026-05-18T11:33:26Z</time></trkpt><trkpt lat="-33.3598247" lon="-70.8437363"><ele>477.6</ele><time>2026-05-18T11:33:28Z</time></trkpt><trkpt lat="-33.3600375" lon="-70.8437799"><ele>477.8</ele><time>2026-05-18T11:33:30Z</time></trkpt><trkpt lat="-33.3602504" lon="-70.8438235"><ele>477.9</ele><time>2026-05-18T11:33:32Z</time></trkpt><trkpt lat="-33.3604632" lon="-70.8438671"><ele>478.0</ele><time>2026-05-18T11:33:35Z</time></trkpt><trkpt lat="-33.3608877" lon="-70.8439549"><ele>477.8</ele><time>2026-05-18T11:33:37Z</time></trkpt><trkpt lat="-33.3613122" lon="-70.8440428"><ele>477.5</ele><time>2026-05-18T11:33:39Z</time></trkpt><trkpt lat="-33.3617367" lon="-70.8441306"><ele>477.2</ele><time>2026-05-18T11:33:41Z</time></trkpt><trkpt lat="-33.3621612" lon="-70.8442184"><ele>477.0</ele><time>2026-05-18T11:33:44Z</time></trkpt><trkpt lat="-33.3625858" lon="-70.8443063"><ele>476.8</ele><time>2026-05-18T11:33:46Z</time></trkpt><trkpt lat="-33.3630103" lon="-70.8443941"><ele>476.5</ele><time>2026-05-18T11:33:48Z</time></trkpt><trkpt lat="-33.3634348" lon="-70.8444820"><ele>476.2</ele><time>2026-05-18T11:33:50Z</time></trkpt><trkpt lat="-33.3638593" lon="-70.8445698"><ele>476.0</ele><time>2026-05-18T11:33:53Z</time></trkpt><trkpt lat="-33.3642838" lon="-70.8446576"><ele>475.8</ele><time>2026-05-18T11:33:55Z</time></trkpt><trkpt lat="-33.3647083" lon="-70.8447455"><ele>475.5</ele><time>2026-05-18T11:33:57Z</time></trkpt><trkpt lat="-33.3651328" lon="-70.8448333"><ele>475.2</ele><time>2026-05-18T11:33:59Z</time></trkpt><trkpt lat="-33.3655573" lon="-70.8449211"><ele>475.0</ele><time>2026-05-18T11:34:02Z</time></trkpt><trkpt lat="-33.3659819" lon="-70.8450090"><ele>474.8</ele><time>2026-05-18T11:34:04Z</time></trkpt><trkpt lat="-33.3664064" lon="-70.8450968"><ele>474.5</ele><time>2026-05-18T11:34:06Z</time></trkpt><trkpt lat="-33.3668309" lon="-70.8451847"><ele>474.2</ele><time>2026-05-18T11:34:08Z</time></trkpt><trkpt lat="-33.3672554" lon="-70.8452725"><ele>474.0</ele><time>2026-05-18T11:34:11Z</time></trkpt><trkpt lat="-33.3673713" lon="-70.8452866"><ele>474.0</ele><time>2026-05-18T11:34:13Z</time></trkpt><trkpt lat="-33.3674872" lon="-70.8453007"><ele>474.0</ele><time>2026-05-18T11:34:15Z</time></trkpt><trkpt lat="-33.3676032" lon="-70.8453147"><ele>474.0</ele><time>2026-05-18T11:34:17Z</time></trkpt><trkpt lat="-33.3677191" lon="-70.8453288"><ele>474.0</ele><time>2026-05-18T11:34:20Z</time></trkpt><trkpt lat="-33.3678350" lon="-70.8453429"><ele>474.0</ele><time>2026-05-18T11:34:22Z</time></trkpt><trkpt lat="-33.3679510" lon="-70.8453570"><ele>474.0</ele><time>2026-05-18T11:34:24Z</time></trkpt><trkpt lat="-33.3680669" lon="-70.8453711"><ele>474.0</ele><time>2026-05-18T11:34:26Z</time></trkpt><trkpt lat="-33.3681828" lon="-70.8453851"><ele>474.0</ele><time>2026-05-18T11:34:29Z</time></trkpt><trkpt lat="-33.3682987" lon="-70.8453992"><ele>474.0</ele><time>2026-05-18T11:34:31Z</time></trkpt><trkpt lat="-33.3684146" lon="-70.8454133"><ele>474.0</ele><time>2026-05-18T11:34:33Z</time></trkpt><trkpt lat="-33.3685306" lon="-70.8454274"><ele>474.0</ele><time>2026-05-18T11:34:35Z</time></trkpt><trkpt lat="-33.3686465" lon="-70.8454415"><ele>474.0</ele><time>2026-05-18T11:34:38Z</time></trkpt><trkpt lat="-33.3687624" lon="-70.8454556"><ele>474.0</ele><time>2026-05-18T11:34:40Z</time></trkpt><trkpt lat="-33.3688784" lon="-70.8454696"><ele>474.0</ele><time>2026-05-18T11:34:42Z</time></trkpt><trkpt lat="-33.3689943" lon="-70.8454837"><ele>474.0</ele><time>2026-05-18T11:34:44Z</time></trkpt><trkpt lat="-33.3691102" lon="-70.8454978"><ele>474.0</ele><time>2026-05-18T11:34:47Z</time></trkpt><trkpt lat="-33.3692104" lon="-70.8455246"><ele>474.0</ele><time>2026-05-18T11:34:49Z</time></trkpt><trkpt lat="-33.3693107" lon="-70.8455515"><ele>474.0</ele><time>2026-05-18T11:34:51Z</time></trkpt><trkpt lat="-33.3694109" lon="-70.8455783"><ele>474.0</ele><time>2026-05-18T11:34:53Z</time></trkpt><trkpt lat="-33.3695112" lon="-70.8456051"><ele>474.0</ele><time>2026-05-18T11:34:56Z</time></trkpt><trkpt lat="-33.3696114" lon="-70.8456319"><ele>474.0</ele><time>2026-05-18T11:34:58Z</time></trkpt><trkpt lat="-33.3697116" lon="-70.8456587"><ele>474.0</ele><time>2026-05-18T11:35:00Z</time></trkpt><trkpt lat="-33.3698119" lon="-70.8456856"><ele>474.0</ele><time>2026-05-18T11:35:02Z</time></trkpt><trkpt lat="-33.3699121" lon="-70.8457124"><ele>474.0</ele><time>2026-05-18T11:35:05Z</time></trkpt><trkpt lat="-33.3700123" lon="-70.8457392"><ele>474.0</ele><time>2026-05-18T11:35:07Z</time></trkpt><trkpt lat="-33.3701126" lon="-70.8457661"><ele>474.0</ele><time>2026-05-18T11:35:09Z</time></trkpt><trkpt lat="-33.3702128" lon="-70.8457929"><ele>474.0</ele><time>2026-05-18T11:35:11Z</time></trkpt><trkpt lat="-33.3703131" lon="-70.8458197"><ele>474.0</ele><time>2026-05-18T11:35:14Z</time></trkpt><trkpt lat="-33.3704133" lon="-70.8458465"><ele>474.0</ele><time>2026-05-18T11:35:16Z</time></trkpt><trkpt lat="-33.3705135" lon="-70.8458734"><ele>474.0</ele><time>2026-05-18T11:35:18Z</time></trkpt><trkpt lat="-33.3706138" lon="-70.8459002"><ele>474.0</ele><time>2026-05-18T11:35:20Z</time></trkpt><trkpt lat="-33.3707140" lon="-70.8459270"><ele>474.0</ele><time>2026-05-18T11:35:23Z</time></trkpt><trkpt lat="-33.3709272" lon="-70.8459699"><ele>473.9</ele><time>2026-05-18T11:35:25Z</time></trkpt><trkpt lat="-33.3711404" lon="-70.8460128"><ele>473.9</ele><time>2026-05-18T11:35:27Z</time></trkpt><trkpt lat="-33.3713536" lon="-70.8460557"><ele>473.8</ele><time>2026-05-18T11:35:29Z</time></trkpt><trkpt lat="-33.3715669" lon="-70.8460987"><ele>473.8</ele><time>2026-05-18T11:35:32Z</time></trkpt><trkpt lat="-33.3717801" lon="-70.8461416"><ele>473.7</ele><time>2026-05-18T11:35:34Z</time></trkpt><trkpt lat="-33.3719933" lon="-70.8461845"><ele>473.6</ele><time>2026-05-18T11:35:36Z</time></trkpt><trkpt lat="-33.3722065" lon="-70.8462274"><ele>473.6</ele><time>2026-05-18T11:35:38Z</time></trkpt><trkpt lat="-33.3724197" lon="-70.8462703"><ele>473.5</ele><time>2026-05-18T11:35:41Z</time></trkpt><trkpt lat="-33.3726329" lon="-70.8463132"><ele>473.4</ele><time>2026-05-18T11:35:43Z</time></trkpt><trkpt lat="-33.3728461" lon="-70.8463561"><ele>473.4</ele><time>2026-05-18T11:35:45Z</time></trkpt><trkpt lat="-33.3730593" lon="-70.8463990"><ele>473.3</ele><time>2026-05-18T11:35:47Z</time></trkpt><trkpt lat="-33.3732725" lon="-70.8464419"><ele>473.2</ele><time>2026-05-18T11:35:50Z</time></trkpt><trkpt lat="-33.3734858" lon="-70.8464849"><ele>473.2</ele><time>2026-05-18T11:35:52Z</time></trkpt><trkpt lat="-33.3736990" lon="-70.8465278"><ele>473.1</ele><time>2026-05-18T11:35:54Z</time></trkpt><trkpt lat="-33.3739122" lon="-70.8465707"><ele>473.1</ele><time>2026-05-18T11:35:56Z</time></trkpt><trkpt lat="-33.3741254" lon="-70.8466136"><ele>473.0</ele><time>2026-05-18T11:35:59Z</time></trkpt><trkpt lat="-33.3741957" lon="-70.8466275"><ele>472.9</ele><time>2026-05-18T11:36:01Z</time></trkpt><trkpt lat="-33.3742660" lon="-70.8466414"><ele>472.9</ele><time>2026-05-18T11:36:03Z</time></trkpt><trkpt lat="-33.3743362" lon="-70.8466554"><ele>472.8</ele><time>2026-05-18T11:36:05Z</time></trkpt><trkpt lat="-33.3744065" lon="-70.8466693"><ele>472.8</ele><time>2026-05-18T11:36:08Z</time></trkpt><trkpt lat="-33.3744768" lon="-70.8466832"><ele>472.7</ele><time>2026-05-18T11:36:10Z</time></trkpt><trkpt lat="-33.3745471" lon="-70.8466971"><ele>472.6</ele><time>2026-05-18T11:36:12Z</time></trkpt><trkpt lat="-33.3746174" lon="-70.8467110"><ele>472.6</ele><time>2026-05-18T11:36:14Z</time></trkpt><trkpt lat="-33.3746876" lon="-70.8467250"><ele>472.5</ele><time>2026-05-18T11:36:17Z</time></trkpt><trkpt lat="-33.3747579" lon="-70.8467389"><ele>472.4</ele><time>2026-05-18T11:36:19Z</time></trkpt><trkpt lat="-33.3748282" lon="-70.8467528"><ele>472.4</ele><time>2026-05-18T11:36:21Z</time></trkpt><trkpt lat="-33.3748985" lon="-70.8467667"><ele>472.3</ele><time>2026-05-18T11:36:23Z</time></trkpt><trkpt lat="-33.3749688" lon="-70.8467806"><ele>472.2</ele><time>2026-05-18T11:36:26Z</time></trkpt><trkpt lat="-33.3750391" lon="-70.8467945"><ele>472.2</ele><time>2026-05-18T11:36:28Z</time></trkpt><trkpt lat="-33.3751093" lon="-70.8468085"><ele>472.1</ele><time>2026-05-18T11:36:30Z</time></trkpt><trkpt lat="-33.3751796" lon="-70.8468224"><ele>472.1</ele><time>2026-05-18T11:36:32Z</time></trkpt><trkpt lat="-33.3752499" lon="-70.8468363"><ele>472.0</ele><time>2026-05-18T11:36:35Z</time></trkpt><trkpt lat="-33.3754485" lon="-70.8468779"><ele>472.1</ele><time>2026-05-18T11:36:37Z</time></trkpt><trkpt lat="-33.3756472" lon="-70.8469195"><ele>472.1</ele><time>2026-05-18T11:36:39Z</time></trkpt><trkpt lat="-33.3758458" lon="-70.8469610"><ele>472.2</ele><time>2026-05-18T11:36:41Z</time></trkpt><trkpt lat="-33.3760445" lon="-70.8470026"><ele>472.2</ele><time>2026-05-18T11:36:44Z</time></trkpt><trkpt lat="-33.3762431" lon="-70.8470442"><ele>472.3</ele><time>2026-05-18T11:36:46Z</time></trkpt><trkpt lat="-33.3764418" lon="-70.8470858"><ele>472.4</ele><time>2026-05-18T11:36:48Z</time></trkpt><trkpt lat="-33.3766404" lon="-70.8471273"><ele>472.4</ele><time>2026-05-18T11:36:50Z</time></trkpt><trkpt lat="-33.3768391" lon="-70.8471689"><ele>472.5</ele><time>2026-05-18T11:36:53Z</time></trkpt><trkpt lat="-33.3770377" lon="-70.8472105"><ele>472.6</ele><time>2026-05-18T11:36:55Z</time></trkpt><trkpt lat="-33.3772363" lon="-70.8472521"><ele>472.6</ele><time>2026-05-18T11:36:57Z</time></trkpt><trkpt lat="-33.3774350" lon="-70.8472936"><ele>472.7</ele><time>2026-05-18T11:36:59Z</time></trkpt><trkpt lat="-33.3776336" lon="-70.8473352"><ele>472.8</ele><time>2026-05-18T11:37:02Z</time></trkpt><trkpt lat="-33.3778323" lon="-70.8473768"><ele>472.8</ele><time>2026-05-18T11:37:04Z</time></trkpt><trkpt lat="-33.3780309" lon="-70.8474184"><ele>472.9</ele><time>2026-05-18T11:37:06Z</time></trkpt><trkpt lat="-33.3782296" lon="-70.8474599"><ele>472.9</ele><time>2026-05-18T11:37:08Z</time></trkpt><trkpt lat="-33.3784282" lon="-70.8475015"><ele>473.0</ele><time>2026-05-18T11:37:11Z</time></trkpt><trkpt lat="-33.3785035" lon="-70.8475157"><ele>472.9</ele><time>2026-05-18T11:37:13Z</time></trkpt><trkpt lat="-33.3785788" lon="-70.8475300"><ele>472.9</ele><time>2026-05-18T11:37:15Z</time></trkpt><trkpt lat="-33.3786541" lon="-70.8475442"><ele>472.8</ele><time>2026-05-18T11:37:17Z</time></trkpt><trkpt lat="-33.3787295" lon="-70.8475585"><ele>472.8</ele><time>2026-05-18T11:37:20Z</time></trkpt><trkpt lat="-33.3788048" lon="-70.8475727"><ele>472.7</ele><time>2026-05-18T11:37:22Z</time></trkpt><trkpt lat="-33.3788801" lon="-70.8475870"><ele>472.6</ele><time>2026-05-18T11:37:24Z</time></trkpt><trkpt lat="-33.3789554" lon="-70.8476012"><ele>472.6</ele><time>2026-05-18T11:37:26Z</time></trkpt><trkpt lat="-33.3790307" lon="-70.8476155"><ele>472.5</ele><time>2026-05-18T11:37:29Z</time></trkpt><trkpt lat="-33.3791060" lon="-70.8476297"><ele>472.4</ele><time>2026-05-18T11:37:31Z</time></trkpt><trkpt lat="-33.3791813" lon="-70.8476439"><ele>472.4</ele><time>2026-05-18T11:37:33Z</time></trkpt><trkpt lat="-33.3792566" lon="-70.8476582"><ele>472.3</ele><time>2026-05-18T11:37:35Z</time></trkpt><trkpt lat="-33.3793320" lon="-70.8476724"><ele>472.2</ele><time>2026-05-18T11:37:38Z</time></trkpt><trkpt lat="-33.3794073" lon="-70.8476867"><ele>472.2</ele><time>2026-05-18T11:37:40Z</time></trkpt><trkpt lat="-33.3794826" lon="-70.8477009"><ele>472.1</ele><time>2026-05-18T11:37:42Z</time></trkpt><trkpt lat="-33.3795579" lon="-70.8477152"><ele>472.1</ele><time>2026-05-18T11:37:44Z</time></trkpt><trkpt lat="-33.3796332" lon="-70.8477294"><ele>472.0</ele><time>2026-05-18T11:37:47Z</time></trkpt><trkpt lat="-33.3796706" lon="-70.8477380"><ele>472.0</ele><time>2026-05-18T11:37:49Z</time></trkpt><trkpt lat="-33.3797079" lon="-70.8477465"><ele>472.0</ele><time>2026-05-18T11:37:51Z</time></trkpt><trkpt lat="-33.3797453" lon="-70.8477551"><ele>472.0</ele><time>2026-05-18T11:37:53Z</time></trkpt><trkpt lat="-33.3797827" lon="-70.8477636"><ele>472.0</ele><time>2026-05-18T11:37:56Z</time></trkpt><trkpt lat="-33.3798201" lon="-70.8477721"><ele>472.0</ele><time>2026-05-18T11:37:58Z</time></trkpt><trkpt lat="-33.3798575" lon="-70.8477807"><ele>472.0</ele><time>2026-05-18T11:38:00Z</time></trkpt><trkpt lat="-33.3798948" lon="-70.8477893"><ele>472.0</ele><time>2026-05-18T11:38:02Z</time></trkpt><trkpt lat="-33.3799322" lon="-70.8477978"><ele>472.0</ele><time>2026-05-18T11:38:05Z</time></trkpt><trkpt lat="-33.3799696" lon="-70.8478063"><ele>472.0</ele><time>2026-05-18T11:38:07Z</time></trkpt><trkpt lat="-33.3800069" lon="-70.8478149"><ele>472.0</ele><time>2026-05-18T11:38:09Z</time></trkpt><trkpt lat="-33.3800443" lon="-70.8478235"><ele>472.0</ele><time>2026-05-18T11:38:11Z</time></trkpt><trkpt lat="-33.3800817" lon="-70.8478320"><ele>472.0</ele><time>2026-05-18T11:38:14Z</time></trkpt><trkpt lat="-33.3801191" lon="-70.8478406"><ele>472.0</ele><time>2026-05-18T11:38:16Z</time></trkpt><trkpt lat="-33.3801565" lon="-70.8478491"><ele>472.0</ele><time>2026-05-18T11:38:18Z</time></trkpt><trkpt lat="-33.3801938" lon="-70.8478576"><ele>472.0</ele><time>2026-05-18T11:38:20Z</time></trkpt><trkpt lat="-33.3802312" lon="-70.8478662"><ele>472.0</ele><time>2026-05-18T11:38:23Z</time></trkpt><trkpt lat="-33.3802542" lon="-70.8478680"><ele>472.0</ele><time>2026-05-18T11:38:25Z</time></trkpt><trkpt lat="-33.3802771" lon="-70.8478699"><ele>472.0</ele><time>2026-05-18T11:38:27Z</time></trkpt><trkpt lat="-33.3803001" lon="-70.8478717"><ele>472.0</ele><time>2026-05-18T11:38:29Z</time></trkpt><trkpt lat="-33.3803230" lon="-70.8478736"><ele>472.0</ele><time>2026-05-18T11:38:32Z</time></trkpt><trkpt lat="-33.3803460" lon="-70.8478754"><ele>472.0</ele><time>2026-05-18T11:38:34Z</time></trkpt><trkpt lat="-33.3803689" lon="-70.8478773"><ele>472.0</ele><time>2026-05-18T11:38:36Z</time></trkpt><trkpt lat="-33.3803919" lon="-70.8478791"><ele>472.0</ele><time>2026-05-18T11:38:38Z</time></trkpt><trkpt lat="-33.3804148" lon="-70.8478809"><ele>472.0</ele><time>2026-05-18T11:38:41Z</time></trkpt><trkpt lat="-33.3804378" lon="-70.8478828"><ele>472.0</ele><time>2026-05-18T11:38:43Z</time></trkpt><trkpt lat="-33.3804608" lon="-70.8478846"><ele>472.0</ele><time>2026-05-18T11:38:45Z</time></trkpt><trkpt lat="-33.3804837" lon="-70.8478865"><ele>472.0</ele><time>2026-05-18T11:38:47Z</time></trkpt><trkpt lat="-33.3805067" lon="-70.8478883"><ele>472.0</ele><time>2026-05-18T11:38:50Z</time></trkpt><trkpt lat="-33.3805296" lon="-70.8478902"><ele>472.0</ele><time>2026-05-18T11:38:52Z</time></trkpt><trkpt lat="-33.3805526" lon="-70.8478920"><ele>472.0</ele><time>2026-05-18T11:38:54Z</time></trkpt><trkpt lat="-33.3805755" lon="-70.8478939"><ele>472.0</ele><time>2026-05-18T11:38:56Z</time></trkpt><trkpt lat="-33.3805985" lon="-70.8478957"><ele>472.0</ele><time>2026-05-18T11:38:59Z</time></trkpt><trkpt lat="-33.3806217" lon="-70.8478912"><ele>472.0</ele><time>2026-05-18T11:39:01Z</time></trkpt><trkpt lat="-33.3806450" lon="-70.8478866"><ele>472.0</ele><time>2026-05-18T11:39:03Z</time></trkpt><trkpt lat="-33.3806682" lon="-70.8478821"><ele>472.0</ele><time>2026-05-18T11:39:05Z</time></trkpt><trkpt lat="-33.3806915" lon="-70.8478776"><ele>472.0</ele><time>2026-05-18T11:39:08Z</time></trkpt><trkpt lat="-33.3807147" lon="-70.8478731"><ele>472.0</ele><time>2026-05-18T11:39:10Z</time></trkpt><trkpt lat="-33.3807379" lon="-70.8478686"><ele>472.0</ele><time>2026-05-18T11:39:12Z</time></trkpt><trkpt lat="-33.3807612" lon="-70.8478640"><ele>472.0</ele><time>2026-05-18T11:39:14Z</time></trkpt><trkpt lat="-33.3807844" lon="-70.8478595"><ele>472.0</ele><time>2026-05-18T11:39:17Z</time></trkpt><trkpt lat="-33.3808076" lon="-70.8478550"><ele>472.0</ele><time>2026-05-18T11:39:19Z</time></trkpt><trkpt lat="-33.3808309" lon="-70.8478504"><ele>472.0</ele><time>2026-05-18T11:39:21Z</time></trkpt><trkpt lat="-33.3808541" lon="-70.8478459"><ele>472.0</ele><time>2026-05-18T11:39:23Z</time></trkpt><trkpt lat="-33.3808773" lon="-70.8478414"><ele>472.0</ele><time>2026-05-18T11:39:26Z</time></trkpt><trkpt lat="-33.3809006" lon="-70.8478369"><ele>472.0</ele><time>2026-05-18T11:39:28Z</time></trkpt><trkpt lat="-33.3809238" lon="-70.8478324"><ele>472.0</ele><time>2026-05-18T11:39:30Z</time></trkpt><trkpt lat="-33.3809471" lon="-70.8478278"><ele>472.0</ele><time>2026-05-18T11:39:32Z</time></trkpt><trkpt lat="-33.3809703" lon="-70.8478233"><ele>472.0</ele><time>2026-05-18T11:39:35Z</time></trkpt><trkpt lat="-33.3809940" lon="-70.8478122"><ele>471.9</ele><time>2026-05-18T11:39:37Z</time></trkpt><trkpt lat="-33.3810176" lon="-70.8478012"><ele>471.8</ele><time>2026-05-18T11:39:39Z</time></trkpt><trkpt lat="-33.3810413" lon="-70.8477901"><ele>471.6</ele><time>2026-05-18T11:39:41Z</time></trkpt><trkpt lat="-33.3810649" lon="-70.8477790"><ele>471.5</ele><time>2026-05-18T11:39:44Z</time></trkpt><trkpt lat="-33.3810886" lon="-70.8477680"><ele>471.4</ele><time>2026-05-18T11:39:46Z</time></trkpt><trkpt lat="-33.3811122" lon="-70.8477569"><ele>471.2</ele><time>2026-05-18T11:39:48Z</time></trkpt><trkpt lat="-33.3811359" lon="-70.8477459"><ele>471.1</ele><time>2026-05-18T11:39:50Z</time></trkpt><trkpt lat="-33.3811595" lon="-70.8477348"><ele>471.0</ele><time>2026-05-18T11:39:53Z</time></trkpt><trkpt lat="-33.3811832" lon="-70.8477237"><ele>470.9</ele><time>2026-05-18T11:39:55Z</time></trkpt><trkpt lat="-33.3812069" lon="-70.8477127"><ele>470.8</ele><time>2026-05-18T11:39:57Z</time></trkpt><trkpt lat="-33.3812305" lon="-70.8477016"><ele>470.6</ele><time>2026-05-18T11:39:59Z</time></trkpt><trkpt lat="-33.3812542" lon="-70.8476905"><ele>470.5</ele><time>2026-05-18T11:40:02Z</time></trkpt><trkpt lat="-33.3812778" lon="-70.8476795"><ele>470.4</ele><time>2026-05-18T11:40:04Z</time></trkpt><trkpt lat="-33.3813015" lon="-70.8476684"><ele>470.2</ele><time>2026-05-18T11:40:06Z</time></trkpt><trkpt lat="-33.3813251" lon="-70.8476574"><ele>470.1</ele><time>2026-05-18T11:40:09Z</time></trkpt><trkpt lat="-33.3813488" lon="-70.8476463"><ele>470.0</ele><time>2026-05-18T11:40:11Z</time></trkpt><trkpt lat="-33.3813620" lon="-70.8476359"><ele>470.0</ele><time>2026-05-18T11:40:13Z</time></trkpt><trkpt lat="-33.3813751" lon="-70.8476255"><ele>470.0</ele><time>2026-05-18T11:40:15Z</time></trkpt><trkpt lat="-33.3813883" lon="-70.8476151"><ele>470.0</ele><time>2026-05-18T11:40:18Z</time></trkpt><trkpt lat="-33.3814014" lon="-70.8476047"><ele>470.0</ele><time>2026-05-18T11:40:20Z</time></trkpt><trkpt lat="-33.3814146" lon="-70.8475943"><ele>470.0</ele><time>2026-05-18T11:40:22Z</time></trkpt><trkpt lat="-33.3814278" lon="-70.8475839"><ele>470.0</ele><time>2026-05-18T11:40:24Z</time></trkpt><trkpt lat="-33.3814409" lon="-70.8475735"><ele>470.0</ele><time>2026-05-18T11:40:27Z</time></trkpt><trkpt lat="-33.3814541" lon="-70.8475631"><ele>470.0</ele><time>2026-05-18T11:40:29Z</time></trkpt><trkpt lat="-33.3814673" lon="-70.8475528"><ele>470.0</ele><time>2026-05-18T11:40:31Z</time></trkpt><trkpt lat="-33.3814804" lon="-70.8475424"><ele>470.0</ele><time>2026-05-18T11:40:33Z</time></trkpt><trkpt lat="-33.3814936" lon="-70.8475320"><ele>470.0</ele><time>2026-05-18T11:40:36Z</time></trkpt><trkpt lat="-33.3815067" lon="-70.8475216"><ele>470.0</ele><time>2026-05-18T11:40:38Z</time></trkpt><trkpt lat="-33.3815199" lon="-70.8475112"><ele>470.0</ele><time>2026-05-18T11:40:40Z</time></trkpt><trkpt lat="-33.3815331" lon="-70.8475008"><ele>470.0</ele><time>2026-05-18T11:40:42Z</time></trkpt><trkpt lat="-33.3815462" lon="-70.8474904"><ele>470.0</ele><time>2026-05-18T11:40:45Z</time></trkpt><trkpt lat="-33.3815594" lon="-70.8474800"><ele>470.0</ele><time>2026-05-18T11:40:47Z</time></trkpt><trkpt lat="-33.3815724" lon="-70.8474654"><ele>470.0</ele><time>2026-05-18T11:40:49Z</time></trkpt><trkpt lat="-33.3815854" lon="-70.8474508"><ele>470.0</ele><time>2026-05-18T11:40:51Z</time></trkpt><trkpt lat="-33.3815985" lon="-70.8474362"><ele>470.0</ele><time>2026-05-18T11:40:54Z</time></trkpt><trkpt lat="-33.3816115" lon="-70.8474217"><ele>470.0</ele><time>2026-05-18T11:40:56Z</time></trkpt><trkpt lat="-33.3816245" lon="-70.8474071"><ele>470.0</ele><time>2026-05-18T11:40:58Z</time></trkpt><trkpt lat="-33.3816375" lon="-70.8473925"><ele>470.0</ele><time>2026-05-18T11:41:00Z</time></trkpt><trkpt lat="-33.3816505" lon="-70.8473779"><ele>470.0</ele><time>2026-05-18T11:41:03Z</time></trkpt><trkpt lat="-33.3816635" lon="-70.8473633"><ele>470.0</ele><time>2026-05-18T11:41:05Z</time></trkpt><trkpt lat="-33.3816766" lon="-70.8473487"><ele>470.0</ele><time>2026-05-18T11:41:07Z</time></trkpt><trkpt lat="-33.3816896" lon="-70.8473341"><ele>470.0</ele><time>2026-05-18T11:41:09Z</time></trkpt><trkpt lat="-33.3817026" lon="-70.8473195"><ele>470.0</ele><time>2026-05-18T11:41:12Z</time></trkpt><trkpt lat="-33.3817156" lon="-70.8473050"><ele>470.0</ele><time>2026-05-18T11:41:14Z</time></trkpt><trkpt lat="-33.3817286" lon="-70.8472904"><ele>470.0</ele><time>2026-05-18T11:41:16Z</time></trkpt><trkpt lat="-33.3817417" lon="-70.8472758"><ele>470.0</ele><time>2026-05-18T11:41:18Z</time></trkpt><trkpt lat="-33.3817547" lon="-70.8472612"><ele>470.0</ele><time>2026-05-18T11:41:21Z</time></trkpt><trkpt lat="-33.3817677" lon="-70.8472466"><ele>470.0</ele><time>2026-05-18T11:41:23Z</time></trkpt><trkpt lat="-33.3817788" lon="-70.8472253"><ele>470.0</ele><time>2026-05-18T11:41:25Z</time></trkpt><trkpt lat="-33.3817898" lon="-70.8472040"><ele>470.0</ele><time>2026-05-18T11:41:27Z</time></trkpt><trkpt lat="-33.3818009" lon="-70.8471827"><ele>470.0</ele><time>2026-05-18T11:41:30Z</time></trkpt><trkpt lat="-33.3818119" lon="-70.8471615"><ele>470.0</ele><time>2026-05-18T11:41:32Z</time></trkpt><trkpt lat="-33.3818230" lon="-70.8471402"><ele>470.0</ele><time>2026-05-18T11:41:34Z</time></trkpt><trkpt lat="-33.3818340" lon="-70.8471189"><ele>470.0</ele><time>2026-05-18T11:41:36Z</time></trkpt><trkpt lat="-33.3818451" lon="-70.8470976"><ele>470.0</ele><time>2026-05-18T11:41:39Z</time></trkpt><trkpt lat="-33.3818561" lon="-70.8470763"><ele>470.0</ele><time>2026-05-18T11:41:41Z</time></trkpt><trkpt lat="-33.3818672" lon="-70.8470550"><ele>470.0</ele><time>2026-05-18T11:41:43Z</time></trkpt><trkpt lat="-33.3818783" lon="-70.8470337"><ele>470.0</ele><time>2026-05-18T11:41:45Z</time></trkpt><trkpt lat="-33.3818893" lon="-70.8470124"><ele>470.0</ele><time>2026-05-18T11:41:48Z</time></trkpt><trkpt lat="-33.3819004" lon="-70.8469912"><ele>470.0</ele><time>2026-05-18T11:41:50Z</time></trkpt><trkpt lat="-33.3819114" lon="-70.8469699"><ele>470.0</ele><time>2026-05-18T11:41:52Z</time></trkpt><trkpt lat="-33.3819225" lon="-70.8469486"><ele>470.0</ele><time>2026-05-18T11:41:54Z</time></trkpt><trkpt lat="-33.3819335" lon="-70.8469273"><ele>470.0</ele><time>2026-05-18T11:41:57Z</time></trkpt><trkpt lat="-33.3819446" lon="-70.8469060"><ele>470.0</ele><time>2026-05-18T11:41:59Z</time></trkpt><trkpt lat="-33.3819590" lon="-70.8468701"><ele>470.0</ele><time>2026-05-18T11:42:01Z</time></trkpt><trkpt lat="-33.3819734" lon="-70.8468343"><ele>470.0</ele><time>2026-05-18T11:42:03Z</time></trkpt><trkpt lat="-33.3819879" lon="-70.8467984"><ele>470.0</ele><time>2026-05-18T11:42:06Z</time></trkpt><trkpt lat="-33.3820023" lon="-70.8467625"><ele>470.0</ele><time>2026-05-18T11:42:08Z</time></trkpt><trkpt lat="-33.3820167" lon="-70.8467266"><ele>470.0</ele><time>2026-05-18T11:42:10Z</time></trkpt><trkpt lat="-33.3820311" lon="-70.8466908"><ele>470.0</ele><time>2026-05-18T11:42:12Z</time></trkpt><trkpt lat="-33.3820455" lon="-70.8466549"><ele>470.0</ele><time>2026-05-18T11:42:15Z</time></trkpt><trkpt lat="-33.3820599" lon="-70.8466190"><ele>470.0</ele><time>2026-05-18T11:42:17Z</time></trkpt><trkpt lat="-33.3820744" lon="-70.8465831"><ele>470.0</ele><time>2026-05-18T11:42:19Z</time></trkpt><trkpt lat="-33.3820888" lon="-70.8465473"><ele>470.0</ele><time>2026-05-18T11:42:21Z</time></trkpt><trkpt lat="-33.3821032" lon="-70.8465114"><ele>470.0</ele><time>2026-05-18T11:42:24Z</time></trkpt><trkpt lat="-33.3821176" lon="-70.8464755"><ele>470.0</ele><time>2026-05-18T11:42:26Z</time></trkpt><trkpt lat="-33.3821320" lon="-70.8464396"><ele>470.0</ele><time>2026-05-18T11:42:28Z</time></trkpt><trkpt lat="-33.3821465" lon="-70.8464038"><ele>470.0</ele><time>2026-05-18T11:42:30Z</time></trkpt><trkpt lat="-33.3821609" lon="-70.8463679"><ele>470.0</ele><time>2026-05-18T11:42:33Z</time></trkpt><trkpt lat="-33.3821753" lon="-70.8463320"><ele>470.0</ele><time>2026-05-18T11:42:35Z</time></trkpt><trkpt lat="-33.3821914" lon="-70.8462842"><ele>470.2</ele><time>2026-05-18T11:42:37Z</time></trkpt><trkpt lat="-33.3822075" lon="-70.8462365"><ele>470.4</ele><time>2026-05-18T11:42:39Z</time></trkpt><trkpt lat="-33.3822236" lon="-70.8461887"><ele>470.6</ele><time>2026-05-18T11:42:42Z</time></trkpt><trkpt lat="-33.3822397" lon="-70.8461409"><ele>470.8</ele><time>2026-05-18T11:42:44Z</time></trkpt><trkpt lat="-33.3822558" lon="-70.8460931"><ele>470.9</ele><time>2026-05-18T11:42:46Z</time></trkpt><trkpt lat="-33.3822719" lon="-70.8460453"><ele>471.1</ele><time>2026-05-18T11:42:48Z</time></trkpt><trkpt lat="-33.3822880" lon="-70.8459976"><ele>471.3</ele><time>2026-05-18T11:42:51Z</time></trkpt><trkpt lat="-33.3823041" lon="-70.8459498"><ele>471.5</ele><time>2026-05-18T11:42:53Z</time></trkpt><trkpt lat="-33.3823201" lon="-70.8459020"><ele>471.7</ele><time>2026-05-18T11:42:55Z</time></trkpt><trkpt lat="-33.3823362" lon="-70.8458543"><ele>471.9</ele><time>2026-05-18T11:42:57Z</time></trkpt><trkpt lat="-33.3823523" lon="-70.8458065"><ele>472.1</ele><time>2026-05-18T11:43:00Z</time></trkpt><trkpt lat="-33.3823684" lon="-70.8457587"><ele>472.2</ele><time>2026-05-18T11:43:02Z</time></trkpt><trkpt lat="-33.3823845" lon="-70.8457109"><ele>472.4</ele><time>2026-05-18T11:43:04Z</time></trkpt><trkpt lat="-33.3824006" lon="-70.8456631"><ele>472.6</ele><time>2026-05-18T11:43:06Z</time></trkpt><trkpt lat="-33.3824167" lon="-70.8456154"><ele>472.8</ele><time>2026-05-18T11:43:09Z</time></trkpt><trkpt lat="-33.3824328" lon="-70.8455676"><ele>473.0</ele><time>2026-05-18T11:43:11Z</time></trkpt><trkpt lat="-33.3824513" lon="-70.8455282"><ele>473.0</ele><time>2026-05-18T11:43:13Z</time></trkpt><trkpt lat="-33.3824698" lon="-70.8454888"><ele>473.0</ele><time>2026-05-18T11:43:15Z</time></trkpt><trkpt lat="-33.3824882" lon="-70.8454494"><ele>473.0</ele><time>2026-05-18T11:43:18Z</time></trkpt><trkpt lat="-33.3825067" lon="-70.8454100"><ele>473.0</ele><time>2026-05-18T11:43:20Z</time></trkpt><trkpt lat="-33.3825252" lon="-70.8453706"><ele>473.0</ele><time>2026-05-18T11:43:22Z</time></trkpt><trkpt lat="-33.3825437" lon="-70.8453312"><ele>473.0</ele><time>2026-05-18T11:43:24Z</time></trkpt><trkpt lat="-33.3825622" lon="-70.8452918"><ele>473.0</ele><time>2026-05-18T11:43:27Z</time></trkpt><trkpt lat="-33.3825806" lon="-70.8452525"><ele>473.0</ele><time>2026-05-18T11:43:29Z</time></trkpt><trkpt lat="-33.3825991" lon="-70.8452131"><ele>473.0</ele><time>2026-05-18T11:43:31Z</time></trkpt><trkpt lat="-33.3826176" lon="-70.8451737"><ele>473.0</ele><time>2026-05-18T11:43:33Z</time></trkpt><trkpt lat="-33.3826361" lon="-70.8451343"><ele>473.0</ele><time>2026-05-18T11:43:36Z</time></trkpt><trkpt lat="-33.3826546" lon="-70.8450949"><ele>473.0</ele><time>2026-05-18T11:43:38Z</time></trkpt><trkpt lat="-33.3826731" lon="-70.8450555"><ele>473.0</ele><time>2026-05-18T11:43:40Z</time></trkpt><trkpt lat="-33.3826915" lon="-70.8450161"><ele>473.0</ele><time>2026-05-18T11:43:42Z</time></trkpt><trkpt lat="-33.3827100" lon="-70.8449767"><ele>473.0</ele><time>2026-05-18T11:43:45Z</time></trkpt><trkpt lat="-33.3827285" lon="-70.8449373"><ele>473.0</ele><time>2026-05-18T11:43:47Z</time></trkpt><trkpt lat="-33.3827561" lon="-70.8448939"><ele>473.0</ele><time>2026-05-18T11:43:49Z</time></trkpt><trkpt lat="-33.3827837" lon="-70.8448505"><ele>473.0</ele><time>2026-05-18T11:43:51Z</time></trkpt><trkpt lat="-33.3828112" lon="-70.8448070"><ele>473.0</ele><time>2026-05-18T11:43:54Z</time></trkpt><trkpt lat="-33.3828388" lon="-70.8447636"><ele>473.0</ele><time>2026-05-18T11:43:56Z</time></trkpt><trkpt lat="-33.3828664" lon="-70.8447202"><ele>473.0</ele><time>2026-05-18T11:43:58Z</time></trkpt><trkpt lat="-33.3828940" lon="-70.8446768"><ele>473.0</ele><time>2026-05-18T11:44:00Z</time></trkpt><trkpt lat="-33.3829215" lon="-70.8446334"><ele>473.0</ele><time>2026-05-18T11:44:03Z</time></trkpt><trkpt lat="-33.3829491" lon="-70.8445899"><ele>473.0</ele><time>2026-05-18T11:44:05Z</time></trkpt><trkpt lat="-33.3829767" lon="-70.8445465"><ele>473.0</ele><time>2026-05-18T11:44:07Z</time></trkpt><trkpt lat="-33.3830042" lon="-70.8445031"><ele>473.0</ele><time>2026-05-18T11:44:09Z</time></trkpt><trkpt lat="-33.3830318" lon="-70.8444597"><ele>473.0</ele><time>2026-05-18T11:44:12Z</time></trkpt><trkpt lat="-33.3830594" lon="-70.8444163"><ele>473.0</ele><time>2026-05-18T11:44:14Z</time></trkpt><trkpt lat="-33.3830870" lon="-70.8443729"><ele>473.0</ele><time>2026-05-18T11:44:16Z</time></trkpt><trkpt lat="-33.3831146" lon="-70.8443294"><ele>473.0</ele><time>2026-05-18T11:44:18Z</time></trkpt><trkpt lat="-33.3831421" lon="-70.8442860"><ele>473.0</ele><time>2026-05-18T11:44:21Z</time></trkpt><trkpt lat="-33.3831697" lon="-70.8442426"><ele>473.0</ele><time>2026-05-18T11:44:23Z</time></trkpt><trkpt lat="-33.3831913" lon="-70.8442139"><ele>473.0</ele><time>2026-05-18T11:44:25Z</time></trkpt><trkpt lat="-33.3832128" lon="-70.8441853"><ele>473.0</ele><time>2026-05-18T11:44:27Z</time></trkpt><trkpt lat="-33.3832344" lon="-70.8441566"><ele>473.0</ele><time>2026-05-18T11:44:30Z</time></trkpt><trkpt lat="-33.3832559" lon="-70.8441279"><ele>473.0</ele><time>2026-05-18T11:44:32Z</time></trkpt><trkpt lat="-33.3832775" lon="-70.8440993"><ele>473.0</ele><time>2026-05-18T11:44:34Z</time></trkpt><trkpt lat="-33.3832990" lon="-70.8440706"><ele>473.0</ele><time>2026-05-18T11:44:36Z</time></trkpt><trkpt lat="-33.3833206" lon="-70.8440419"><ele>473.0</ele><time>2026-05-18T11:44:39Z</time></trkpt><trkpt lat="-33.3833422" lon="-70.8440133"><ele>473.0</ele><time>2026-05-18T11:44:41Z</time></trkpt><trkpt lat="-33.3833637" lon="-70.8439846"><ele>473.0</ele><time>2026-05-18T11:44:43Z</time></trkpt><trkpt lat="-33.3833853" lon="-70.8439559"><ele>473.0</ele><time>2026-05-18T11:44:45Z</time></trkpt><trkpt lat="-33.3834068" lon="-70.8439272"><ele>473.0</ele><time>2026-05-18T11:44:48Z</time></trkpt><trkpt lat="-33.3834284" lon="-70.8438986"><ele>473.0</ele><time>2026-05-18T11:44:50Z</time></trkpt><trkpt lat="-33.3834499" lon="-70.8438699"><ele>473.0</ele><time>2026-05-18T11:44:52Z</time></trkpt><trkpt lat="-33.3834715" lon="-70.8438412"><ele>473.0</ele><time>2026-05-18T11:44:54Z</time></trkpt><trkpt lat="-33.3834930" lon="-70.8438126"><ele>473.0</ele><time>2026-05-18T11:44:57Z</time></trkpt><trkpt lat="-33.3835146" lon="-70.8437839"><ele>473.0</ele><time>2026-05-18T11:44:59Z</time></trkpt><trkpt lat="-33.3835283" lon="-70.8437629"><ele>473.1</ele><time>2026-05-18T11:45:01Z</time></trkpt><trkpt lat="-33.3835420" lon="-70.8437420"><ele>473.2</ele><time>2026-05-18T11:45:03Z</time></trkpt><trkpt lat="-33.3835558" lon="-70.8437210"><ele>473.4</ele><time>2026-05-18T11:45:06Z</time></trkpt><trkpt lat="-33.3835695" lon="-70.8437001"><ele>473.5</ele><time>2026-05-18T11:45:08Z</time></trkpt><trkpt lat="-33.3835832" lon="-70.8436791"><ele>473.6</ele><time>2026-05-18T11:45:10Z</time></trkpt><trkpt lat="-33.3835969" lon="-70.8436582"><ele>473.8</ele><time>2026-05-18T11:45:12Z</time></trkpt><trkpt lat="-33.3836106" lon="-70.8436372"><ele>473.9</ele><time>2026-05-18T11:45:15Z</time></trkpt><trkpt lat="-33.3836243" lon="-70.8436162"><ele>474.0</ele><time>2026-05-18T11:45:17Z</time></trkpt><trkpt lat="-33.3836381" lon="-70.8435953"><ele>474.1</ele><time>2026-05-18T11:45:19Z</time></trkpt><trkpt lat="-33.3836518" lon="-70.8435743"><ele>474.2</ele><time>2026-05-18T11:45:21Z</time></trkpt><trkpt lat="-33.3836655" lon="-70.8435534"><ele>474.4</ele><time>2026-05-18T11:45:24Z</time></trkpt><trkpt lat="-33.3836792" lon="-70.8435324"><ele>474.5</ele><time>2026-05-18T11:45:26Z</time></trkpt><trkpt lat="-33.3836929" lon="-70.8435115"><ele>474.6</ele><time>2026-05-18T11:45:28Z</time></trkpt><trkpt lat="-33.3837067" lon="-70.8434905"><ele>474.8</ele><time>2026-05-18T11:45:30Z</time></trkpt><trkpt lat="-33.3837204" lon="-70.8434696"><ele>474.9</ele><time>2026-05-18T11:45:33Z</time></trkpt><trkpt lat="-33.3837341" lon="-70.8434486"><ele>475.0</ele><time>2026-05-18T11:45:35Z</time></trkpt><trkpt lat="-33.3837494" lon="-70.8434116"><ele>475.0</ele><time>2026-05-18T11:45:37Z</time></trkpt><trkpt lat="-33.3837646" lon="-70.8433745"><ele>475.0</ele><time>2026-05-18T11:45:39Z</time></trkpt><trkpt lat="-33.3837799" lon="-70.8433375"><ele>475.0</ele><time>2026-05-18T11:45:42Z</time></trkpt><trkpt lat="-33.3837951" lon="-70.8433004"><ele>475.0</ele><time>2026-05-18T11:45:44Z</time></trkpt><trkpt lat="-33.3838104" lon="-70.8432634"><ele>475.0</ele><time>2026-05-18T11:45:46Z</time></trkpt><trkpt lat="-33.3838256" lon="-70.8432263"><ele>475.0</ele><time>2026-05-18T11:45:48Z</time></trkpt><trkpt lat="-33.3838409" lon="-70.8431893"><ele>475.0</ele><time>2026-05-18T11:45:51Z</time></trkpt><trkpt lat="-33.3838561" lon="-70.8431523"><ele>475.0</ele><time>2026-05-18T11:45:53Z</time></trkpt><trkpt lat="-33.3838714" lon="-70.8431152"><ele>475.0</ele><time>2026-05-18T11:45:55Z</time></trkpt><trkpt lat="-33.3838867" lon="-70.8430782"><ele>475.0</ele><time>2026-05-18T11:45:57Z</time></trkpt><trkpt lat="-33.3839019" lon="-70.8430411"><ele>475.0</ele><time>2026-05-18T11:46:00Z</time></trkpt><trkpt lat="-33.3839172" lon="-70.8430041"><ele>475.0</ele><time>2026-05-18T11:46:02Z</time></trkpt><trkpt lat="-33.3839324" lon="-70.8429670"><ele>475.0</ele><time>2026-05-18T11:46:04Z</time></trkpt><trkpt lat="-33.3839477" lon="-70.8429300"><ele>475.0</ele><time>2026-05-18T11:46:06Z</time></trkpt><trkpt lat="-33.3839629" lon="-70.8428929"><ele>475.0</ele><time>2026-05-18T11:46:09Z</time></trkpt><trkpt lat="-33.3839782" lon="-70.8428559"><ele>475.0</ele><time>2026-05-18T11:46:11Z</time></trkpt><trkpt lat="-33.3839984" lon="-70.8428281"><ele>475.0</ele><time>2026-05-18T11:46:13Z</time></trkpt><trkpt lat="-33.3840185" lon="-70.8428002"><ele>475.0</ele><time>2026-05-18T11:46:15Z</time></trkpt><trkpt lat="-33.3840387" lon="-70.8427724"><ele>475.0</ele><time>2026-05-18T11:46:18Z</time></trkpt><trkpt lat="-33.3840588" lon="-70.8427446"><ele>475.0</ele><time>2026-05-18T11:46:20Z</time></trkpt><trkpt lat="-33.3840790" lon="-70.8427167"><ele>475.0</ele><time>2026-05-18T11:46:22Z</time></trkpt><trkpt lat="-33.3840991" lon="-70.8426889"><ele>475.0</ele><time>2026-05-18T11:46:24Z</time></trkpt><trkpt lat="-33.3841193" lon="-70.8426611"><ele>475.0</ele><time>2026-05-18T11:46:27Z</time></trkpt><trkpt lat="-33.3841394" lon="-70.8426333"><ele>475.0</ele><time>2026-05-18T11:46:29Z</time></trkpt><trkpt lat="-33.3841596" lon="-70.8426054"><ele>475.0</ele><time>2026-05-18T11:46:31Z</time></trkpt><trkpt lat="-33.3841798" lon="-70.8425776"><ele>475.0</ele><time>2026-05-18T11:46:33Z</time></trkpt><trkpt lat="-33.3841999" lon="-70.8425498"><ele>475.0</ele><time>2026-05-18T11:46:36Z</time></trkpt><trkpt lat="-33.3842201" lon="-70.8425219"><ele>475.0</ele><time>2026-05-18T11:46:38Z</time></trkpt><trkpt lat="-33.3842402" lon="-70.8424941"><ele>475.0</ele><time>2026-05-18T11:46:40Z</time></trkpt><trkpt lat="-33.3842604" lon="-70.8424663"><ele>475.0</ele><time>2026-05-18T11:46:43Z</time></trkpt><trkpt lat="-33.3842805" lon="-70.8424384"><ele>475.0</ele><time>2026-05-18T11:46:45Z</time></trkpt><trkpt lat="-33.3843007" lon="-70.8424106"><ele>475.0</ele><time>2026-05-18T11:46:47Z</time></trkpt><trkpt lat="-33.3843162" lon="-70.8424024"><ele>475.0</ele><time>2026-05-18T11:46:49Z</time></trkpt><trkpt lat="-33.3843318" lon="-70.8423942"><ele>475.0</ele><time>2026-05-18T11:46:52Z</time></trkpt><trkpt lat="-33.3843473" lon="-70.8423860"><ele>475.0</ele><time>2026-05-18T11:46:54Z</time></trkpt><trkpt lat="-33.3843629" lon="-70.8423777"><ele>475.0</ele><time>2026-05-18T11:46:56Z</time></trkpt><trkpt lat="-33.3843784" lon="-70.8423695"><ele>475.0</ele><time>2026-05-18T11:46:58Z</time></trkpt><trkpt lat="-33.3843939" lon="-70.8423613"><ele>475.0</ele><time>2026-05-18T11:47:01Z</time></trkpt><trkpt lat="-33.3844095" lon="-70.8423531"><ele>475.0</ele><time>2026-05-18T11:47:03Z</time></trkpt><trkpt lat="-33.3844250" lon="-70.8423449"><ele>475.0</ele><time>2026-05-18T11:47:05Z</time></trkpt><trkpt lat="-33.3844405" lon="-70.8423367"><ele>475.0</ele><time>2026-05-18T11:47:07Z</time></trkpt><trkpt lat="-33.3844561" lon="-70.8423285"><ele>475.0</ele><time>2026-05-18T11:47:10Z</time></trkpt><trkpt lat="-33.3844716" lon="-70.8423203"><ele>475.0</ele><time>2026-05-18T11:47:12Z</time></trkpt><trkpt lat="-33.3844871" lon="-70.8423120"><ele>475.0</ele><time>2026-05-18T11:47:14Z</time></trkpt><trkpt lat="-33.3845027" lon="-70.8423038"><ele>475.0</ele><time>2026-05-18T11:47:16Z</time></trkpt><trkpt lat="-33.3845182" lon="-70.8422956"><ele>475.0</ele><time>2026-05-18T11:47:19Z</time></trkpt><trkpt lat="-33.3845338" lon="-70.8422874"><ele>475.0</ele><time>2026-05-18T11:47:21Z</time></trkpt><trkpt lat="-33.3845493" lon="-70.8422792"><ele>475.0</ele><time>2026-05-18T11:47:23Z</time></trkpt><trkpt lat="-33.3845728" lon="-70.8422804"><ele>475.0</ele><time>2026-05-18T11:47:25Z</time></trkpt><trkpt lat="-33.3845963" lon="-70.8422815"><ele>475.0</ele><time>2026-05-18T11:47:28Z</time></trkpt><trkpt lat="-33.3846199" lon="-70.8422827"><ele>475.0</ele><time>2026-05-18T11:47:30Z</time></trkpt><trkpt lat="-33.3846434" lon="-70.8422839"><ele>475.0</ele><time>2026-05-18T11:47:32Z</time></trkpt><trkpt lat="-33.3846669" lon="-70.8422851"><ele>475.0</ele><time>2026-05-18T11:47:34Z</time></trkpt><trkpt lat="-33.3846904" lon="-70.8422863"><ele>475.0</ele><time>2026-05-18T11:47:37Z</time></trkpt><trkpt lat="-33.3847139" lon="-70.8422874"><ele>475.0</ele><time>2026-05-18T11:47:39Z</time></trkpt><trkpt lat="-33.3847375" lon="-70.8422886"><ele>475.0</ele><time>2026-05-18T11:47:41Z</time></trkpt><trkpt lat="-33.3847610" lon="-70.8422898"><ele>475.0</ele><time>2026-05-18T11:47:43Z</time></trkpt><trkpt lat="-33.3847845" lon="-70.8422909"><ele>475.0</ele><time>2026-05-18T11:47:46Z</time></trkpt><trkpt lat="-33.3848080" lon="-70.8422921"><ele>475.0</ele><time>2026-05-18T11:47:48Z</time></trkpt><trkpt lat="-33.3848315" lon="-70.8422933"><ele>475.0</ele><time>2026-05-18T11:47:50Z</time></trkpt><trkpt lat="-33.3848550" lon="-70.8422945"><ele>475.0</ele><time>2026-05-18T11:47:52Z</time></trkpt><trkpt lat="-33.3848786" lon="-70.8422956"><ele>475.0</ele><time>2026-05-18T11:47:55Z</time></trkpt><trkpt lat="-33.3849021" lon="-70.8422968"><ele>475.0</ele><time>2026-05-18T11:47:57Z</time></trkpt><trkpt lat="-33.3849256" lon="-70.8422980"><ele>475.0</ele><time>2026-05-18T11:47:59Z</time></trkpt><trkpt lat="-33.3849396" lon="-70.8423071"><ele>475.0</ele><time>2026-05-18T11:48:01Z</time></trkpt><trkpt lat="-33.3849536" lon="-70.8423161"><ele>475.0</ele><time>2026-05-18T11:48:04Z</time></trkpt><trkpt lat="-33.3849676" lon="-70.8423251"><ele>475.0</ele><time>2026-05-18T11:48:06Z</time></trkpt><trkpt lat="-33.3849816" lon="-70.8423342"><ele>475.0</ele><time>2026-05-18T11:48:08Z</time></trkpt><trkpt lat="-33.3849956" lon="-70.8423432"><ele>475.0</ele><time>2026-05-18T11:48:10Z</time></trkpt><trkpt lat="-33.3850096" lon="-70.8423523"><ele>475.0</ele><time>2026-05-18T11:48:13Z</time></trkpt><trkpt lat="-33.3850236" lon="-70.8423614"><ele>475.0</ele><time>2026-05-18T11:48:15Z</time></trkpt><trkpt lat="-33.3850375" lon="-70.8423704"><ele>475.0</ele><time>2026-05-18T11:48:17Z</time></trkpt><trkpt lat="-33.3850515" lon="-70.8423794"><ele>475.0</ele><time>2026-05-18T11:48:19Z</time></trkpt><trkpt lat="-33.3850655" lon="-70.8423885"><ele>475.0</ele><time>2026-05-18T11:48:22Z</time></trkpt><trkpt lat="-33.3850795" lon="-70.8423976"><ele>475.0</ele><time>2026-05-18T11:48:24Z</time></trkpt><trkpt lat="-33.3850935" lon="-70.8424066"><ele>475.0</ele><time>2026-05-18T11:48:26Z</time></trkpt><trkpt lat="-33.3851075" lon="-70.8424157"><ele>475.0</ele><time>2026-05-18T11:48:28Z</time></trkpt><trkpt lat="-33.3851215" lon="-70.8424247"><ele>475.0</ele><time>2026-05-18T11:48:31Z</time></trkpt><trkpt lat="-33.3851355" lon="-70.8424337"><ele>475.0</ele><time>2026-05-18T11:48:33Z</time></trkpt><trkpt lat="-33.3851495" lon="-70.8424428"><ele>475.0</ele><time>2026-05-18T11:48:35Z</time></trkpt><trkpt lat="-33.3851992" lon="-70.8425052"><ele>474.8</ele><time>2026-05-18T11:48:37Z</time></trkpt><trkpt lat="-33.3852489" lon="-70.8425675"><ele>474.5</ele><time>2026-05-18T11:48:40Z</time></trkpt><trkpt lat="-33.3852986" lon="-70.8426299"><ele>474.2</ele><time>2026-05-18T11:48:42Z</time></trkpt><trkpt lat="-33.3853483" lon="-70.8426922"><ele>474.0</ele><time>2026-05-18T11:48:44Z</time></trkpt><trkpt lat="-33.3853980" lon="-70.8427546"><ele>473.8</ele><time>2026-05-18T11:48:46Z</time></trkpt><trkpt lat="-33.3854477" lon="-70.8428170"><ele>473.5</ele><time>2026-05-18T11:48:49Z</time></trkpt><trkpt lat="-33.3854974" lon="-70.8428793"><ele>473.2</ele><time>2026-05-18T11:48:51Z</time></trkpt><trkpt lat="-33.3855470" lon="-70.8429417"><ele>473.0</ele><time>2026-05-18T11:48:53Z</time></trkpt><trkpt lat="-33.3855967" lon="-70.8430041"><ele>472.8</ele><time>2026-05-18T11:48:55Z</time></trkpt><trkpt lat="-33.3856464" lon="-70.8430664"><ele>472.5</ele><time>2026-05-18T11:48:58Z</time></trkpt><trkpt lat="-33.3856961" lon="-70.8431288"><ele>472.2</ele><time>2026-05-18T11:49:00Z</time></trkpt><trkpt lat="-33.3857458" lon="-70.8431911"><ele>472.0</ele><time>2026-05-18T11:49:02Z</time></trkpt><trkpt lat="-33.3857955" lon="-70.8432535"><ele>471.8</ele><time>2026-05-18T11:49:04Z</time></trkpt><trkpt lat="-33.3858452" lon="-70.8433159"><ele>471.5</ele><time>2026-05-18T11:49:07Z</time></trkpt><trkpt lat="-33.3858949" lon="-70.8433782"><ele>471.2</ele><time>2026-05-18T11:49:09Z</time></trkpt><trkpt lat="-33.3859446" lon="-70.8434406"><ele>471.0</ele><time>2026-05-18T11:49:11Z</time></trkpt><trkpt lat="-33.3859933" lon="-70.8434998"><ele>471.2</ele><time>2026-05-18T11:49:13Z</time></trkpt><trkpt lat="-33.3860420" lon="-70.8435589"><ele>471.4</ele><time>2026-05-18T11:49:16Z</time></trkpt><trkpt lat="-33.3860907" lon="-70.8436181"><ele>471.6</ele><time>2026-05-18T11:49:18Z</time></trkpt><trkpt lat="-33.3861395" lon="-70.8436773"><ele>471.8</ele><time>2026-05-18T11:49:20Z</time></trkpt><trkpt lat="-33.3861882" lon="-70.8437365"><ele>471.9</ele><time>2026-05-18T11:49:22Z</time></trkpt><trkpt lat="-33.3862369" lon="-70.8437957"><ele>472.1</ele><time>2026-05-18T11:49:25Z</time></trkpt><trkpt lat="-33.3862856" lon="-70.8438548"><ele>472.3</ele><time>2026-05-18T11:49:27Z</time></trkpt><trkpt lat="-33.3863343" lon="-70.8439140"><ele>472.5</ele><time>2026-05-18T11:49:29Z</time></trkpt><trkpt lat="-33.3863830" lon="-70.8439732"><ele>472.7</ele><time>2026-05-18T11:49:31Z</time></trkpt><trkpt lat="-33.3864317" lon="-70.8440323"><ele>472.9</ele><time>2026-05-18T11:49:34Z</time></trkpt><trkpt lat="-33.3864804" lon="-70.8440915"><ele>473.1</ele><time>2026-05-18T11:49:36Z</time></trkpt><trkpt lat="-33.3865292" lon="-70.8441507"><ele>473.2</ele><time>2026-05-18T11:49:38Z</time></trkpt><trkpt lat="-33.3865779" lon="-70.8442099"><ele>473.4</ele><time>2026-05-18T11:49:40Z</time></trkpt><trkpt lat="-33.3866266" lon="-70.8442691"><ele>473.6</ele><time>2026-05-18T11:49:43Z</time></trkpt><trkpt lat="-33.3866753" lon="-70.8443282"><ele>473.8</ele><time>2026-05-18T11:49:45Z</time></trkpt><trkpt lat="-33.3867240" lon="-70.8443874"><ele>474.0</ele><time>2026-05-18T11:49:47Z</time></trkpt><trkpt lat="-33.3867852" lon="-70.8444410"><ele>473.8</ele><time>2026-05-18T11:49:49Z</time></trkpt><trkpt lat="-33.3868463" lon="-70.8444947"><ele>473.5</ele><time>2026-05-18T11:49:52Z</time></trkpt><trkpt lat="-33.3869075" lon="-70.8445483"><ele>473.2</ele><time>2026-05-18T11:49:54Z</time></trkpt><trkpt lat="-33.3869687" lon="-70.8446020"><ele>473.0</ele><time>2026-05-18T11:49:56Z</time></trkpt><trkpt lat="-33.3870298" lon="-70.8446556"><ele>472.8</ele><time>2026-05-18T11:49:58Z</time></trkpt><trkpt lat="-33.3870910" lon="-70.8447093"><ele>472.5</ele><time>2026-05-18T11:50:01Z</time></trkpt><trkpt lat="-33.3871522" lon="-70.8447629"><ele>472.2</ele><time>2026-05-18T11:50:03Z</time></trkpt><trkpt lat="-33.3872133" lon="-70.8448166"><ele>472.0</ele><time>2026-05-18T11:50:05Z</time></trkpt><trkpt lat="-33.3872745" lon="-70.8448702"><ele>471.8</ele><time>2026-05-18T11:50:07Z</time></trkpt><trkpt lat="-33.3873357" lon="-70.8449238"><ele>471.5</ele><time>2026-05-18T11:50:10Z</time></trkpt><trkpt lat="-33.3873969" lon="-70.8449775"><ele>471.2</ele><time>2026-05-18T11:50:12Z</time></trkpt><trkpt lat="-33.3874580" lon="-70.8450311"><ele>471.0</ele><time>2026-05-18T11:50:14Z</time></trkpt><trkpt lat="-33.3875192" lon="-70.8450848"><ele>470.8</ele><time>2026-05-18T11:50:16Z</time></trkpt><trkpt lat="-33.3875804" lon="-70.8451384"><ele>470.5</ele><time>2026-05-18T11:50:19Z</time></trkpt><trkpt lat="-33.3876415" lon="-70.8451921"><ele>470.2</ele><time>2026-05-18T11:50:21Z</time></trkpt><trkpt lat="-33.3877027" lon="-70.8452457"><ele>470.0</ele><time>2026-05-18T11:50:23Z</time></trkpt><trkpt lat="-33.3879096" lon="-70.8454197"><ele>470.2</ele><time>2026-05-18T11:50:25Z</time></trkpt><trkpt lat="-33.3881164" lon="-70.8455937"><ele>470.4</ele><time>2026-05-18T11:50:28Z</time></trkpt><trkpt lat="-33.3883233" lon="-70.8457677"><ele>470.6</ele><time>2026-05-18T11:50:30Z</time></trkpt><trkpt lat="-33.3885302" lon="-70.8459418"><ele>470.8</ele><time>2026-05-18T11:50:32Z</time></trkpt><trkpt lat="-33.3887371" lon="-70.8461158"><ele>470.9</ele><time>2026-05-18T11:50:34Z</time></trkpt><trkpt lat="-33.3889439" lon="-70.8462898"><ele>471.1</ele><time>2026-05-18T11:50:37Z</time></trkpt><trkpt lat="-33.3891508" lon="-70.8464638"><ele>471.3</ele><time>2026-05-18T11:50:39Z</time></trkpt><trkpt lat="-33.3893577" lon="-70.8466378"><ele>471.5</ele><time>2026-05-18T11:50:41Z</time></trkpt><trkpt lat="-33.3895646" lon="-70.8468118"><ele>471.7</ele><time>2026-05-18T11:50:43Z</time></trkpt><trkpt lat="-33.3897714" lon="-70.8469858"><ele>471.9</ele><time>2026-05-18T11:50:46Z</time></trkpt><trkpt lat="-33.3899783" lon="-70.8471598"><ele>472.1</ele><time>2026-05-18T11:50:48Z</time></trkpt><trkpt lat="-33.3901852" lon="-70.8473338"><ele>472.2</ele><time>2026-05-18T11:50:50Z</time></trkpt><trkpt lat="-33.3903921" lon="-70.8475079"><ele>472.4</ele><time>2026-05-18T11:50:52Z</time></trkpt><trkpt lat="-33.3905989" lon="-70.8476819"><ele>472.6</ele><time>2026-05-18T11:50:55Z</time></trkpt><trkpt lat="-33.3908058" lon="-70.8478559"><ele>472.8</ele><time>2026-05-18T11:50:57Z</time></trkpt><trkpt lat="-33.3910127" lon="-70.8480299"><ele>473.0</ele><time>2026-05-18T11:50:59Z</time></trkpt><trkpt lat="-33.3909741" lon="-70.8481390"><ele>473.0</ele><time>2026-05-18T11:51:01Z</time></trkpt><trkpt lat="-33.3909354" lon="-70.8482482"><ele>473.0</ele><time>2026-05-18T11:51:04Z</time></trkpt><trkpt lat="-33.3908968" lon="-70.8483573"><ele>473.0</ele><time>2026-05-18T11:51:06Z</time></trkpt><trkpt lat="-33.3908582" lon="-70.8484664"><ele>473.0</ele><time>2026-05-18T11:51:08Z</time></trkpt><trkpt lat="-33.3908195" lon="-70.8485756"><ele>473.0</ele><time>2026-05-18T11:51:10Z</time></trkpt><trkpt lat="-33.3907809" lon="-70.8486847"><ele>473.0</ele><time>2026-05-18T11:51:13Z</time></trkpt><trkpt lat="-33.3907423" lon="-70.8487938"><ele>473.0</ele><time>2026-05-18T11:51:15Z</time></trkpt><trkpt lat="-33.3907036" lon="-70.8489029"><ele>473.0</ele><time>2026-05-18T11:51:17Z</time></trkpt><trkpt lat="-33.3906650" lon="-70.8490121"><ele>473.0</ele><time>2026-05-18T11:51:19Z</time></trkpt><trkpt lat="-33.3906264" lon="-70.8491212"><ele>473.0</ele><time>2026-05-18T11:51:22Z</time></trkpt><trkpt lat="-33.3905878" lon="-70.8492303"><ele>473.0</ele><time>2026-05-18T11:51:24Z</time></trkpt><trkpt lat="-33.3905491" lon="-70.8493395"><ele>473.0</ele><time>2026-05-18T11:51:26Z</time></trkpt><trkpt lat="-33.3905105" lon="-70.8494486"><ele>473.0</ele><time>2026-05-18T11:51:28Z</time></trkpt><trkpt lat="-33.3904719" lon="-70.8495577"><ele>473.0</ele><time>2026-05-18T11:51:31Z</time></trkpt><trkpt lat="-33.3904332" lon="-70.8496669"><ele>473.0</ele><time>2026-05-18T11:51:33Z</time></trkpt><trkpt lat="-33.3903946" lon="-70.8497760"><ele>473.0</ele><time>2026-05-18T11:51:35Z</time></trkpt><trkpt lat="-33.3901039" lon="-70.8506241"><ele>472.9</ele><time>2026-05-18T11:51:37Z</time></trkpt><trkpt lat="-33.3898132" lon="-70.8514722"><ele>472.9</ele><time>2026-05-18T11:51:40Z</time></trkpt><trkpt lat="-33.3895224" lon="-70.8523202"><ele>472.8</ele><time>2026-05-18T11:51:42Z</time></trkpt><trkpt lat="-33.3892317" lon="-70.8531683"><ele>472.8</ele><time>2026-05-18T11:51:44Z</time></trkpt><trkpt lat="-33.3889410" lon="-70.8540164"><ele>472.7</ele><time>2026-05-18T11:51:46Z</time></trkpt><trkpt lat="-33.3886502" lon="-70.8548645"><ele>472.6</ele><time>2026-05-18T11:51:49Z</time></trkpt><trkpt lat="-33.3883595" lon="-70.8557126"><ele>472.6</ele><time>2026-05-18T11:51:51Z</time></trkpt><trkpt lat="-33.3880688" lon="-70.8565607"><ele>472.5</ele><time>2026-05-18T11:51:53Z</time></trkpt><trkpt lat="-33.3877781" lon="-70.8574087"><ele>472.4</ele><time>2026-05-18T11:51:55Z</time></trkpt><trkpt lat="-33.3874874" lon="-70.8582568"><ele>472.4</ele><time>2026-05-18T11:51:58Z</time></trkpt><trkpt lat="-33.3871966" lon="-70.8591049"><ele>472.3</ele><time>2026-05-18T11:52:00Z</time></trkpt><trkpt lat="-33.3869059" lon="-70.8599530"><ele>472.2</ele><time>2026-05-18T11:52:02Z</time></trkpt><trkpt lat="-33.3866152" lon="-70.8608011"><ele>472.2</ele><time>2026-05-18T11:52:04Z</time></trkpt><trkpt lat="-33.3863244" lon="-70.8616491"><ele>472.1</ele><time>2026-05-18T11:52:07Z</time></trkpt><trkpt lat="-33.3860337" lon="-70.8624972"><ele>472.1</ele><time>2026-05-18T11:52:09Z</time></trkpt><trkpt lat="-33.3857430" lon="-70.8633453"><ele>472.0</ele><time>2026-05-18T11:52:11Z</time></trkpt><trkpt lat="-33.3856929" lon="-70.8635280"><ele>472.1</ele><time>2026-05-18T11:52:13Z</time></trkpt><trkpt lat="-33.3856428" lon="-70.8637108"><ele>472.1</ele><time>2026-05-18T11:52:16Z</time></trkpt><trkpt lat="-33.3855927" lon="-70.8638935"><ele>472.2</ele><time>2026-05-18T11:52:18Z</time></trkpt><trkpt lat="-33.3855426" lon="-70.8640762"><ele>472.2</ele><time>2026-05-18T11:52:20Z</time></trkpt><trkpt lat="-33.3854925" lon="-70.8642589"><ele>472.3</ele><time>2026-05-18T11:52:22Z</time></trkpt><trkpt lat="-33.3854424" lon="-70.8644417"><ele>472.4</ele><time>2026-05-18T11:52:25Z</time></trkpt><trkpt lat="-33.3853923" lon="-70.8646244"><ele>472.4</ele><time>2026-05-18T11:52:27Z</time></trkpt><trkpt lat="-33.3853421" lon="-70.8648071"><ele>472.5</ele><time>2026-05-18T11:52:29Z</time></trkpt><trkpt lat="-33.3852920" lon="-70.8649898"><ele>472.6</ele><time>2026-05-18T11:52:31Z</time></trkpt><trkpt lat="-33.3852419" lon="-70.8651725"><ele>472.6</ele><time>2026-05-18T11:52:34Z</time></trkpt><trkpt lat="-33.3851918" lon="-70.8653553"><ele>472.7</ele><time>2026-05-18T11:52:36Z</time></trkpt><trkpt lat="-33.3851417" lon="-70.8655380"><ele>472.8</ele><time>2026-05-18T11:52:38Z</time></trkpt><trkpt lat="-33.3850916" lon="-70.8657207"><ele>472.8</ele><time>2026-05-18T11:52:40Z</time></trkpt><trkpt lat="-33.3850415" lon="-70.8659034"><ele>472.9</ele><time>2026-05-18T11:52:43Z</time></trkpt><trkpt lat="-33.3849914" lon="-70.8660862"><ele>472.9</ele><time>2026-05-18T11:52:45Z</time></trkpt><trkpt lat="-33.3849413" lon="-70.8662689"><ele>473.0</ele><time>2026-05-18T11:52:47Z</time></trkpt><trkpt lat="-33.3848733" lon="-70.8665546"><ele>473.1</ele><time>2026-05-18T11:52:49Z</time></trkpt><trkpt lat="-33.3848052" lon="-70.8668402"><ele>473.2</ele><time>2026-05-18T11:52:52Z</time></trkpt><trkpt lat="-33.3847372" lon="-70.8671259"><ele>473.4</ele><time>2026-05-18T11:52:54Z</time></trkpt><trkpt lat="-33.3846692" lon="-70.8674115"><ele>473.5</ele><time>2026-05-18T11:52:56Z</time></trkpt><trkpt lat="-33.3846011" lon="-70.8676972"><ele>473.6</ele><time>2026-05-18T11:52:58Z</time></trkpt><trkpt lat="-33.3845331" lon="-70.8679828"><ele>473.8</ele><time>2026-05-18T11:53:01Z</time></trkpt><trkpt lat="-33.3844651" lon="-70.8682685"><ele>473.9</ele><time>2026-05-18T11:53:03Z</time></trkpt><trkpt lat="-33.3843971" lon="-70.8685541"><ele>474.0</ele><time>2026-05-18T11:53:05Z</time></trkpt><trkpt lat="-33.3843290" lon="-70.8688398"><ele>474.1</ele><time>2026-05-18T11:53:07Z</time></trkpt><trkpt lat="-33.3842610" lon="-70.8691255"><ele>474.2</ele><time>2026-05-18T11:53:10Z</time></trkpt><trkpt lat="-33.3841930" lon="-70.8694111"><ele>474.4</ele><time>2026-05-18T11:53:12Z</time></trkpt><trkpt lat="-33.3841249" lon="-70.8696968"><ele>474.5</ele><time>2026-05-18T11:53:14Z</time></trkpt><trkpt lat="-33.3840569" lon="-70.8699824"><ele>474.6</ele><time>2026-05-18T11:53:16Z</time></trkpt><trkpt lat="-33.3839889" lon="-70.8702681"><ele>474.8</ele><time>2026-05-18T11:53:19Z</time></trkpt><trkpt lat="-33.3839208" lon="-70.8705537"><ele>474.9</ele><time>2026-05-18T11:53:21Z</time></trkpt><trkpt lat="-33.3838528" lon="-70.8708394"><ele>475.0</ele><time>2026-05-18T11:53:23Z</time></trkpt><trkpt lat="-33.3838559" lon="-70.8708662"><ele>475.0</ele><time>2026-05-18T11:53:26Z</time></trkpt><trkpt lat="-33.3838590" lon="-70.8708930"><ele>475.0</ele><time>2026-05-18T11:53:28Z</time></trkpt><trkpt lat="-33.3838620" lon="-70.8709199"><ele>475.0</ele><time>2026-05-18T11:53:30Z</time></trkpt><trkpt lat="-33.3838651" lon="-70.8709467"><ele>475.0</ele><time>2026-05-18T11:53:32Z</time></trkpt><trkpt lat="-33.3838682" lon="-70.8709735"><ele>475.0</ele><time>2026-05-18T11:53:35Z</time></trkpt><trkpt lat="-33.3838713" lon="-70.8710003"><ele>475.0</ele><time>2026-05-18T11:53:37Z</time></trkpt><trkpt lat="-33.3838744" lon="-70.8710271"><ele>475.0</ele><time>2026-05-18T11:53:39Z</time></trkpt><trkpt lat="-33.3838774" lon="-70.8710540"><ele>475.0</ele><time>2026-05-18T11:53:41Z</time></trkpt><trkpt lat="-33.3838805" lon="-70.8710808"><ele>475.0</ele><time>2026-05-18T11:53:44Z</time></trkpt><trkpt lat="-33.3838836" lon="-70.8711076"><ele>475.0</ele><time>2026-05-18T11:53:46Z</time></trkpt><trkpt lat="-33.3838867" lon="-70.8711344"><ele>475.0</ele><time>2026-05-18T11:53:48Z</time></trkpt><trkpt lat="-33.3838898" lon="-70.8711612"><ele>475.0</ele><time>2026-05-18T11:53:50Z</time></trkpt><trkpt lat="-33.3838929" lon="-70.8711880"><ele>475.0</ele><time>2026-05-18T11:53:53Z</time></trkpt><trkpt lat="-33.3838959" lon="-70.8712149"><ele>475.0</ele><time>2026-05-18T11:53:55Z</time></trkpt><trkpt lat="-33.3838990" lon="-70.8712417"><ele>475.0</ele><time>2026-05-18T11:53:57Z</time></trkpt><trkpt lat="-33.3839021" lon="-70.8712685"><ele>475.0</ele><time>2026-05-18T11:53:59Z</time></trkpt><trkpt lat="-33.3841952" lon="-70.8720410"><ele>475.9</ele><time>2026-05-18T11:54:02Z</time></trkpt><trkpt lat="-33.3844883" lon="-70.8728134"><ele>476.8</ele><time>2026-05-18T11:54:04Z</time></trkpt><trkpt lat="-33.3847814" lon="-70.8735859"><ele>477.6</ele><time>2026-05-18T11:54:06Z</time></trkpt><trkpt lat="-33.3850745" lon="-70.8743584"><ele>478.5</ele><time>2026-05-18T11:54:08Z</time></trkpt><trkpt lat="-33.3853676" lon="-70.8751309"><ele>479.4</ele><time>2026-05-18T11:54:11Z</time></trkpt><trkpt lat="-33.3856607" lon="-70.8759034"><ele>480.2</ele><time>2026-05-18T11:54:13Z</time></trkpt><trkpt lat="-33.3859538" lon="-70.8766758"><ele>481.1</ele><time>2026-05-18T11:54:15Z</time></trkpt><trkpt lat="-33.3862470" lon="-70.8774483"><ele>482.0</ele><time>2026-05-18T11:54:17Z</time></trkpt><trkpt lat="-33.3865401" lon="-70.8782208"><ele>482.9</ele><time>2026-05-18T11:54:20Z</time></trkpt><trkpt lat="-33.3868332" lon="-70.8789932"><ele>483.8</ele><time>2026-05-18T11:54:22Z</time></trkpt><trkpt lat="-33.3871263" lon="-70.8797657"><ele>484.6</ele><time>2026-05-18T11:54:24Z</time></trkpt><trkpt lat="-33.3874194" lon="-70.8805382"><ele>485.5</ele><time>2026-05-18T11:54:26Z</time></trkpt><trkpt lat="-33.3877125" lon="-70.8813107"><ele>486.4</ele><time>2026-05-18T11:54:29Z</time></trkpt><trkpt lat="-33.3880056" lon="-70.8820831"><ele>487.2</ele><time>2026-05-18T11:54:31Z</time></trkpt><trkpt lat="-33.3882987" lon="-70.8828556"><ele>488.1</ele><time>2026-05-18T11:54:33Z</time></trkpt><trkpt lat="-33.3885918" lon="-70.8836281"><ele>489.0</ele><time>2026-05-18T11:54:35Z</time></trkpt><trkpt lat="-33.3886085" lon="-70.8836234"><ele>489.0</ele><time>2026-05-18T11:54:38Z</time></trkpt><trkpt lat="-33.3886251" lon="-70.8836187"><ele>489.0</ele><time>2026-05-18T11:54:40Z</time></trkpt><trkpt lat="-33.3886418" lon="-70.8836140"><ele>489.0</ele><time>2026-05-18T11:54:42Z</time></trkpt><trkpt lat="-33.3886584" lon="-70.8836093"><ele>489.0</ele><time>2026-05-18T11:54:44Z</time></trkpt><trkpt lat="-33.3886751" lon="-70.8836046"><ele>489.0</ele><time>2026-05-18T11:54:47Z</time></trkpt><trkpt lat="-33.3886917" lon="-70.8835999"><ele>489.0</ele><time>2026-05-18T11:54:49Z</time></trkpt><trkpt lat="-33.3887084" lon="-70.8835952"><ele>489.0</ele><time>2026-05-18T11:54:51Z</time></trkpt><trkpt lat="-33.3887251" lon="-70.8835906"><ele>489.0</ele><time>2026-05-18T11:54:53Z</time></trkpt><trkpt lat="-33.3887417" lon="-70.8835859"><ele>489.0</ele><time>2026-05-18T11:54:56Z</time></trkpt><trkpt lat="-33.3887584" lon="-70.8835812"><ele>489.0</ele><time>2026-05-18T11:54:58Z</time></trkpt><trkpt lat="-33.3887750" lon="-70.8835765"><ele>489.0</ele><time>2026-05-18T11:55:00Z</time></trkpt><trkpt lat="-33.3887917" lon="-70.8835718"><ele>489.0</ele><time>2026-05-18T11:55:02Z</time></trkpt><trkpt lat="-33.3888083" lon="-70.8835671"><ele>489.0</ele><time>2026-05-18T11:55:05Z</time></trkpt><trkpt lat="-33.3888250" lon="-70.8835624"><ele>489.0</ele><time>2026-05-18T11:55:07Z</time></trkpt><trkpt lat="-33.3888416" lon="-70.8835577"><ele>489.0</ele><time>2026-05-18T11:55:09Z</time></trkpt><trkpt lat="-33.3888583" lon="-70.8835530"><ele>489.0</ele><time>2026-05-18T11:55:11Z</time></trkpt><trkpt lat="-33.3892239" lon="-70.8834818"><ele>489.0</ele><time>2026-05-18T11:55:14Z</time></trkpt><trkpt lat="-33.3895895" lon="-70.8834105"><ele>489.0</ele><time>2026-05-18T11:55:16Z</time></trkpt><trkpt lat="-33.3899551" lon="-70.8833393"><ele>489.0</ele><time>2026-05-18T11:55:18Z</time></trkpt><trkpt lat="-33.3903206" lon="-70.8832680"><ele>489.0</ele><time>2026-05-18T11:55:20Z</time></trkpt><trkpt lat="-33.3906862" lon="-70.8831968"><ele>489.0</ele><time>2026-05-18T11:55:23Z</time></trkpt><trkpt lat="-33.3910518" lon="-70.8831255"><ele>489.0</ele><time>2026-05-18T11:55:25Z</time></trkpt><trkpt lat="-33.3914174" lon="-70.8830543"><ele>489.0</ele><time>2026-05-18T11:55:27Z</time></trkpt><trkpt lat="-33.3917830" lon="-70.8829831"><ele>489.0</ele><time>2026-05-18T11:55:29Z</time></trkpt><trkpt lat="-33.3921486" lon="-70.8829118"><ele>489.0</ele><time>2026-05-18T11:55:32Z</time></trkpt><trkpt lat="-33.3925142" lon="-70.8828406"><ele>489.0</ele><time>2026-05-18T11:55:34Z</time></trkpt><trkpt lat="-33.3928798" lon="-70.8827693"><ele>489.0</ele><time>2026-05-18T11:55:36Z</time></trkpt><trkpt lat="-33.3932454" lon="-70.8826981"><ele>489.0</ele><time>2026-05-18T11:55:38Z</time></trkpt><trkpt lat="-33.3936109" lon="-70.8826268"><ele>489.0</ele><time>2026-05-18T11:55:41Z</time></trkpt><trkpt lat="-33.3939765" lon="-70.8825556"><ele>489.0</ele><time>2026-05-18T11:55:43Z</time></trkpt><trkpt lat="-33.3943421" lon="-70.8824843"><ele>489.0</ele><time>2026-05-18T11:55:45Z</time></trkpt><trkpt lat="-33.3947077" lon="-70.8824131"><ele>489.0</ele><time>2026-05-18T11:55:47Z</time></trkpt><trkpt lat="-33.3947350" lon="-70.8824149"><ele>489.0</ele><time>2026-05-18T11:55:50Z</time></trkpt><trkpt lat="-33.3947623" lon="-70.8824168"><ele>489.0</ele><time>2026-05-18T11:55:52Z</time></trkpt><trkpt lat="-33.3947896" lon="-70.8824186"><ele>489.0</ele><time>2026-05-18T11:55:54Z</time></trkpt><trkpt lat="-33.3948169" lon="-70.8824205"><ele>489.0</ele><time>2026-05-18T11:55:56Z</time></trkpt><trkpt lat="-33.3948442" lon="-70.8824223"><ele>489.0</ele><time>2026-05-18T11:55:59Z</time></trkpt><trkpt lat="-33.3948715" lon="-70.8824242"><ele>489.0</ele><time>2026-05-18T11:56:01Z</time></trkpt><trkpt lat="-33.3948988" lon="-70.8824260"><ele>489.0</ele><time>2026-05-18T11:56:03Z</time></trkpt><trkpt lat="-33.3949260" lon="-70.8824278"><ele>489.0</ele><time>2026-05-18T11:56:05Z</time></trkpt><trkpt lat="-33.3949533" lon="-70.8824297"><ele>489.0</ele><time>2026-05-18T11:56:08Z</time></trkpt><trkpt lat="-33.3949806" lon="-70.8824315"><ele>489.0</ele><time>2026-05-18T11:56:10Z</time></trkpt><trkpt lat="-33.3950079" lon="-70.8824334"><ele>489.0</ele><time>2026-05-18T11:56:12Z</time></trkpt><trkpt lat="-33.3950352" lon="-70.8824352"><ele>489.0</ele><time>2026-05-18T11:56:14Z</time></trkpt><trkpt lat="-33.3950625" lon="-70.8824371"><ele>489.0</ele><time>2026-05-18T11:56:17Z</time></trkpt><trkpt lat="-33.3950898" lon="-70.8824389"><ele>489.0</ele><time>2026-05-18T11:56:19Z</time></trkpt><trkpt lat="-33.3951171" lon="-70.8824408"><ele>489.0</ele><time>2026-05-18T11:56:21Z</time></trkpt><trkpt lat="-33.3951444" lon="-70.8824426"><ele>489.0</ele><time>2026-05-18T11:56:23Z</time></trkpt><trkpt lat="-33.3951591" lon="-70.8824451"><ele>489.0</ele><time>2026-05-18T11:56:26Z</time></trkpt><trkpt lat="-33.3951738" lon="-70.8824476"><ele>489.0</ele><time>2026-05-18T11:56:28Z</time></trkpt><trkpt lat="-33.3951885" lon="-70.8824501"><ele>489.0</ele><time>2026-05-18T11:56:30Z</time></trkpt><trkpt lat="-33.3952032" lon="-70.8824527"><ele>489.0</ele><time>2026-05-18T11:56:32Z</time></trkpt><trkpt lat="-33.3952179" lon="-70.8824552"><ele>489.0</ele><time>2026-05-18T11:56:35Z</time></trkpt><trkpt lat="-33.3952326" lon="-70.8824577"><ele>489.0</ele><time>2026-05-18T11:56:37Z</time></trkpt><trkpt lat="-33.3952473" lon="-70.8824602"><ele>489.0</ele><time>2026-05-18T11:56:39Z</time></trkpt><trkpt lat="-33.3952619" lon="-70.8824627"><ele>489.0</ele><time>2026-05-18T11:56:41Z</time></trkpt><trkpt lat="-33.3952766" lon="-70.8824652"><ele>489.0</ele><time>2026-05-18T11:56:44Z</time></trkpt><trkpt lat="-33.3952913" lon="-70.8824677"><ele>489.0</ele><time>2026-05-18T11:56:46Z</time></trkpt><trkpt lat="-33.3953060" lon="-70.8824702"><ele>489.0</ele><time>2026-05-18T11:56:48Z</time></trkpt><trkpt lat="-33.3953207" lon="-70.8824728"><ele>489.0</ele><time>2026-05-18T11:56:50Z</time></trkpt><trkpt lat="-33.3953354" lon="-70.8824753"><ele>489.0</ele><time>2026-05-18T11:56:53Z</time></trkpt><trkpt lat="-33.3953501" lon="-70.8824778"><ele>489.0</ele><time>2026-05-18T11:56:55Z</time></trkpt><trkpt lat="-33.3953648" lon="-70.8824803"><ele>489.0</ele><time>2026-05-18T11:56:57Z</time></trkpt><trkpt lat="-33.3953795" lon="-70.8824828"><ele>489.0</ele><time>2026-05-18T11:56:59Z</time></trkpt><trkpt lat="-33.3956573" lon="-70.8825401"><ele>489.1</ele><time>2026-05-18T11:57:02Z</time></trkpt><trkpt lat="-33.3959351" lon="-70.8825975"><ele>489.1</ele><time>2026-05-18T11:57:04Z</time></trkpt><trkpt lat="-33.3962129" lon="-70.8826548"><ele>489.2</ele><time>2026-05-18T11:57:06Z</time></trkpt><trkpt lat="-33.3964907" lon="-70.8827121"><ele>489.2</ele><time>2026-05-18T11:57:08Z</time></trkpt><trkpt lat="-33.3967686" lon="-70.8827695"><ele>489.3</ele><time>2026-05-18T11:57:11Z</time></trkpt><trkpt lat="-33.3970464" lon="-70.8828268"><ele>489.4</ele><time>2026-05-18T11:57:13Z</time></trkpt><trkpt lat="-33.3973242" lon="-70.8828841"><ele>489.4</ele><time>2026-05-18T11:57:15Z</time></trkpt><trkpt lat="-33.3976020" lon="-70.8829415"><ele>489.5</ele><time>2026-05-18T11:57:17Z</time></trkpt><trkpt lat="-33.3978798" lon="-70.8829988"><ele>489.6</ele><time>2026-05-18T11:57:20Z</time></trkpt><trkpt lat="-33.3981576" lon="-70.8830561"><ele>489.6</ele><time>2026-05-18T11:57:22Z</time></trkpt><trkpt lat="-33.3984354" lon="-70.8831134"><ele>489.7</ele><time>2026-05-18T11:57:24Z</time></trkpt><trkpt lat="-33.3987133" lon="-70.8831708"><ele>489.8</ele><time>2026-05-18T11:57:26Z</time></trkpt><trkpt lat="-33.3989911" lon="-70.8832281"><ele>489.8</ele><time>2026-05-18T11:57:29Z</time></trkpt><trkpt lat="-33.3992689" lon="-70.8832854"><ele>489.9</ele><time>2026-05-18T11:57:31Z</time></trkpt><trkpt lat="-33.3995467" lon="-70.8833428"><ele>489.9</ele><time>2026-05-18T11:57:33Z</time></trkpt><trkpt lat="-33.3998245" lon="-70.8834001"><ele>490.0</ele><time>2026-05-18T11:57:35Z</time></trkpt><trkpt lat="-33.3998136" lon="-70.8837662"><ele>490.6</ele><time>2026-05-18T11:57:38Z</time></trkpt><trkpt lat="-33.3998027" lon="-70.8841324"><ele>491.2</ele><time>2026-05-18T11:57:40Z</time></trkpt><trkpt lat="-33.3997918" lon="-70.8844985"><ele>491.9</ele><time>2026-05-18T11:57:42Z</time></trkpt><trkpt lat="-33.3997808" lon="-70.8848646"><ele>492.5</ele><time>2026-05-18T11:57:44Z</time></trkpt><trkpt lat="-33.3997699" lon="-70.8852307"><ele>493.1</ele><time>2026-05-18T11:57:47Z</time></trkpt><trkpt lat="-33.3997590" lon="-70.8855968"><ele>493.8</ele><time>2026-05-18T11:57:49Z</time></trkpt><trkpt lat="-33.3997481" lon="-70.8859630"><ele>494.4</ele><time>2026-05-18T11:57:51Z</time></trkpt><trkpt lat="-33.3997372" lon="-70.8863291"><ele>495.0</ele><time>2026-05-18T11:57:53Z</time></trkpt><trkpt lat="-33.3997263" lon="-70.8866952"><ele>495.6</ele><time>2026-05-18T11:57:56Z</time></trkpt><trkpt lat="-33.3997154" lon="-70.8870614"><ele>496.2</ele><time>2026-05-18T11:57:58Z</time></trkpt><trkpt lat="-33.3997045" lon="-70.8874275"><ele>496.9</ele><time>2026-05-18T11:58:00Z</time></trkpt><trkpt lat="-33.3996936" lon="-70.8877936"><ele>497.5</ele><time>2026-05-18T11:58:02Z</time></trkpt><trkpt lat="-33.3996826" lon="-70.8881597"><ele>498.1</ele><time>2026-05-18T11:58:05Z</time></trkpt><trkpt lat="-33.3996717" lon="-70.8885259"><ele>498.8</ele><time>2026-05-18T11:58:07Z</time></trkpt><trkpt lat="-33.3996608" lon="-70.8888920"><ele>499.4</ele><time>2026-05-18T11:58:09Z</time></trkpt><trkpt lat="-33.3996499" lon="-70.8892581"><ele>500.0</ele><time>2026-05-18T11:58:11Z</time></trkpt><trkpt lat="-33.3996409" lon="-70.8895899"><ele>500.9</ele><time>2026-05-18T11:58:14Z</time></trkpt><trkpt lat="-33.3996320" lon="-70.8899216"><ele>501.8</ele><time>2026-05-18T11:58:16Z</time></trkpt><trkpt lat="-33.3996230" lon="-70.8902534"><ele>502.6</ele><time>2026-05-18T11:58:18Z</time></trkpt><trkpt lat="-33.3996141" lon="-70.8905851"><ele>503.5</ele><time>2026-05-18T11:58:20Z</time></trkpt><trkpt lat="-33.3996051" lon="-70.8909169"><ele>504.4</ele><time>2026-05-18T11:58:23Z</time></trkpt><trkpt lat="-33.3995962" lon="-70.8912486"><ele>505.2</ele><time>2026-05-18T11:58:25Z</time></trkpt><trkpt lat="-33.3995872" lon="-70.8915804"><ele>506.1</ele><time>2026-05-18T11:58:27Z</time></trkpt><trkpt lat="-33.3995783" lon="-70.8919121"><ele>507.0</ele><time>2026-05-18T11:58:29Z</time></trkpt><trkpt lat="-33.3995693" lon="-70.8922439"><ele>507.9</ele><time>2026-05-18T11:58:32Z</time></trkpt><trkpt lat="-33.3995603" lon="-70.8925757"><ele>508.8</ele><time>2026-05-18T11:58:34Z</time></trkpt><trkpt lat="-33.3995514" lon="-70.8929074"><ele>509.6</ele><time>2026-05-18T11:58:36Z</time></trkpt><trkpt lat="-33.3995424" lon="-70.8932392"><ele>510.5</ele><time>2026-05-18T11:58:38Z</time></trkpt><trkpt lat="-33.3995335" lon="-70.8935709"><ele>511.4</ele><time>2026-05-18T11:58:41Z</time></trkpt><trkpt lat="-33.3995245" lon="-70.8939027"><ele>512.2</ele><time>2026-05-18T11:58:43Z</time></trkpt><trkpt lat="-33.3995156" lon="-70.8942344"><ele>513.1</ele><time>2026-05-18T11:58:45Z</time></trkpt><trkpt lat="-33.3995066" lon="-70.8945662"><ele>514.0</ele><time>2026-05-18T11:58:47Z</time></trkpt><trkpt lat="-33.3994937" lon="-70.8949726"><ele>515.4</ele><time>2026-05-18T11:58:50Z</time></trkpt><trkpt lat="-33.3994808" lon="-70.8953789"><ele>516.9</ele><time>2026-05-18T11:58:52Z</time></trkpt><trkpt lat="-33.3994680" lon="-70.8957853"><ele>518.3</ele><time>2026-05-18T11:58:54Z</time></trkpt><trkpt lat="-33.3994551" lon="-70.8961916"><ele>519.8</ele><time>2026-05-18T11:58:56Z</time></trkpt><trkpt lat="-33.3994422" lon="-70.8965980"><ele>521.2</ele><time>2026-05-18T11:58:59Z</time></trkpt><trkpt lat="-33.3994293" lon="-70.8970043"><ele>522.6</ele><time>2026-05-18T11:59:01Z</time></trkpt><trkpt lat="-33.3994164" lon="-70.8974107"><ele>524.1</ele><time>2026-05-18T11:59:03Z</time></trkpt><trkpt lat="-33.3994036" lon="-70.8978171"><ele>525.5</ele><time>2026-05-18T11:59:05Z</time></trkpt><trkpt lat="-33.3993907" lon="-70.8982234"><ele>526.9</ele><time>2026-05-18T11:59:08Z</time></trkpt><trkpt lat="-33.3993778" lon="-70.8986298"><ele>528.4</ele><time>2026-05-18T11:59:10Z</time></trkpt><trkpt lat="-33.3993649" lon="-70.8990361"><ele>529.8</ele><time>2026-05-18T11:59:12Z</time></trkpt><trkpt lat="-33.3993520" lon="-70.8994425"><ele>531.2</ele><time>2026-05-18T11:59:14Z</time></trkpt><trkpt lat="-33.3993391" lon="-70.8998488"><ele>532.7</ele><time>2026-05-18T11:59:17Z</time></trkpt><trkpt lat="-33.3993263" lon="-70.9002552"><ele>534.1</ele><time>2026-05-18T11:59:19Z</time></trkpt><trkpt lat="-33.3993134" lon="-70.9006615"><ele>535.6</ele><time>2026-05-18T11:59:21Z</time></trkpt><trkpt lat="-33.3993005" lon="-70.9010679"><ele>537.0</ele><time>2026-05-18T11:59:23Z</time></trkpt><trkpt lat="-33.3992983" lon="-70.9011410"><ele>537.5</ele><time>2026-05-18T11:59:26Z</time></trkpt><trkpt lat="-33.3992960" lon="-70.9012141"><ele>538.0</ele><time>2026-05-18T11:59:28Z</time></trkpt><trkpt lat="-33.3992938" lon="-70.9012872"><ele>538.5</ele><time>2026-05-18T11:59:30Z</time></trkpt><trkpt lat="-33.3992916" lon="-70.9013602"><ele>539.0</ele><time>2026-05-18T11:59:32Z</time></trkpt><trkpt lat="-33.3992893" lon="-70.9014333"><ele>539.5</ele><time>2026-05-18T11:59:35Z</time></trkpt><trkpt lat="-33.3992871" lon="-70.9015064"><ele>540.0</ele><time>2026-05-18T11:59:37Z</time></trkpt><trkpt lat="-33.3992848" lon="-70.9015795"><ele>540.5</ele><time>2026-05-18T11:59:39Z</time></trkpt><trkpt lat="-33.3992826" lon="-70.9016526"><ele>541.0</ele><time>2026-05-18T11:59:41Z</time></trkpt><trkpt lat="-33.3992804" lon="-70.9017257"><ele>541.5</ele><time>2026-05-18T11:59:44Z</time></trkpt><trkpt lat="-33.3992781" lon="-70.9017988"><ele>542.0</ele><time>2026-05-18T11:59:46Z</time></trkpt><trkpt lat="-33.3992759" lon="-70.9018719"><ele>542.5</ele><time>2026-05-18T11:59:48Z</time></trkpt><trkpt lat="-33.3992737" lon="-70.9019450"><ele>543.0</ele><time>2026-05-18T11:59:50Z</time></trkpt><trkpt lat="-33.3992714" lon="-70.9020180"><ele>543.5</ele><time>2026-05-18T11:59:53Z</time></trkpt><trkpt lat="-33.3992692" lon="-70.9020911"><ele>544.0</ele><time>2026-05-18T11:59:55Z</time></trkpt><trkpt lat="-33.3992669" lon="-70.9021642"><ele>544.5</ele><time>2026-05-18T11:59:57Z</time></trkpt><trkpt lat="-33.3992647" lon="-70.9022373"><ele>545.0</ele><time>2026-05-18T11:59:59Z</time></trkpt></trkseg></trk><metadata><time>2026-05-18T09:00:00Z</time></metadata></gpx>